Streamer_ID,Nombre
1,Rubius
2,Knekro
3,Ibai
4,Kingsleague
5,Mixwell
6,Djmariio
7,Illojuan
8,Elxokas
9,Elmariana
10,Auronplay
11,Juansguarnizo
12,Martinciriook
13,Quackitytoo
14,Peereira7
15,Dolcedasousa
16,Gerardromero
17,Spursito
18,Alondrissa
19,Rivers_gg
20,Telefe
21,Agustinunaplay8
22,Aldo_geo
23,Alexelcapo
24,Thegrefg
25,Werlyb
26,Nissaxter
27,Tomateking
28,Reventxz
29,Poloteli
30,Sergiofferra
31,Alanalarana
32,Desst3
33,Damonbairdgears
34,Nexxuz
35,Revenant
36,Elded
37,Dolcedasousad
38,Lvpes
39,Juntaurgentee
40,Putupau
41,Fullmalcolm
42,Crystalmolly
43,Baitybait
44,Deusamir
45,Soypan
46,Roxasorg13th
47,Kingsleagueamericas
48,Agustabell212
49,Sirmaza
50,Roier
51,Diariomarca
52,Menostrece
53,Starwraith
54,Th3antonio
55,Imantado
56,B0rja
57,Zeling
58,Mym_alkapone
59,Mictia00
60,Josedeodo
61,Elchiringuitotv
62,Crackheber
63,Toniki
64,Cacho01
65,Rubenmartinweb
66,M2cg
67,Horcus
68,Alexcampu4
69,Nataliamx
70,Folagorlives
71,Snoodyboo
72,Staryuuki
73,El_reymo12
74,Vegetta777
75,Send0o
76,Carola
77,Jujalag
78,Twtawpine
79,Esportmaniacos
80,Silithur
81,Vickypalami
82,Mfreak00
83,Farfadoxvevo
84,Chavo8tv
85,Toadamarillo
86,Elbokeron
87,Jimrsng
88,Skain
89,Luzu_tv
90,Kerios
91,Franluque10
92,El_yuste
93,Polispol1
94,Quesadacid
95,Elyihi
96,Fullreacciones_
97,Ijenzlive
98,Llunaclark
99,Rickyedit
100,Xparga
101,Jaimemellado_
102,Nezumivy
103,Shinchancastellano_247
104,Guibelreviewslive
105,Agentemaxo
106,Reudigruediger
107,Akuasmr
108,Valorant_la
109,Pituherranz
110,Esb_dota2
111,Eltronokl
112,Jpeidro
113,Bystaxx
114,Cristaltv13
115,Cuevanatv
116,Tvander
117,Nilojeda
118,Viizzzm
119,Hitboxking
120,Trebor
121,Cuevana3tv
122,Marioreyes22
123,Hd_latino
124,Arrozydesgracias
125,Tanizen
126,Getflakked
127,金剛一起才強大
128,Xguiry
129,Aruberutomakoto
130,Alvarostorm
131,Machete_vilches
132,Japanjordi
133,Elchiringuitodirectoo
134,Futbol_fantasy
135,Nakoo_fn
136,Peliculas__engeneracion
137,Ltaespanol
138,Natalan
139,K1ng
140,Chigre
141,Warchiwar
142,Mirreytv
143,Ache
144,Safiro01
145,Olgaenvivo
146,Excojm
147,Yosoypeterg
148,Miikelmst
149,Feirlygab
150,Midudev
151,Pirutastic
152,Mariotaxi
153,Sofikimmy
154,Housefans2023
155,Milan926_
156,Lucasrojo
157,Cristianghost
158,Sirolopez56
159,Meica05
160,Srtumbao
161,Lolmechs
162,Agbin3r
163,Pattymeza
164,Ricoy
165,Paache_
166,4fungamingg
167,Reydelacity
168,Elnueveok
169,Robertocein
170,Baptistao
171,Danilg10
172,Lawlergg
173,Puntazomallorca1234
174,Reymo_lite8
175,Evangelion0
176,Valorant_es
177,Utbh_oficial
178,Xixauxas
179,Delt4forc3
180,Deqiuv
181,Themagmaboi
182,Brayitangaming27
183,Adcshiiro
184,Andreachinii
185,Pepiinero
186,Arigameplays
187,Larodrice
188,Southpark_cast
189,Homeromaxhd
190,Domiilol_
191,Taisontv
192,Kuentinlol
193,Jade
194,Mangel
195,Cheffius
196,Sadicaz
197,Aludovici
198,Miguelangelromantv
199,Renrize
200,Jelty
201,Elfedelobo
202,Recuerd0p
203,Manutegaming
204,Gmp50
205,Edgaralvarx
206,Kestico
207,Forg1
208,Damon_188
209,Noni
210,Nefariusap
211,Cesarbakertft
212,Ampeterby7
213,Werevertumorro
214,Giaantv
215,Emikukis
216,Chiringuitodejugoneshoy
217,Mrvargastv
218,Stradi
219,Viviendoenlacalle
220,Vicens
221,Cursedfiber78
222,Dragonballsuperttv
223,Razorklol
224,Telecomicslatin02
225,Tozeo
226,Littleragergirl
227,Iamcristinini
228,Ryux
229,Mundodeportivo
230,Rogercarbo11
231,Shadoune666
232,Alexcrasherss
233,Misrravb
234,Pompeyo4
235,Perxitaa
236,Opoartstudy
237,Akawonder
238,Canalquickie
239,Jugandorcriticonoficial
240,Eeveelinh
241,Juniorhealy
242,Altertimesk
243,Agorafutbol
244,Elrichmc
245,Elabrahaham
246,Cabezadehomer
247,Elreydelabalanzapa
248,Lamediainglesa
249,Santicokun
250,Letrows
251,Rubenuria_
252,Yarify
253,Cristobalgazquez
254,Relic_lol
255,Caprimint
256,Elcalvo_lol
257,1ciscoo
258,Anujbost
259,Danyfishy
260,Bersgamer
261,Sekiam
262,Yosoykkarot
263,Danielaazuaje_
264,Grenheir
265,Misspolaroid
266,Gorilon
267,Joslogx
268,Thedarkraimola
269,Maryblog
270,Reymo54
271,Natymoon
272,Peliculas_yolo50
273,Laxxuz
274,Holasoysergio1
275,Maaylen
276,Inakiangulotv
277,Flexz
278,Games4ndchill
279,Norgannonhh
280,Axozer
281,Souzacarlostv
282,Tathinoo
283,Spanishmoviestv
284,Giigiritv
285,Panpots
286,Elojoninja
287,Rene8808
288,Agente_de_familia_11
289,Universoreality_fl
290,Hawnktv
291,Elpelotasssss
292,Stepz2
293,Itsmoura
294,Peliculason01
295,Eskimalito
296,Jeyruiz
297,Pipepunk
298,Misternachoo
299,Angrodtralari
300,Whithblade
301,Supa_lol
302,Kolderiu
303,Cone1996fc
304,Juanpa10ho
305,Chiclanafriends
306,Borjapavon
307,Cartoons_cartoons_tv_2
308,Ikaoss11
309,Nenecreative
310,Mrferruzca
311,Adricontreras4
312,Ekkotheneeko
313,Konogenpact
314,Mumusiraneitor
315,2025impsons
316,Stanfamily_
317,Juanicar_
318,Gonsabellla
319,Panamericanatvpe
320,Teshrak
321,Rupaula15
322,Isvolcano
323,Castellano_southpar
324,Zyfraraider
325,Holisofi
326,Hyakujin
327,Miercolas_1
328,Rodsquare
329,Marserracanta_
330,Rosdri_twitch
331,Miguelillo_rl
332,Anddriuu
333,Karchez
334,Martiinezsa
335,Chorifletes
336,Strakatv
337,Dragon_tv17
338,Train_9
339,Suja
340,Marluking_on_fire
341,Canal_5_tv
342,Mario_destroyer
343,Lossantosdeatenas
344,Lacasadelosfamososcol25
345,Byzapi
346,Goatclamp
347,Amablitz
348,Rodenasink
349,Gustavocsgoyt
350,Betomedia
351,Charliebusbus
352,Pausenpaii
353,Fahhkies
354,Victor21ylla
355,Shinchancastellano24h
356,Dsimons
357,Tanna
358,Tore1005
359,Nebu_lst
360,Qtevo
361,Erispheria
362,Pokemonmaxhd
363,X9nium
364,Feeckz
365,Ggsantome
366,Pokealexvgc
367,Cahos_gaming
368,Dgo_latam
369,Ernesbarbeq
370,Heikki360es
371,Playermakertv
372,Puntodeportivotv
373,Eneninn
374,Iaguirregabiria
375,Rocketstreetlive
376,Donluckymx
377,Theakaleina
378,Paulthintv
379,Mrkeroro10
380,Agoweno23
381,Lordfertech
382,Beniju03
383,Cabolo
384,Gamstergaming
385,Zeusnami
386,Elvirayuki
387,Giuliogg
388,Alimentacionchino
389,Rakkunvt
390,V1nchenso7
391,Zok3r
392,Latesitoo
393,Chapulincoloradotvx
394,Lapoblet
395,Srserpiente
396,Kapo_013_barcelona
397,Caradechiste
398,Evilcele
399,Joejoystick
400,Juakynen
401,Blessedstx
402,S3kox
403,Iaaras2
404,Descifrandolaguerra
405,Willyrex
406,Yosoyricklive
407,Rockstarcr
408,Mayoguiplay
409,Soyfelipez360
410,Elyayete5
411,Padredefamiliaespolatino
412,Tonolaoveja
413,Alexby11
414,Skynorio
415,Eldenguee
416,Islautaarg00
417,Caresapo
418,Steyb
419,Sramilcar
420,Capitangatoo
421,Mingod
422,Conangw
423,L0k0hgaming
424,Betacode79
425,Beatrixarias
426,Alia_asmr
427,Eltionick_tv
428,Darizard9
429,Smokeask1
430,Pandarina
431,Jackfyah
432,Sesuko
433,Ubietoo
434,Rodiksama
435,Llocochon
436,Loshombrosdepaco
437,Streamgameover
438,Davidsantos_oficial
439,Spinecard
440,Clasiquillos
441,Lagradaonline
442,Bale_gg
443,Morttimer11
444,Ilutvlive
445,Juandi_0207
446,Barcagamer
447,Soymotor
448,Chocoark1
449,Kadnita
450,Anabancr
451,Soybranflores
452,F1rediablo
453,Nolimpiopescadootv
454,Nimuvt
455,Alewang
456,Vela
457,Revolaimar
458,Arkvenger_tv
459,Luzu
460,Sajonarco
461,Sonnycc1
462,Agp1333
463,Maximocuevas
464,Deargia
465,Nickdaboom
466,Niiaraa
467,Estailus
468,Safo20_
469,Elbunkersa
470,Kendomurft
471,Friki_tv_
472,Danitaxta
473,Urbanaplayfm
474,Neamhel
475,Hika
476,P3liculas24hs
477,Televisionmxhd
478,Exatlon_mx
479,Crunchyclub
480,Soybb7
481,Nanduti1020
482,Randu
483,Mrsoki
484,Zcointv
485,Adriv3r
486,Reahofi
487,Doble
488,Macdemac
489,Horoowolf
490,Limontvpeliculas1
491,Faello1
492,Paxelol
493,Ggiirl
494,Alecchiman
495,Fher30
496,Adertyh
497,Chess24es
498,Bluecrowchanel
499,Lvpes2
500,Kaserpac
501,Springfieldfanatic
502,Bit7tv
503,Zerek
504,Donramoon_
505,Zdark
506,Mariotq
507,Ducksf5
508,Nikomfps
509,Saselandiadirectos
510,Sh4rin
511,Luisardito
512,Mi_miau
513,Arbmeis
514,Chesscomes
515,Jabiertzo
516,Universoreality_gh
517,Zephi
518,Rivanr7
519,Mentefriaykoke
520,Estebanssj111
521,Elronis_
522,Llobeti4
523,Gohuntleo
524,Baloncestoesp
525,Ahriadna
526,Comunidadfan
527,Deowasd
528,Bobicraftmc
529,Titasama
530,Cobrarrq
531,Spok_sponha
532,The_real_fer
533,Keny500
534,Tiempodejuegocope
535,Fvn_naqo
536,Lomaurii
537,Dannespino
538,Lamartina
539,Jaidefinichon
540,Nicobianchix
541,Xxxthefocusxxx
542,Taticiviello
543,Nothuman8
544,Xchronofox
545,Crisgreen
546,Babyguana
547,Viejovev0
548,Cesaroxx_
549,Telecomicslatin1
550,Houselatino
551,Linepro
552,Rociodta
553,Voltios777
554,Amir19k
555,Onexxgg
556,Zilverk
557,A24noticias
558,Tdyu97
559,Itsjxin
560,Danikongi
561,Bricens17
562,Pazos64
563,Elvisayomastercard
564,Jcorko_
565,X6flipin
566,Evapartis
567,Alicequeentm
568,12robg
569,Slick
570,Gress_g
571,Jupeson
572,Welchelas
573,Dheylo
574,Serllinogg
575,Veranodelos90
576,Metapodparapresidente
577,Escopetillasjhonson
578,7smar
579,Imbamuertes
580,Topbonusio
581,Castellano_mellamoearl
582,Kidi
583,Simpsoneado
584,Nancla3
585,Poionako
586,Stephaniemx_
587,Dilanzito
588,Elmorocho7
589,La100oficial
590,Thegodduff
591,Relyk
592,Ikiimartin
593,Sir_ragot
594,Liscid
595,Ojitoschinosx
596,Wesos
597,Elpgp1
598,Imicaelax
599,Kalathraslolweapon
600,Alliege
601,Realmadrid
602,Tutisvalentine
603,Dokamdave
604,Mahriaa
605,Soarinng
606,Skros
607,Kashcolombia
608,Alvaro710x
609,Srfufi
610,Thachrispr
611,Chapulincoloradotv
612,Papitasvt
613,Fuliyo
614,Elcanaldehomero2
615,Hipoc_cuba
616,Slobulus
617,Urbanroosters
618,Texasspecwar
619,Mercegallardo
620,Cerebrocule
621,Charlie_carrillo
622,Attila
623,Parkerstopedd
624,Xirou17
625,Ruth26k
626,Alpax
627,Reborn
628,Mariemoone
629,Woodzzii
630,Juananpb10
631,Jino_destroyer
632,Mills_rp
633,Watilive
634,Coldifiied
635,Adspro24
636,Chiringuitodiirectoss
637,Sinchyboyz
638,Josecarrasco_98
639,Ridomeyer
640,Zacko87
641,Tenux_official_
642,Carmensandwich
643,Inessone
644,Aroyitt
645,Los_amarilloshd
646,Yumanji_888
647,V2unstoppable
648,Danychant
649,Rxiirl
650,Apartidounico
651,Newgameplus
652,Softie
653,Calw1ncs
654,Almejita___
655,Carritoskami
656,Madafocker
657,Noe9977
658,Serpias
659,Komanche
660,Breakinghomer
661,Alheco
662,Elcesarone
663,Javierdeharo1961
664,Baldu
665,Pumuky
666,Negradasvlr
667,Jxcr
668,Carranco
669,Conragen
670,Peliculas_m4k
671,Mundolokotv
672,Rockg
673,Caith_sith
674,Charlitoss
675,Soylordhermoso
676,Drekzenn
677,Pboperu
678,Morphains
679,Facuasmus
680,Alexmarticiu97
681,Temocorona1
682,Envy_ez_
683,Danielft202
684,Mymtumtum69
685,Pacmanrd
686,Emilieyestephany
687,Psiconsara
688,Robpapersheet
689,Scottfdx
690,Daemonytvpeliculas4
691,Ssconexiontwitch
692,Nicolas99fc
693,Xsan
694,Angelysaras
695,Wayneonplay
696,Tommypervan
697,Ip_noticias
698,Dragonballhd1244
699,Jeyplaym
700,A3sagxx
701,Zelev_by_cv
702,Nicro4fun
703,El_reymo09
704,Extremebreaker1
705,Tyyrone
706,Irelyth
707,Lakshartnia
708,Lokotubedj
709,Barcahoy
710,Elcamacho24
711,Bluecrowreplay
712,Hecatonquiro18
713,Moxie
714,Xruubeens
715,Czzar_x
716,Josepo_90
717,David_nez
718,Borja_zazo
719,Petermosquito
720,Piedritadoctor
721,Itsmadara13
722,Markilokurasy
723,Esluki_
724,Streameruniversitario
725,Fgrav_
726,Wowcraftero
727,Nephtunie
728,Runerf
729,Ericlostie
730,Elcesarcamacho
731,Crayonvt
732,Saralyche
733,Neneefthy_
734,Lonelycat__
735,Laurafloresciencia
736,Gradywhite_
737,Berlin1077
738,Renrizevods
739,Telemetropanama
740,Flaiveth
741,Puchi_rd
742,Eldelabarrapan
743,Caliebre
744,Satanic_pe
745,Mrcarpatv
746,Imaarijo
747,Val0rantv292
748,Cryptocasinoslots
749,Bobogamesss
750,Mishifu
751,Rivotr1l
752,Luuudrml
753,Titopinha
754,Galletaa
755,Pelicxlas
756,Mrxavito
757,Kokoop
758,Espaciooscuroprofundo
759,Adamaraver
760,Micasuarez
761,Insanesqt
762,Stenk_player
763,Dafisan1
764,Rodrisofoo
765,Fervonlaiho
766,Juanssete
767,On3shot1
768,Gabrielzngg
769,Itsmidnaa
770,Naocchiuwu
771,Djlav
772,Cinefriki
773,Ozku
774,Elbiiyo
775,Atinycherry
776,Phoriaaaaa
777,Lbaini
778,Peliculasdrunk
779,Jonnijuro
780,Gabyxhd
781,Bubalooh_
782,Jordybazanplayer
783,Piezasmft
784,Kroximatuz
785,Facuuparejas
786,Naginixx
787,Simpsonsvivo01
788,Carolinyaa
789,Sebas
790,Aloksimpsons
791,Devas70
792,Mishoamoli
793,Outconsumer
794,Kelton_g
795,Kazuhiaa
796,Rangustreamer
797,Lenshus
798,Panitom16
799,Daviscraslive
800,Josefattv
801,Bbooy
802,Juanmabdo
803,Shyyf
804,Itsraikz
805,Jordillatzer
806,420tonga429
807,Speedrunsespanol
808,Elwasabitm
809,Tvdbzone
810,Arandana_
811,Soychapatv
812,Pickflixx
813,Unpakete
814,Dualviewyt
815,Estoesguerra1
816,Zellendust
817,Izunalive
818,Safiro_fk
819,Kyoplank
820,Sofig
821,Servidor221
822,El_peliculas_24hs
823,Juancuesta24h
824,Ogmeik
825,Lapizarradeandres
826,Vivirenbicicleta
827,Nikozfps
828,Elesky
829,Elreyguiri_f1
830,Kodigogg
831,Snycmaster
832,Marianalogic
833,Cell
834,Kitohhhh
835,Nacho_aoe
836,Easportsfces
837,Pokemex000
838,Elchiringuitodejugon1
839,Simpsonsfamily_
840,Niharrablue
841,Chicocartera
842,Nemezizyt
843,Dareh77
844,Erkiki
845,Mrgoblinciano
846,Abeelxo
847,Dzanderr
848,Villha_
849,Adrity355
850,Caramelooficial
851,Antoniomasmas
852,Rociovalentinaa7
853,Chiringuitoresubidos
854,Motfrais
855,Raizarevelles
856,Littlezombie
857,Alliopodcast
858,Coffetv_
859,Tiempodevideojuegosok
860,Fullhp
861,Exatlonallstar
862,Mada
863,Cirowhites
864,Wildgnomos
865,Palomasrancias
866,Selkie_
867,Sakurita2020
868,Camp_nou_now
869,Saragamingrd
870,Lenniay
871,Elquintogrande
872,Miichiwi
873,Tioshur
874,Grekko_
875,Kuiinaza
876,Pochipoom
877,Vityshow
878,Ltaespanol2
879,Televape
880,Zhotan_
881,Spdigital
882,Movierecord
883,Eurogamer_es
884,Pokemillon
885,Volcanicdogg
886,Vitacelestine_
887,Biiigtula
888,Fmokey
889,Yanya__
890,Fernasus145
891,Lsandrita
892,Dragonelspx
893,Rebeccare
894,Litchiglimmer
895,Elkevo_
896,Miquelserrano
897,Ooohsiii
898,Wr_cocheamarillo
899,Haruuuvt
900,Mattgael
901,Mayichi
902,Dtowncat
903,Megamaan
904,Nenitoo
905,Yasir
906,Dominicsantiagogears
907,Carlitus
908,Momonkunn
909,Hh676666
910,Hatakegamingmx
911,Hiperop
912,Akiira55
913,Pasteldepapas_
914,Mcadryh
915,Muchamieltv
916,Elkaigamer
917,Mikestudyclub
918,Condejorge
919,Cabravoladora
920,Claudiomichaux
921,Liannypaw_
922,83gggk8
923,Soyjodel
924,Elstronk
925,Markitonavaja
926,Goes_x
927,Znorux
928,Xariel
929,Alex_ricoy
930,Villora7
931,Monchess97
932,Soydairi
933,Generaldepie
934,Upsushi
935,Elure
936,Elena_benitez
937,Yeiyeisenpai
938,Saikomicart
939,Filisgg
940,Panthera_fps
941,Elisagalina
942,Emyi__
943,Sarayoposita
944,Zormanworld
945,Darknessmx
946,Mazino
947,Notoriuspig_
948,Gemita
949,Branuelzin
950,Kha0rz
951,Lauchita077
952,Emetsuki
953,Enoz
954,Braygg9
955,Bunnita
956,Albadubai
957,Jesucristo69x
958,Starvtuber
959,Sayhoml
960,Axionturvo2
961,Speedmonstro
962,D3stri
963,Danlok23
964,Pokerstarsespanol
965,Daemonytvpeliculas01
966,Jpablots
967,Kairem_furdragon
968,Chiches
969,Reitegrone
970,Rivers_gg_offline
971,Camilanga
972,Mateoz
973,Phobyac
974,Arlan360live
975,Feelink
976,Xlightmoonx
977,Lilybell_vt
978,Stake
979,Daliuess
980,Sat1sfayer
981,Naelith777
982,Hannapandigamer
983,Magnetikka
984,Photoracertv
985,Gordoreally
986,Andoniipm
987,Pilsen_aoe
988,Anglemar
989,Nintenchio
990,Obsessiontwitch
991,Yumb45
992,Lapeceratonta
993,Calvoconcapa106
994,Lamejorclase
995,Tayluss_twitch
996,Neckolol
997,Biancamoontes5
998,Lunaria
999,Elsrsanto
1000,Omegalaradio
1001,Rucalleja77
1002,Oskar1up
1003,Soykronosgg
1004,Bilaldelvalle
1005,Umadesho
1006,Odeszatft
1007,Nateacuiki
1008,Teamdux
1009,Pablomurox
1010,Thejuanmaseries
1011,Polo
1012,Shurahiwa
1013,Illojuanoffline
1014,Analisisparalisis
1015,Joseantonioabellan
1016,Mrzariweya
1017,Fapparamoar
1018,Faraei
1019,Saxogamingtv
1020,Gllobet25
1021,Readyplayersaico
1022,Blon_doblefilo
1023,Byprodigyx
1024,Ic0nic
1025,Resenascortas
1026,Elgamingchannel
1027,Jancoridavinci
1028,Jeffarlandia
1029,Masacr3_
1030,Mprinyt
1031,Michtaquito
1032,Jaragleif
1033,Ryumivt
1034,Mister_pok3
1035,Santipatico_
1036,Teconanita
1037,Divinecs7
1038,Fesbak
1039,Younghou
1040,Inmaqtv
1041,Vpnono
1042,Crafterlynx
1043,Melserlol
1044,Fastydubs
1045,Lavalkiria
1046,Jhocuadel
1047,Chapulincolorado_tv2
1048,Milualarconn
1049,Opanimes
1050,Bstrdd
1051,Quahoggiriritv
1052,Mainoboshi
1053,Cukijas
1054,Norrisplay
1055,Byeduarditou
1056,Florponceslots
1057,Liyonstv
1058,Anarcocapitalista12
1059,Eldantesillo
1060,Fallen_iv4
1061,Chars_eg
1062,Skrxface1
1063,Nverm44
1064,Manowartibia
1065,Gorditoprrr
1066,Elandalus
1067,Frafilter
1068,Boss__bs
1069,Ceceinfinite
1070,Taitaigamer
1071,Ckalvo
1072,Radiodatelli
1073,Juan_gzg
1074,Linvt
1075,Karmadoc
1076,Montoyatr
1077,Benedictu5
1078,Unaalienada
1079,Cacaito1_
1080,Azazins_
1081,Porcelainspruce
1082,Marciard23
1083,Suwie
1084,Elisawaves
1085,Clausinho10
1086,Hikarilof
1087,Gvanille
1088,Pandemiadigital
1089,Kernelpanic8
1090,Sebaspod_
1091,Bondi_live
1092,Masorco
1093,Vince_rp
1094,Dbzlat24
1095,Miguez01
1096,Santypa10
1097,El_promures
1098,Diario_as
1099,Dotaa912
1100,Superblazing_
1101,Bluecrowtv
1102,Xwlumpy
1103,Malevolgia
1104,Xlangelz
1105,Xkarfel
1106,Lynx_reviewer
1107,Mrsbonniie
1108,Nuvia_ouo
1109,Wolfangkillers
1110,Kramsu
1111,Fmplustv
1112,Lev_katsu
1113,Paracetamor
1114,Checoche14
1115,Nanoide
1116,Rubikyt_
1117,Erickdbz
1118,Cedrolaa
1119,Martinrgb
1120,Tetuimaster
1121,Salud_fisica_y_mental
1122,Beelce1
1123,Lagrada914
1124,Vanishedtwo
1125,Bydiegox10
1126,Atlasbcn
1127,Serneim
1128,Jhdelacruz777
1129,Apiedepuerto
1130,Andrexfi4
1131,Girlofnox
1132,Sugussusana
1133,Elultimocirculo
1134,Paradika
1135,Papisosa
1136,Mohamedzone
1137,Roxicake_gamers
1138,Dsln
1139,Oscarbrock
1140,Gemylfh96
1141,Teniie
1142,Tagliafico3
1143,Sapillopillo
1144,Ulises
1145,Orgullofrikitv
1146,Amegd
1147,Vc_angel2
1148,Asadodefaso
1149,Circuitotv
1150,Ruperto_xd2
1151,Pelispepe
1152,Jokerwashere69
1153,Trujir
1154,Soysaac
1155,Jordilmk
1156,Officialmopoz
1157,Patyamezcua
1158,Acrpokerlatam
1159,Guillosko
1160,Totakeki_
1161,Soynildo
1162,Peliculasttttv
1163,Ernesingame
1164,Zelena_argentina
1165,Nevuita
1166,Guardyval
1167,Angheloconh
1168,Xamork
1169,Tribunakl
1170,Aurigas
1171,Zeusxred
1172,Elnuevecrema
1173,Isaito0180
1174,Yairo_87
1175,Udalmeria
1176,Turrapescanov
1177,Rimembahdashit
1178,Elgarajedehache
1179,Kaadies
1180,Kulturabreakz
1181,Viperr97
1182,Vunyru
1183,Guishorro
1184,Dannilandia
1185,Champi14
1186,Xhapo_1
1187,Vera_vex
1188,Leviathan
1189,Deuzh
1190,Miriam_petricor
1191,Squirrel_tv_
1192,Pabloalbarracin
1193,Djamesg
1194,Criminalgod_
1195,Belenjurado
1196,Rubenig3
1197,Perfilraro
1198,Joeluscommunis
1199,Omenaso
1200,Chiky_fdz
1201,Jalineks
1202,Patormz_13
1203,Sephipro
1204,Aroaasmr
1205,Parrabyon
1206,Goretwitch
1207,Titi007
1208,Maticunial
1209,Aitorelcactus
1210,Vols_lol
1211,Pelozo_22
1212,Turcoserafan
1213,Mariaprimoleal
1214,El_flopik
1215,Tittoshow
1216,Juannkzz
1217,Metricar
1218,Etryh
1219,Hiogameplay
1220,Mapi_1010
1221,Vxlcom
1222,Hyliahale
1223,Arcovivt
1224,Cosasdefriki_2
1225,Pastelero_yuuta
1226,Yagopoison
1227,Jac0b0
1228,Andy_oasis
1229,Aftergameok
1230,Anthonyby10
1231,Fighters_arg
1232,Leissar
1233,Star4tv
1234,Borraskka
1235,Smallsize322
1236,Strawbxnny
1237,Gravityfalls_tv
1238,Akaliarmy
1239,Mariamateoact
1240,Tiojarston
1241,Tipitoenojado
1242,Malcom_fhd
1243,Dekaimeri
1244,Bakkhos_
1245,Moberaim
1246,2xnowel
1247,Gravesen_1
1248,Pelisquick
1249,Adalis
1250,Lazypopa
1251,Katlyne
1252,Roberto_vaquero
1253,Buckfernandez
1254,Chuymine
1255,Milarobinson
1256,Chilevisioncl
1257,Bravenika
1258,Hyunsha
1259,Florencia_natali
1260,Ivanbaoficial
1261,Hache_vkryp
1262,Blundston
1263,Vorterixok
1264,Direccioncorrecta1
1265,Gordeteefn
1266,Naocooper
1267,Foforrolgaming
1268,Hikegotime
1269,Ggreport_
1270,Apo_wow
1271,Morphosis97
1272,Fedeadz
1273,Warc247
1274,Princesita1331
1275,Hitgg
1276,Sefirotks
1277,Melvycoral
1278,Buggax
1279,Holdemhammers
1280,Itsrealmusic
1281,Erboldigital
1282,Eminatr1x
1283,Steveenriquez
1284,Kikorivera
1285,Shakotsu_vt
1286,Andreh
1287,Missing
1288,Jenniferleedj
1289,Luuucila
1290,Pandatvmx
1291,Mintydewvt
1292,Tanchancicuta
1293,Zogorotv
1294,Apiconp4stel
1295,Donquijotedlc
1296,Ag_deivi
1297,Vortix93
1298,Lazaplays
1299,Soyblecus
1300,Burrito
1301,Nicov_
1302,Moonlightdelia
1303,Zothve
1304,Navass010
1305,Mrstreamerfav
1306,Harryalexok
1307,Nanowfps
1308,Criper
1309,Gordoliv
1310,Byfliper06
1311,Luis16bits
1312,Zenkiu_87
1313,Elguanaa
1314,Lluisi
1315,Dorianfps
1316,Joquer
1317,Siempreted
1318,Ttblue_
1319,Supertradeos
1320,Mikolotv
1321,Svalive
1322,Mentesanaacl_
1323,Wrag4
1324,Shinchan_cine2
1325,Lossimpsonenlatino
1326,Soygacht
1327,Rdjavihd
1328,Gazirr
1329,Itsshayton
1330,5ro4
1331,Notperera
1332,Yerayherraan
1333,Riopaser
1334,Koregenik
1335,Lilinacchi
1336,Tqhtpodcast
1337,Eczy_20
1338,Sleepwrl
1339,Spongeetl
1340,La_tia_cosa_
1341,Criscampos_8
1342,Condesavr
1343,Shainny_
1344,Pelispedrin
1345,Sirtiki
1346,Xcamorex
1347,Protegod
1348,Mouredev
1349,N4rcoseries
1350,Mtgosalseo
1351,Zyrpesland
1352,Bob_richarson
1353,Atomik_rl
1354,Bartmaxhd
1355,Anna_chess
1356,Tirolocoo
1357,Quahoggiigiri
1358,51mp50n5
1359,Denniscyan
1360,Eljerryenvivo
1361,Animeop02
1362,Giftschlangen
1363,Wolfwason
1364,Homerosimpson02
1365,Nobukoto
1366,Juan1nn
1367,Leaosg
1368,Mordongmx
1369,Jueggingtv
1370,Tftmercenaryplayer_
1371,Feligamb77
1372,Mysticsquad_tv
1373,Sobatw
1374,Squeed88
1375,Imperiusgg
1376,Jaciitv
1377,Pedacitosdeterror
1378,Arturonoblejas
1379,Elvictorgg_
1380,Silencioshh
1381,Elpapitank
1382,Auroraatria
1383,Yugioh_lat_24h
1384,Slend00
1385,Egozetatv
1386,Papabuyer
1387,Marcavalladolid
1388,5emperador
1389,Creativoenjapon
1390,Enyus
1391,Huesoperro
1392,Elcru
1393,Leoel1
1394,Ayami2059
1395,Chinfiz
1396,Barra
1397,Eltoliin
1398,Victoriarodrgzz
1399,Unluckyxiii
1400,Servidor225
1401,Sargentocharli
1402,Muyayorp
1403,Tammy_bb
1404,Moaigr
1405,Likamili
1406,Todoeschow
1407,Cosmoking_
1408,Geraalv
1409,Ansichan
1410,Nouconcept
1411,Millymusiic
1412,Style_coc
1413,Twinqtv
1414,Selenepfi
1415,Flordelrey
1416,Meryface
1417,Chozadeevan
1418,Vetelcito01
1419,Oxxon
1420,Nununanatv
1421,Dragons_fn
1422,Franksb_
1423,Justmonado
1424,Riderencordoba
1425,Jctelevision
1426,Blurelle
1427,Frecuenciaf2p
1428,Madridhardhousemusic
1429,Kodepoet
1430,Dahvys
1431,Dysz
1432,Nxvil
1433,Pawpau
1434,Yisuskrax
1435,Su3tv
1436,Wakailee
1437,Kuraleks
1438,Zanzupp
1439,Marcopolometin2
1440,Bronzafamily
1441,Ivn__01
1442,Itskidmess
1443,Sebitaparrab
1444,Itselverduras
1445,Nautalio
1446,Kotoneasahi
1447,Leveleo
1448,Richtoscan
1449,Sofisantoss
1450,Geo_165
1451,Fyron01
1452,Sayurivt_
1453,Golyentwitch
1454,Daniel_zoom
1455,Romagallardooficial
1456,Masacrax
1457,Starboyvln
1458,Maferarpg
1459,Cricobellako
1460,Neazul_
1461,Juliettacs
1462,Shuuy
1463,Javifc
1464,4deluxemusic
1465,Josejuegaa
1466,Biscoso
1467,Tommypalmex
1468,Krishnasty
1469,144rust
1470,Soyjesss_
1471,Ohsifake
1472,Godeto
1473,Elchicha
1474,Giuliamuchi
1475,Simonvlb21
1476,Colgadisimosdelaro
1477,Namor13tv
1478,Jhinkdgs
1479,Pony0n
1480,Sin6n
1481,Kalahard_
1482,Nicocoretwitch
1483,Andariel
1484,Melichuchu
1485,Erickzya
1486,Kiirefn
1487,Trocobagulhos
1488,Byrubii9
1489,Nhkorru
1490,Elitesimpsonrun
1491,Wdywfme
1492,Anime_4ever_ttv
1493,Gotorkun
1494,Berruv
1495,Mundoandriy
1496,Pokerred
1497,Vickigaming
1498,Barreinolss
1499,Edaccor
1500,Chowdeerst
1501,Papivisen
1502,Suzu
1503,Chavoanimado_tv
1504,Ackermanl0l
1505,Pnkfacil
1506,Julimanzotti
1507,Gralou
1508,Gonzael_
1509,Josecristo_
1510,Matiasmarini
1511,Carlosdrs
1512,Jesskiu
1513,Profeandresx
1514,Miffyqt
1515,Sisqui_ssb
1516,Cousingamerstv
1517,Andreaomevoy
1518,Clottay
1519,Warlockfighters
1520,Malditacoti
1521,Losherederosdealberdi
1522,Akofena_
1523,Pumuscorhd
1524,Vaal
1525,Miligesualdo7
1526,Megustacast
1527,Gabens_
1528,Elpanaticogamer
1529,Strib
1530,Anytimeshield
1531,Savior_2021
1532,Eseleon_2
1533,Raftam80
1534,Zamuralex
1535,Opticalrr
1536,Funkyboy
1537,Godfreddy
1538,Radiocable
1539,Thealien__
1540,Diegoruzzarin
1541,Och8bits
1542,Mexicansopes
1543,Enfermosporlatimba
1544,Donangelillo
1545,Nicorobintv
1546,Bushidoyu
1547,Its_zanos
1548,Dannyled
1549,Nicolefonseca08
1550,Delamata2
1551,Homero_thompsons
1552,Gggamestw
1553,Lascosicasdejoserra
1554,Soykiuuuu
1555,Nicooaiva
1556,Koti
1557,Khandbl
1558,Sumiyadota
1559,Themaverick
1560,Martogalde
1561,Atletico_stats
1562,Brayancrazyyy
1563,Azazzelin
1564,Elsenote_
1565,Blitzhernandez
1566,Usurpas
1567,Labrujula24
1568,Ufgandres
1569,Salvatorrr_omg
1570,Comediahits
1571,Ralenedeluca
1572,Locoarts666
1573,Suga
1574,Pelis_el_peke
1575,Zimdecker
1576,Hanncitaa
1577,Laurenasimpson
1578,Bettyreaccion
1579,Castesana
1580,Laweaastral
1581,Arihessi
1582,Tentr4
1583,Entreamigos_pe
1584,Rubengisbert
1585,Profe_akimbox
1586,Jarkofn
1587,Odetthsalmon
1588,N4nnerl
1589,Luxuryusgamer
1590,Anamarreroph
1591,Nanchyhs
1592,Wendyplataa
1593,Raimakgames
1594,La_nini1993
1595,Elalonch0
1596,Mireiabesi
1597,Laqueseavecina247
1598,Sourceres
1599,Herbizida
1600,Canirdz98
1601,Chocobollos
1602,Xgriezmanplayx
1603,Barto_fumetaa
1604,Mattkeelan
1605,Nexergames
1606,Tatohaoe
1607,Fmrockandpop
1608,Julita_fortuna
1609,Tevexb
1610,Ann1ed
1611,Alwaysrosse
1612,Estebanssj112
1613,Labotelladekandor
1614,Magiaa
1615,Joanpradells
1616,Educapokertv
1617,Playymaakerr
1618,Xc3jo
1619,Ddlc5mx
1620,Blazeobg
1621,Bytrisux
1622,Queretarock
1623,Futwiz_chousita
1624,El_reymo10
1625,Luigiwrestling
1626,Elgamerviejuno
1627,Elarsam15
1628,Tense198_v2
1629,Singuuuu
1630,Foxurtv
1631,Piravision
1632,Jinsei
1633,Skynoriogames
1634,Imrosh_
1635,Mmariomendezz
1636,Ennyus_
1637,Danaelicious
1638,Alaro09
1639,John_mh_
1640,Kurxmy
1641,Rayconn
1642,Cosasmilitares
1643,Cheimitv
1644,Xjjime
1645,Gianfrancoooabate
1646,Planetasquanch
1647,Doqpelganger_qptv
1648,Anime_latino_tv
1649,Tiospector
1650,Cinematixplay
1651,Cvk_banegas
1652,Escocessl
1653,Ingridplaying
1654,Pallmanf
1655,Xv1t1nh0x
1656,Marmotasenpai
1657,Homerhigh
1658,Francogfx_
1659,Jwishbear
1660,Aizulimx
1661,Germaivan
1662,Sofffics
1663,Rallycast
1664,50host
1665,Zekeice
1666,Elgamerwicho
1667,Studywithlorca
1668,Pachi_66
1669,Unpocomasdecine
1670,Acreversion
1671,Frigoadri
1672,Winamax_es
1673,Jachifandequeen
1674,Tecnofilms
1675,Yxxnsi
1676,Xressolve
1677,Cadenamixtv
1678,Eltorcido
1679,Vickyapple
1680,Rubyqon
1681,Zinnxyz
1682,Say_guz
1683,Chorocras
1684,Lunasugoii
1685,Chainavt
1686,Kallutoz
1687,Terremotoparatodos
1688,Christiansnake
1689,3gordosb
1690,Japeruana
1691,Mastervland
1692,Alexmidiaz
1693,Mercyplaystw
1694,Niccobaby98
1695,Byuthi_
1696,Yonna
1697,Koghoul
1698,Neuramedia
1699,Amadodelmarmol
1700,Julitroz
1701,Paolaplaytv
1702,French_bleach
1703,Xtraj
1704,Porqupain
1705,Masterlasheron
1706,Sebasspeaks
1707,Pafoparasito
1708,Valenwerle
1709,Rainbow6es
1710,Gelatita
1711,Lambermann
1712,El_naranjitoo
1713,Thegamio
1714,Eloycobera
1715,Gnuwinovt
1716,Espaditasforever
1717,Kuroo_anime35
1718,Zunksoyyo
1719,Esquizofrenia_natural
1720,Cuervo
1721,Sebasslots
1722,Maulz03
1723,Ivansttv
1724,Leanomada
1725,Venus_san
1726,Adrianmarcelo_
1727,Carlosgh059
1728,Meieff
1729,Forevertcg
1730,Prismslots
1731,Peliculas_luloo
1732,Pericoalter
1733,Malcaidecr
1734,Micra
1735,Lecpkim
1736,Afychan
1737,Skittelzzs
1738,Fiireh
1739,Bunnyblasty
1740,Krykov4
1741,Chiser_02
1742,Paulaquintela
1743,Iamsandramg
1744,Minibaeee
1745,Xilekira
1746,Speekth
1747,Asl96_tv
1748,Kngmatii
1749,Botlextv
1750,Superbichoz
1751,Scarlet_4k
1752,Leiasmile
1753,Tiomachin
1754,Blessedfnk
1755,Realitymas
1756,El_mata69
1757,Ikarogatari8b
1758,Sakura_ayane
1759,Donarnoldo1
1760,Uncle_quick
1761,Javilon_golfriends
1762,Universodelreality_0
1763,Punkmacarroni
1764,Boluqueens
1765,Efias
1766,Cobay4tv
1767,Sergiopr0
1768,Elicegameplay
1769,Sinvidatv
1770,Pandroarkhanotv
1771,Dodorexy
1772,Apugeimer
1773,Lacasitadelmisterio
1774,Iitzcer0
1775,Papiblast
1776,Bg_spain_pl
1777,Cam1lalanda
1778,Sandra_tv
1779,Chacoide
1780,Viejogg
1781,Fit1nho
1782,Mafiosocrew
1783,Catalinaluzzi
1784,Elchoche7w7
1785,Showme2money
1786,Reysbullrl_
1787,H678833
1788,Rockandpoppy
1789,Thunderstrauss
1790,Pakii1337
1791,Piscola_tv
1792,Viciuslab
1793,Secriot_mcfly
1794,Limonerosb
1795,Jvindahouse
1796,Garmy
1797,Polocho65
1798,Mildrexiita
1799,Abuelo_fb
1800,Churraaaa
1801,Jazminvt
1802,Sashistica
1803,Sharonwinner
1804,Fantheqiqi
1805,Alf_espanol
1806,Kurtiustibia
1807,Armando_ouo
1808,Thegroz
1809,Lembo6
1810,Elyeyovt
1811,Nachood_
1812,Erunabura
1813,Mishigeek
1814,Silerr8
1815,Davidcasasm
1816,Meguminysugato
1817,Rulombo
1818,Daygamettv
1819,Avengersunited
1820,Intercambing_
1821,Sporting1905
1822,Sebastian2002
1823,Lordpedro96
1824,Sirwaxxl
1825,El_profedehistoria
1826,Daianacrc
1827,Yermandayz
1828,Kam1esports
1829,Auranokturna
1830,02pomyu
1831,Simplementemay
1832,Chilltv
1833,Xeno_wild
1834,Laredonda1003
1835,Paaulacg_
1836,Canal13_cl
1837,Telecomics003
1838,Pipa_arg
1839,Ayakazaphyr
1840,Idolxcharmie
1841,Galaisha
1842,Rammdrian
1843,Cyanlafurra
1844,Elsevenn
1845,Dianneriivera
1846,Petiitevt
1847,Enticonfiotv
1848,Johan_speak
1849,Valekahn
1850,Aleeeslots
1851,Pinkyrec
1852,Chesskidespanol
1853,Dobbeling
1854,Kingsamalive
1855,Zermuk
1856,Woshingooriginal
1857,Pollichris
1858,Chefenproceso
1859,Daamii_
1860,Zecadora
1861,Kiannyvv
1862,Siempre_neey
1863,Se1ya
1864,Beogamer
1865,Lukwer
1866,Mery_soldier
1867,Donchirola
1868,Soupadopas
1869,Redfalkor
1870,Huasopeek
1871,Jankorg
1872,Keri_ikehana
1873,Yosoyl3yend4
1874,Siralbertrd
1875,Katynwn
1876,Misveltre
1877,Denpride
1878,Tomasinii_
1879,Seba_oliveras
1880,Xoxy_g
1881,Katth
1882,Raptorgamesxd1
1883,Elextraordinariojonathan
1884,Peliculas_888
1885,Yuffie
1886,Rankaise
1887,Mol2u
1888,Edyssey
1889,3djuegos
1890,Peliculasdragon
1891,Wuoffisr
1892,Yi_guapo
1893,Lossimpsons015
1894,Natsuki_family
1895,아이리세계
1896,Supelpr
1897,Estacionzafiro
1898,Alondrissareaccion
1899,Pelaoanestesia
1900,Sofiiaavt
1901,Kingimpaaact_
1902,Shinigamir_12
1903,Raudex23
1904,Thedarack
1905,Tronkoficial
1906,Ignars2
1907,Eduiy16
1908,Ceuvebrokenheart
1909,Luci_chapman
1910,Giosama2
1911,Nachannel1
1912,Lucianolx29
1913,Ismanuplay
1914,Topmanias10
1915,Homerofbi
1916,Joshimalo
1917,Mjdark_angel
1918,Elmohikano_
1919,Kit_zen
1920,Lecherofett
1921,Isnedd
1922,Aris_sinpausa
1923,La_greis
1924,Veronabeux
1925,Shokyo00
1926,Hilaryartv
1927,Nektagg
1928,Yiyou8
1929,Tierwulfx
1930,Arlender21
1931,Quahooggigiri
1932,Vreksho
1933,Nnehuen
1934,Trakassinn
1935,Tonny7
1936,Usausadoremates
1937,Anerius16
1938,Yiizelda
1939,Milimansiilla
1940,Elbarcoth
1941,Elapalancao
1942,Psikonuevemil
1943,Shinon_sy
1944,Fzst_
1945,Merchi_vt
1946,Tori_gamer_py
1947,Margemaxhd
1948,Arenitaxxx
1949,Quoarine_oficial
1950,Xxvampixx07
1951,Bet_miau
1952,Schnauzer_hoff
1953,Rincontft
1954,Zebazpvd
1955,Cattashaa
1956,Soymistergamer
1957,Notmarianalogic
1958,Angelalujuria
1959,Zonasimpsons
1960,Otakunopowerstream
1961,Toxiicquiin
1962,Yoshi825
1963,Marktin
1964,Yisus86
1965,Yapurameri
1966,Rheckyem
1967,Raulderp7
1968,Alfonso_cc
1969,Gorilanerd
1970,Farikzinn9
1971,Pro24a7
1972,Gramajodb
1973,Subzerovm
1974,Roadtofir
1975,Aaronmercury
1976,Cruelty_free
1977,Vlakynn
1978,Bestia_corp
1979,Lucketo_
1980,Yugioh_espanol
1981,Elpadredomingooficial
1982,Zeritoo
1983,Justkiryy
1984,Madridismoaldia
1985,Termitobj
1986,Cstival
1987,Snepy64
1988,Maguisunshinee
1989,Billymooon
1990,Macmillanspa
1991,Rafalagoon
1992,Supremo97_
1993,Rustyk
1994,Helterhxz
1995,Elpengu07
1996,Sombra7slots
1997,Saavedra_kng
1998,Valkyfamily
1999,Lolillotv
2000,Qwermiguel
2001,Galandarx
2002,Omarosunacr
2003,Shinigamir_10
2004,Vc_angel3
2005,Detectiveconan_tv1
2006,Seriestvarg
2007,Wovencito
2008,1rafe__
2009,Ryncu
2010,Richidota2
2011,Indomable275
2012,Juancin
2013,Snacky
2014,Aylu
2015,Zeeeeeeev_
2016,Itsmemack
2017,Shilbiainu
2018,Polzka
2019,Faafiperez
2020,Soyjamiie
2021,Puketaa
2022,Ditoseadio
2023,Mmentalmess
2024,Pablotropellado
2025,Todocs2
2026,Alossito
2027,Kopurista
2028,Tsubane
2029,Ama_xinita
2030,Maresmagaming
2031,Gaditooo
2032,Liilkiing
2033,Maiderrtv
2034,Gozi1x
2035,Sisoyjairoab
2036,Jorgi_tomato
2037,Hasvik
2038,Slotscoringa
2039,Purrjectyui
2040,Vmarioneta
2041,Alvieeulabwrg
2042,Elubaman
2043,Rojankhzxr
2044,Skylane7
2045,Srevolution
2046,Eltreceok
2047,Franz963
2048,Tacolillaa
2049,Chiringuitofutbol_hd
2050,Ajaxbuilds
2051,Neyneyrio
2052,Varelabere
2053,Pablovicente
2054,Gercrack30
2055,Justframemx
2056,Rawfler
2057,Silexcarlos
2058,Amediodiaalegria
2059,Gisbanos
2060,Ibrahcorona
2061,Bigraginbull
2062,Pedrogas
2063,Marianonext
2064,Eljanojey
2065,Totisued
2066,Estanishing
2067,Kuruogg
2068,Saratail
2069,Izanleon24
2070,Thejesucristian
2071,Kidbu04
2072,Rodriguh
2073,Menendezfaya
2074,Paulaguti26
2075,Radossb
2076,Copic__
2077,Thegamermaldito
2078,Marshallflashmusic
2079,Cocora93
2080,Pinchemendoza
2081,Xirou26
2082,Nochederol
2083,Forasterogg
2084,Cocomunch
2085,Joselitosuarez_
2086,Ma_tein
2087,Balonesfuerasdh
2088,Lilicross
2089,Laelfa
2090,Zorahtw
2091,Soyeldary
2092,Emmanemses
2093,Lesder7214
2094,Sugarlenna
2095,Nightheartvt
2096,Cherryahrizona
2097,Tinargxd
2098,Zerstgaming
2099,Xmarvinzz
2100,Roddrinicolas
2101,Grifvoid
2102,Vakii96
2103,Naoww
2104,Alexzngg
2105,Facup16
2106,Estefi_inu
2107,Sirwilliam
2108,Elritmodelamanana
2109,Americatelevisionperu
2110,Evilmarshall
2111,First_mx
2112,Valenndisalvo
2113,Rioboo
2114,Catiica_
2115,Avegax
2116,Nexylzgd
2117,Mernosketitio
2118,Jonydead23
2119,Abuelo_bdo
2120,Wondergea
2121,Saiztico
2122,Annievnkr
2123,Ncroakg
2124,Lauraserky
2125,Riuxgame
2126,Ishika
2127,Shinchaneros24
2128,Sayvek
2129,Rochababyface1
2130,Jaadezz
2131,Jordybazanplayertwo
2132,Nita1808
2133,Cartanyaaa
2134,Colmillopodcast
2135,Marta
2136,Tundrah_tv
2137,Unaiiitm_
2138,Sluwy
2139,Estige
2140,Harperstrikes
2141,Xplosion_tv
2142,Mickanplays
2143,Veranodelos90s
2144,Ozbellvt
2145,Paudrisima
2146,Ravenmedrano
2147,Idisweek
2148,Ironbec
2149,Mentopoker
2150,Eldiariodekode
2151,Sheriffmartin
2152,Galaxias
2153,Chin0_capuchin0
2154,Sattoaki
2155,Alecciss
2156,Juanperottiaoe
2157,Criiizux
2158,Holi_nosoysofi
2159,Ch1v1ko11
2160,Hiki_zzz
2161,Lennoxg9
2162,Nabyho
2163,Shinchanoficial
2164,Xumiiztoo
2165,Mrxaco
2166,Firuslots
2167,Thiagin
2168,Xgodwar
2169,Saizskills
2170,Sinfrecuenciatv
2171,Astrobort
2172,Jossruica
2173,Pcentinela
2174,Keinerrr
2175,Kyntasia
2176,Sralizzy
2177,Stripmarveltv
2178,100yardas
2179,Yoealv
2180,Jamescrasher
2181,Fakzwall
2182,Remmth
2183,Theblazer97
2184,Mardugcr
2185,Eldreamsttv
2186,Coloradaxx
2187,Yoyolen
2188,Daad_2
2189,Arumics_unu
2190,Furyyforever
2191,Ilesraider
2192,Enyus__
2193,Evangeliita
2194,Sammjauwu
2195,Hofkari
2196,Sherezademr
2197,Zapatos27
2198,Fuelvt
2199,Gabrielito_ek
2200,Sunny
2201,Xnavalha
2202,Elolamgg
2203,Pandadota_
2204,Seriescuevanatv
2205,Serenapintos
2206,Nanunicorn
2207,Diegoo10f
2208,Soychicotoxico
2209,Rubeken
2210,Emmanuelbordonn
2211,Eljoacoche
2212,Yulirvi
2213,Emiilyextacy
2214,Necotlalou
2215,Neko_d
2216,Akim
2217,Leifonwolfst3in
2218,Todohollowknight
2219,Zobaco
2220,Obeliscomxtv
2221,Yosoyshaco
2222,Nerween_
2223,Sisterkworld
2224,Futuratv913
2225,Ireneblueeyes
2226,Bnitez
2227,Doncapilli
2228,Sopi7a
2229,Duvries
2230,Ynnadmg
2231,Asmrlunaa
2232,Arigatogeek
2233,Maylenchan
2234,Niickten
2235,Chocosaimonn
2236,Mafertejeda10
2237,Coppolanos
2238,Flasho_d
2239,Manumuseos
2240,Jamesvozof
2241,Diegog1996
2242,Marcochavez69
2243,Omegacritico
2244,Morza_666
2245,Lorcatelli
2246,4gustyna3
2247,Mikicg_
2248,Yaqz29
2249,Nilecc
2250,Yagamitng
2251,Godmark
2252,Emy_royale
2253,Nuehashi
2254,Victordevelops
2255,Wingz
2256,Itsmrfran
2257,Dairzboyy
2258,Abdara12
2259,Alexploylives
2260,Lacassiojefa
2261,Caninarg
2262,Juanshinn
2263,Lavozdehorus
2264,Lopex2313
2265,Xtsuneko
2266,Sheento7
2267,Romboidex
2268,Kairohx
2269,Lexie_hop
2270,Therada
2271,Deividjaquez
2272,Pasionestudiopy
2273,Shinipan
2274,Insyboy
2275,Sofiaffp
2276,Eegoficialperu
2277,Antoniobrescia__
2278,Danolex
2279,Ferchocolate01
2280,Rogerminemu
2281,Goncypozzo
2282,Elpeliculote
2283,Galaavv
2284,Elbichi
2285,Selis13
2286,Viiikingod
2287,Rl_crr
2288,Jackwise_clown
2289,Gona89
2290,Hayganga
2291,Aarcaano
2292,Mamibitz
2293,Sallanman_cat
2294,Peraltone
2295,Radioconvos
2296,Delabahia915
2297,Monobeta_
2298,Estamos_pato
2299,Peliculas_1777
2300,Sandranuba
2301,Misakitl
2302,Planetanba
2303,Sr_yaggo
2304,Sliverrk
2305,Pve_zone
2306,Zack_csgo
2307,Lechigg
2308,Afroxira
2309,Krmencita__x
2310,Shinchan_pelis247
2311,Elchicogameplays
2312,Tobermory95
2313,Donmiwell
2314,Viciosinok
2315,Merli337
2316,Raspyqueen
2317,Pokerexito
2318,Dlord9029
2319,Radiopatio_24h
2320,Elbarsitomudito
2321,Ellistorc
2322,Maajeestiic24
2323,Yisusheal
2324,Juanjel
2325,Alexshadow
2326,Magsmx
2327,Homerrelaxing
2328,Rafitasedivierte
2329,Zkuryz
2330,Pichonn11
2331,Futbolerogualtrapa
2332,Pepecarrilloo
2333,Everlastream
2334,Zarigueyaa
2335,Newsmallking
2336,Calcetinlol
2337,Loquix
2338,Eduark0ng
2339,Xabuelagamerx
2340,Xmagdiel_z
2341,Raevencca
2342,Conitoon
2343,Cienfuegoson
2344,Shiro0w0_
2345,Alfreditogames
2346,Terakuee
2347,Laverniladron1
2348,Reginrdt
2349,Cesarguerreros3
2350,Valentino
2351,Labarashh
2352,Sh0twell
