_id,id_streamer,categoria,nombre
67a025a98eb51889901504d6,0,DayZ,Rubius
67a025cb8eb518899015056b,1,ARK: Survival Evolved,Knekro
67a025fa8eb518899015060c,2,skribbl.io,Ibai
67a0261e8eb5188990150662,3,Fortnite,Kingsleague
67a0263d8eb51889901506c2,4,Spectre,Mixwell
67a026598eb5188990150713,5,"Pokémon: Let's Go, Pikachu!",Djmariio
67a0267a8eb5188990150788,6,Games + Demos,Illojuan
67a0269a8eb518899015081d,7,Enshrouded,Elxokas
67a026b88eb5188990150890,8,Lethal Company,Elmariana
67a026d78eb518899015090b,9,Overcooked! 2,Auronplay
67a026f78eb51889901509a8,10,UNO,Juansguarnizo
67a027138eb5188990150a0e,11,Fortnite,Martinciriook
67a027308eb5188990150a58,12,Pro Soccer Online,Quackitytoo
67a027528eb5188990150ad9,13,Resident Evil Village,Peereira7
67a0276d8eb5188990150b15,14,Variety,Dolcedasousa
67a0278c8eb5188990150b54,15,FIFA 21,Gerardromero
67a0280b8eb5188990150bcf,16,Minicraft,Spursito
67a028288eb5188990150c2d,17,New Super Mario Bros.,Alondrissa
67a028458eb5188990150c91,18,PICO PARK,Rivers_gg
67a028658eb5188990150cf3,19,eSports Life,Telefe
67a028828eb5188990150d23,20,September 7th,Agustinunaplay8
67a028a18eb5188990150da4,21,Cuphead,Aldo_geo
67a028c48eb5188990150e42,22,Graveyard Keeper,Alexelcapo
67a028e58eb5188990150ebd,23,Geometry Dash,Thegrefg
67a029078eb5188990150f58,24,VALORANT,Werlyb
67a029298eb5188990150fee,25,Weed Shop 3,Nissaxter
67a029488eb5188990151064,26,Garry's Mod,Tomateking
67a0296a8eb51889901510fd,27,Call of Duty: Black Ops Cold War,Reventxz
67a029868eb5188990151155,28,ASMR,Poloteli
67a02a048eb51889901511d1,29,Gartic Phone,Sergiofferra
67a02a218eb5188990151229,30,Monopoly Plus,Alanalarana
67a02a418eb51889901512a1,31,Variety,Desst3
67a02a5c8eb51889901512da,32,Variety,Damonbairdgears
67a02a778eb51889901512f5,33,Age of Water,Nexxuz
67a02a998eb5188990151392,34,Assassin's Creed Valhalla,Revenant
67a02ab98eb5188990151430,35,Planet Crafter,Elded
67a02ad48eb518899015146c,36,Variety,Dolcedasousad
67a02af88eb51889901514dc,37,IRL,Lvpes
67a02b138eb51889901514f5,38,Retro,Juntaurgentee
67a02b358eb518899015155c,39,Diablo II: Resurrected,Putupau
67a02b508eb518899015159a,40,Retro,Fullmalcolm
67a02bc68eb51889901515ee,41,60 Seconds!,Crystalmolly
67a02be28eb518899015164c,42,Saw,Baitybait
67a02bfe8eb518899015169f,43,Call of Duty,Deusamir
67a02c1d8eb5188990151713,44,Call of Duty: Modern Warfare,Soypan
67a02c3d8eb5188990151791,45,Mario Kart 8 Deluxe,Roxasorg13th
67a02c588eb51889901517d8,46,Variety,Kingsleagueamericas
67a02c7a8eb5188990151844,47,Icarus,Agustabell212
67a02c978eb51889901518ba,48,DreamHack Beyond,Sirmaza
67a02cb68eb5188990151929,49,Monopoly Plus,Roier
67a02cd38eb5188990151998,50,League of Legends,Diariomarca
67a02cf68eb5188990151a1b,51,Far Cry 6,Menostrece
67a02d158eb5188990151aa4,52,Battlefield 2042,Starwraith
67a02d368eb5188990151b3a,53,Enlisted,Th3antonio
67a02db58eb5188990151bc4,54,Amnesia: The Bunker,Imantado
67a02dd38eb5188990151c32,55,PICO PARK 2,B0rja
67a02df68eb5188990151cc5,56,The Forest,Zeling
67a02e1a8eb5188990151d69,57,Call of Duty: Modern Warfare III,Mym_alkapone
67a02e388eb5188990151de2,58,Monopoly Plus,Mictia00
67a02e558eb5188990151e5c,59,Fear the Phantom,Josedeodo
67a02e778eb5188990151eaf,60,EA Sports FC 24,Elchiringuitotv
67a02e978eb5188990151f01,61,Games + Demos,Crackheber
67a02eb88eb5188990151f6c,62,Strinova,Toniki
67a02ed78eb5188990151feb,63,Pro Evolution Soccer,Cacho01
67a02ef58eb518899015203c,64,Watch Parties,Rubenmartinweb
67a02f118eb5188990152074,65,My Suika: Watermelon Game,M2cg
67a02f338eb51889901520f9,66,Arcane,Horcus
67a02faf8eb518899015213b,67,Sports,Alexcampu4
67a02fcb8eb518899015216c,68,Brawl Stars,Nataliamx
67a02fea8eb51889901521ff,69,Dave the Diver,Folagorlives
67a0300d8eb518899015229e,70,Artifact,Snoodyboo
67a0302f8eb5188990152324,71,Mario Kart 8 Deluxe,Staryuuki
67a0304a8eb5188990152363,72,El Chavo,El_reymo12
67a030668eb518899015237e,73,TopSpin 2K25,Vegetta777
67a030878eb5188990152417,74,Golf Around!,Send0o
67a030a78eb518899015248f,75,The Walking Dead,Carola
67a030c58eb51889901524fe,76,Fortnite,Jujalag
67a030e08eb518899015253c,77,The Simpsons: Hit & Run,Twtawpine
67a031068eb51889901525aa,78,Monster Hunter: World,Esportmaniacos
67a031818eb518899015265b,79,Hogwarts Legacy,Silithur
67a031a18eb51889901526d3,80,PUBG: BATTLEGROUNDS,Vickypalami
67a031c18eb5188990152754,81,Among Us,Mfreak00
67a031df8eb51889901527d3,82,Cyberpunk 2077,Farfadoxvevo
67a031fa8eb518899015281c,83,El Chavo,Chavo8tv
67a032198eb518899015285f,84,Arcane,Toadamarillo
67a0323a8eb51889901528da,85,Inscryption,Elbokeron
67a0325a8eb5188990152979,86,Dead by Daylight,Jimrsng
67a0327a8eb5188990152a05,87,"Pools, Hot Tubs, and Beaches",Skain
67a032978eb5188990152a57,88,Music,Luzu_tv
67a032b98eb5188990152aba,89,IRL,Kerios
67a032d68eb5188990152b2d,90,Counter-Strike,Franluque10
67a032f58eb5188990152b90,91,Senua's Saga: Hellblade II,El_yuste
67a033758eb5188990152c12,92,Ale & Tale Tavern,Polispol1
67a033968eb5188990152c8d,93,Chess (4),Quesadacid
67a033b48eb5188990152cf0,94,EA Sports FC 24,Elyihi
67a033cf8eb5188990152d0e,95,Anime Squad,Fullreacciones_
67a033eb8eb5188990152d1e,96,Just Dance 2022,Ijenzlive
67a034098eb5188990152d79,97,Outlast,Llunaclark
67a034298eb5188990152e08,98,Cookie Clicker,Rickyedit
67a034498eb5188990152e83,99,Chivalry: Medieval Warfare Bundle,Xparga
67a034668eb5188990152ee7,100,Fortnite,Jaimemellado_
67a034828eb5188990152f28,101,Bramble: The Mountain King,Nezumivy
67a0349e8eb5188990152f68,102,Just Chatting,Shinchancastellano_247
67a034bc8eb5188990152fad,103,SMASH LEGENDS,Guibelreviewslive
67a034da8eb518899015301a,104,Disco Elysium,Agentemaxo
67a0355b8eb51889901530c5,105,Ready or Not,Reudigruediger
67a0357c8eb518899015313a,106,Co-working & Studying,Akuasmr
67a035998eb5188990153197,107,Variety,Valorant_la
67a035ba8eb5188990153200,108,Apex Legends,Pituherranz
67a035d68eb5188990153246,109,Call of Duty: Warzone,Esb_dota2
67a035f18eb5188990153264,110,Just Chatting,Eltronokl
67a0360f8eb518899015329c,111,Fluffy Doki Sunshine,Jpeidro
67a0362e8eb518899015331e,112,IRL,Bystaxx
67a0364a8eb518899015335f,113,El Chavo,Cristaltv13
67a036658eb518899015336b,114,Anime Squad,Cuevanatv
67a036858eb51889901533c8,115,Microsoft Flight Simulator,Tvander
67a036a28eb5188990153436,116,Marvel Super Heroes,Nilojeda
67a036c08eb51889901534a1,117,Aimlabs,Viizzzm
67a036e38eb518899015352b,118,Project Zomboid,Hitboxking
67a0376b8eb51889901535b3,119,Call of Duty: Modern Warfare II,Trebor
67a037868eb51889901535d7,120,The Simpsons: Hit & Run,Cuevana3tv
67a037a18eb51889901535f6,121,Variety,Marioreyes22
67a037bc8eb5188990153613,122,Anime Squad,Hd_latino
67a037da8eb5188990153650,123,Gartic Phone,Arrozydesgracias
67a037fb8eb51889901536d5,124,Tom Clancy's The Division 2,Tanizen
67a0381a8eb5188990153766,125,Risk of Rain 2,Getflakked
67a0a159b87603c96f4f7463,127,LOL,Xguiry
67a0a174b87603c96f4f74c1,128,Grand Theft Auto,Aruberutomakoto
67a0a193b87603c96f4f752d,129,The Walking Dead: Season Two,Alvarostorm
67a0a1b2b87603c96f4f75ad,130,Super Meat Boy,Machete_vilches
67a0a1cdb87603c96f4f7607,131,Food & Drink,Japanjordi
67a0a1e7b87603c96f4f7634,132,Casino Slot Machine,Elchiringuitodirectoo
67a0a203b87603c96f4f7679,133,Fútbol,Futbol_fantasy
67a0a222b87603c96f4f76d1,134,Monopoly,Nakoo_fn
67a0a2b4b87603c96f4f7736,135,Anime Squad,Peliculas__engeneracion
67a0a2d3b87603c96f4f7796,136,Variety,Ltaespanol
67a0a2f4b87603c96f4f77f9,137,Detroit: Become Human,Natalan
67a0a314b87603c96f4f7882,138,Fitness & Health,K1ng
67a0a337b87603c96f4f7906,139,Special Events,Chigre
67a0a35ab87603c96f4f79a1,140,SMITE Tactics,Warchiwar
67a0a375b87603c96f4f79f6,141,xXx,Mirreytv
67a0a393b87603c96f4f7a5f,142,Warzone,Ache
67a0a3b2b87603c96f4f7abd,143,Jump King,Safiro01
67a0a3ceb87603c96f4f7b0b,144,Special Events,Olgaenvivo
67a0a3ecb87603c96f4f7b55,145,Undisputed,Excojm
67a0a408b87603c96f4f7b90,146,Anime Squad,Yosoypeterg
67a0a428b87603c96f4f7bf9,147,Call of Duty: Black Ops,Miikelmst
67a0a4a5b87603c96f4f7c82,148,Habbo,Feirlygab
67a0a4c2b87603c96f4f7cf2,149,Resident Evil Village,Midudev
67a0a4dfb87603c96f4f7d3d,150,VRChat,Pirutastic
67a0a4fbb87603c96f4f7d9a,151,Only Up: With Friends,Mariotaxi
67a0a51ab87603c96f4f7dfa,152,Monopoly,Sofikimmy
67a0a535b87603c96f4f7e3b,153,House M.D.,Housefans2023
67a0a556b87603c96f4f7e96,154,Agar.io,Milan926_
67a0a576b87603c96f4f7f07,155,Outlast,Lucasrojo
67a0a595b87603c96f4f7f89,156,The Mortuary Assistant,Cristianghost
67a0a5b3b87603c96f4f8001,157,Suika Game,Sirolopez56
67a0a5d0b87603c96f4f805b,158,Donkey Kong Country,Meica05
67a0a5ecb87603c96f4f80bf,159,Granny Remake,Srtumbao
67a0a609b87603c96f4f811d,160,A Little to the Left,Lolmechs
67a0a62cb87603c96f4f81c7,161,Call of Duty: Vanguard,Agbin3r
67a0a6b1b87603c96f4f8251,162,Crab Game,Pattymeza
67a0a6d3b87603c96f4f82eb,163,The Last of Us: Left Behind,Ricoy
67a0a6efb87603c96f4f834b,164,Only Up: SKIBIDI TOGETHER,Paache_
67a0a70eb87603c96f4f83cb,165,Elite: Dangerous,4fungamingg
67a0a72bb87603c96f4f842b,166,DEVOUR,Reydelacity
67a0a746b87603c96f4f8470,167,Variety,Elnueveok
67a0a769b87603c96f4f84e3,168,Subnautica: Below Zero,Robertocein
67a0a78cb87603c96f4f8574,169,F1 23,Baptistao
67a0a7a7b87603c96f4f85c5,170,F1 Manager 2024,Danilg10
67a0a7c3b87603c96f4f860b,171,ROBLOX,Lawlergg
67a0a7dfb87603c96f4f864d,172,Variety,Puntazomallorca1234
67a0a7fab87603c96f4f865f,173,South Park,Reymo_lite8
67a0a81db87603c96f4f86d4,174,Twelve Minutes,Evangelion0
67a0a899b87603c96f4f8750,175,VALORANT,Valorant_es
67a0a8b6b87603c96f4f8791,176,This War of Mine,Utbh_oficial
67a0a8d9b87603c96f4f8827,177,Cooking Mama: Cookstar,Xixauxas
67a0a8fdb87603c96f4f88cd,178,theHunter: Call of the Wild,Delt4forc3
67a0a91cb87603c96f4f894a,179,Variety,Deqiuv
67a0a938b87603c96f4f89af,180,Longeyed Proj.,Themagmaboi
67a0a954b87603c96f4f8a0a,181,Chivalry 2,Brayitangaming27
67a0a974b87603c96f4f8a74,182,Rogue Naraka,Adcshiiro
67a0a990b87603c96f4f8abe,183,Gartic Show,Andreachinii
67a0a9b1b87603c96f4f8b3f,184,Path of Exile,Pepiinero
67a0a9d3b87603c96f4f8ba8,185,Creative,Arigameplays
67a0a9eeb87603c96f4f8bee,186,Variety,Larodrice
67a0aa09b87603c96f4f8c03,187,Just Chatting,Southpark_cast
67a0aa24b87603c96f4f8c13,188,The Simpsons: Hit & Run,Homeromaxhd
67a0aaaab87603c96f4f8c73,189,Gartic Phone,Domiilol_
67a0aac6b87603c96f4f8cce,190,Steel Division: Normandy 44,Taisontv
67a0aae9b87603c96f4f8d63,191,Yakuza: Like a Dragon,Kuentinlol
67a0ab07b87603c96f4f8de4,192,Food & Drink,Jade
67a0ab25b87603c96f4f8e44,193,DARK SOULS III,Mangel
67a0ab42b87603c96f4f8eb3,194,I'm Only Sleeping,Cheffius
67a0ab5eb87603c96f4f8ef6,195,Crypto,Sadicaz
67a0ab7bb87603c96f4f8f54,196,Call of Duty: Black Ops 4,Aludovici
67a0ab98b87603c96f4f8f9e,197,EA Sports FC 24,Miguelangelromantv
67a0abb9b87603c96f4f9004,198,Only Up!,Renrize
67a0abd9b87603c96f4f908e,199,In Silence,Jelty
67a0abf7b87603c96f4f9109,200,Life is Strange,Elfedelobo
67a0ac1ab87603c96f4f91a2,201,Variety,Recuerd0p
