,ID,Nombre,Avg_Channels,7-Day Change,Twitch Share,Enlace
0,33214,Fortnite,7600.0,-11.1,7.593,https://twitchtracker.com/games/33214
1,509658,Just Chatting,4700.0,-0.8,4.71,https://twitchtracker.com/games/509658
2,0,Variety,4500.0,-0.7,4.479,https://twitchtracker.com/games/0
3,1264310518,Marvel Rivals,4100.0,-9.8,4.138,https://twitchtracker.com/games/1264310518
4,516575,VALORANT,3600.0,-4.6,3.629,https://twitchtracker.com/games/516575
5,32982,Grand Theft Auto V,3200.0,-0.1,3.246,https://twitchtracker.com/games/32982
6,512710,Call of Duty: Warzone,2600.0,-0.3,2.61,https://twitchtracker.com/games/512710
7,27471,Minecraft,2600.0,0.2,2.574,https://twitchtracker.com/games/27471
8,21779,League of Legends,2300.0,-1.7,2.327,https://twitchtracker.com/games/21779
9,1494,Call of Duty,2300.0,0.5,2.293,https://twitchtracker.com/games/1494
10,32399,Counter-Strike,1800.0,3.2,1.812,https://twitchtracker.com/games/32399
11,511224,Apex Legends,1600.0,-3.0,1.61,https://twitchtracker.com/games/511224
12,460630,Tom Clancy's Rainbow Six Siege,1500.0,-0.5,1.548,https://twitchtracker.com/games/460630
13,491487,Dead by Daylight,1400.0,2.1,1.423,https://twitchtracker.com/games/491487
14,23020,ROBLOX,1400.0,-6.3,1.369,https://twitchtracker.com/games/23020
15,1672324422,Call of Duty: Black Ops 6,1400.0,-0.1,1.364,https://twitchtracker.com/games/1672324422
16,2011938005,EA Sports FC 25,1200.0,7.2,1.192,https://twitchtracker.com/games/2011938005
17,2068583461,NBA 2K25,1200.0,-9.7,1.16,https://twitchtracker.com/games/2068583461
18,18122,World of Warcraft,1100.0,-7.3,1.127,https://twitchtracker.com/games/18122
19,29595,Dota 2,1100.0,-2.4,1.083,https://twitchtracker.com/games/29595
20,30921,Rocket League,843.0,0.4,0.845,https://twitchtracker.com/games/30921
21,491931,Escape from Tarkov,777.0,-6.5,0.779,https://twitchtracker.com/games/491931
22,493057,PUBG: BATTLEGROUNDS,715.0,-2.6,0.717,https://twitchtracker.com/games/493057
23,512953,ELDEN RING,661.0,-1.3,0.663,https://twitchtracker.com/games/512953
24,515025,Overwatch 2,656.0,2.7,0.658,https://twitchtracker.com/games/515025
25,1702520304,Path of Exile 2,645.0,-23.3,0.647,https://twitchtracker.com/games/1702520304
26,232131679,EA Sports College Football 25,630.0,-4.3,0.631,https://twitchtracker.com/games/232131679
27,509660,Art,628.0,-1.4,0.629,https://twitchtracker.com/games/509660
28,1320984402,Madden NFL 25,610.0,-2.1,0.611,https://twitchtracker.com/games/1320984402
29,518184,Phasmophobia,602.0,-6.4,0.603,https://twitchtracker.com/games/518184
30,66082,Games + Demos,587.0,-5.3,0.588,https://twitchtracker.com/games/66082
31,26936,Music,577.0,-0.7,0.578,https://twitchtracker.com/games/26936
32,513181,Genshin Impact,501.0,-1.8,0.502,https://twitchtracker.com/games/513181
33,1282866981,Delta Force,497.0,-3.1,0.498,https://twitchtracker.com/games/1282866981
34,493959,Red Dead Redemption 2,485.0,5.7,0.486,https://twitchtracker.com/games/493959
35,515024,Diablo IV,403.0,109.0,0.404,https://twitchtracker.com/games/515024
36,24241,FINAL FANTASY XIV ONLINE,396.0,-3.4,0.397,https://twitchtracker.com/games/24241
37,263490,Rust,369.0,-5.9,0.37,https://twitchtracker.com/games/263490
38,499973,Always On,352.0,5.1,0.353,https://twitchtracker.com/games/499973
39,500188,Hunt: Showdown 1896,349.0,48.5,0.35,https://twitchtracker.com/games/500188
40,65632,DayZ,345.0,1.2,0.346,https://twitchtracker.com/games/65632
41,497057,Destiny 2,323.0,9.5,0.324,https://twitchtracker.com/games/497057
42,509672,IRL,302.0,2.7,0.303,https://twitchtracker.com/games/509672
43,255298418,FINAL FANTASY VII REBIRTH,298.0,577.0,0.299,https://twitchtracker.com/games/255298418
44,513143,Teamfight Tactics,287.0,1.1,0.288,https://twitchtracker.com/games/513143
45,66170,Warframe,276.0,-2.5,0.277,https://twitchtracker.com/games/66170
46,27284,Retro,275.0,0.7,0.276,https://twitchtracker.com/games/27284
47,1417254279,Ninja Gaiden II Black,261.0,0.0,0.262,https://twitchtracker.com/games/1417254279
48,490377,Sea of Thieves,257.0,7.1,0.258,https://twitchtracker.com/games/490377
49,272263131,"Animals, Aquariums, and Zoos",251.0,-2.0,0.252,https://twitchtracker.com/games/272263131
50,417752,Talk Shows & Podcasts,250.0,-1.6,0.251,https://twitchtracker.com/games/417752
51,512923,Baldur's Gate 3,249.0,-3.9,0.25,https://twitchtracker.com/games/512923
52,19619,Tibia,247.0,-0.8,0.248,https://twitchtracker.com/games/19619
53,1036710512,Palworld,237.0,-11.2,0.238,https://twitchtracker.com/games/1036710512
54,102007682,God of War Ragnarök,233.0,86.4,0.234,https://twitchtracker.com/games/102007682
55,65876,Cyberpunk 2077,227.0,-3.8,0.228,https://twitchtracker.com/games/65876
56,456845141,Zenless Zone Zero,226.0,28.4,0.227,https://twitchtracker.com/games/456845141
57,498592,I'm Only Sleeping,221.0,-6.4,0.222,https://twitchtracker.com/games/498592
58,1398657661,Anime Squad,215.0,4.9,0.216,https://twitchtracker.com/games/1398657661
59,1669431183,DJs,210.0,0.0,0.21,https://twitchtracker.com/games/1669431183
60,31339,Project Zomboid,196.0,3.7,0.196,https://twitchtracker.com/games/31339
61,66366,War Thunder,193.0,-0.5,0.193,https://twitchtracker.com/games/66366
62,55453844,Street Fighter 6,193.0,2.1,0.193,https://twitchtracker.com/games/55453844
63,2085980140,Lethal Company,191.0,-1.5,0.191,https://twitchtracker.com/games/2085980140
64,209738946,Wuthering Waves,189.0,1.6,0.189,https://twitchtracker.com/games/209738946
65,27546,World of Tanks,185.0,-2.1,0.185,https://twitchtracker.com/games/27546
66,213930085,Honkai: Star Rail,184.0,-49.6,0.184,https://twitchtracker.com/games/213930085
67,497467,Monster Hunter: World,183.0,1.7,0.183,https://twitchtracker.com/games/497467
68,766571430,HELLDIVERS 2,182.0,-11.7,0.182,https://twitchtracker.com/games/766571430
69,1901799151,DYNASTY WARRIORS: ORIGINS,180.0,-35.5,0.18,https://twitchtracker.com/games/1901799151
70,401587136,Arena Breakout: Infinite,177.0,2.9,0.177,https://twitchtracker.com/games/401587136
71,478407715,Arma Reforger,177.0,12.0,0.177,https://twitchtracker.com/games/478407715
72,490744,Stardew Valley,176.0,-2.2,0.176,https://twitchtracker.com/games/490744
73,1441208453,Once Human,175.0,-14.6,0.175,https://twitchtracker.com/games/1441208453
74,271304,7 Days to Die,171.0,-3.9,0.171,https://twitchtracker.com/games/271304
75,386821,Black Desert,162.0,1.9,0.162,https://twitchtracker.com/games/386821
76,509659,ASMR,157.0,0.0,0.157,https://twitchtracker.com/games/509659
77,2009321156,Dark and Darker,154.0,7.7,0.154,https://twitchtracker.com/games/2009321156
78,2094865572,SMITE 2,149.0,-5.7,0.149,https://twitchtracker.com/games/2094865572
79,735904419,ARK: Survival Ascended,148.0,-1.3,0.148,https://twitchtracker.com/games/735904419
80,1469308723,Software and Game Development,148.0,3.5,0.148,https://twitchtracker.com/games/1469308723
81,75467,Euro Truck Simulator 2,143.0,-0.7,0.143,https://twitchtracker.com/games/75467
82,497497,Brawl Stars,143.0,-2.1,0.143,https://twitchtracker.com/games/497497
83,505884,PUBG Mobile,142.0,5.2,0.142,https://twitchtracker.com/games/505884
84,21465,osu!,141.0,3.7,0.141,https://twitchtracker.com/games/21465
85,490100,Lost Ark,141.0,60.2,0.141,https://twitchtracker.com/games/490100
86,1095275650,Hogwarts Legacy,140.0,-10.3,0.14,https://twitchtracker.com/games/1095275650
87,518203,Sports,139.0,-2.8,0.139,https://twitchtracker.com/games/518203
88,459931,Old School RuneScape,137.0,-7.4,0.137,https://twitchtracker.com/games/459931
89,41272850,GTA: La Heist,137.0,-2.1,0.137,https://twitchtracker.com/games/41272850
90,262437666,Farming Simulator 25,137.0,-2.1,0.137,https://twitchtracker.com/games/262437666
91,19801,Throne and Liberty,131.0,14.9,0.131,https://twitchtracker.com/games/19801
92,369252,The Sims 4,128.0,-7.2,0.128,https://twitchtracker.com/games/369252
93,458912,Kingdom Come: Deliverance,127.0,5.8,0.127,https://twitchtracker.com/games/458912
94,400407464,DRAGON BALL: Sparking! ZERO,127.0,-4.5,0.127,https://twitchtracker.com/games/400407464
95,1910103699,THE FINALS,125.0,-4.6,0.125,https://twitchtracker.com/games/1910103699
96,2104758320,The First Descendant,121.0,-23.4,0.121,https://twitchtracker.com/games/2104758320
97,494184,Mobile Legends: Bang Bang,120.0,0.8,0.12,https://twitchtracker.com/games/494184
98,30028,The Elder Scrolls V: Skyrim,119.0,-3.3,0.119,https://twitchtracker.com/games/30028
99,499634,Crypto,118.0,1.7,0.118,https://twitchtracker.com/games/499634
100,115977,The Witcher 3: Wild Hunt,117.0,-6.4,0.117,https://twitchtracker.com/games/115977
101,499003,VRChat,117.0,2.6,0.117,https://twitchtracker.com/games/499003
102,502732,Garena Free Fire,117.0,0.9,0.117,https://twitchtracker.com/games/502732
103,1599346425,Co-working & Studying,117.0,-0.8,0.117,https://twitchtracker.com/games/1599346425
104,138585,Hearthstone,115.0,6.5,0.115,https://twitchtracker.com/games/138585
105,508455,Valheim,115.0,2.7,0.115,https://twitchtracker.com/games/508455
106,538054672,TEKKEN 8,114.0,-8.8,0.114,https://twitchtracker.com/games/538054672
107,519291,Black Myth: Wukong,111.0,-6.7,0.111,https://twitchtracker.com/games/519291
108,65654,The Elder Scrolls Online,110.0,13.4,0.11,https://twitchtracker.com/games/65654
109,417528,Albion Online,108.0,1.9,0.108,https://twitchtracker.com/games/417528
110,31376,Terraria,106.0,-3.6,0.106,https://twitchtracker.com/games/31376
111,512818,Call of Duty: Mobile,106.0,-10.9,0.106,https://twitchtracker.com/games/512818
112,322503446,Resident Evil 4,106.0,-3.6,0.106,https://twitchtracker.com/games/322503446
113,627798963,F1 24,105.0,-1.9,0.105,https://twitchtracker.com/games/627798963
114,670867987,Pokémon Scarlet/Violet,105.0,-7.1,0.105,https://twitchtracker.com/games/670867987
115,504463,Tom Clancy's The Division 2,103.0,17.0,0.103,https://twitchtracker.com/games/504463
116,2014795392,Infinity Nikki,103.0,53.7,0.103,https://twitchtracker.com/games/2014795392
117,19554,iRacing,100.0,-73.0,0.1,https://twitchtracker.com/games/19554
118,506416,Halo Infinite,100.0,0.0,0.1,https://twitchtracker.com/games/506416
119,490147,Hollow Knight,99.0,1.0,0.099,https://twitchtracker.com/games/490147
120,489635,ARK: Survival Evolved,98.0,-3.0,0.098,https://twitchtracker.com/games/489635
121,490292,DARK SOULS III,97.0,7.8,0.097,https://twitchtracker.com/games/490292
122,1757732267,Forza Horizon 5,94.0,-3.1,0.094,https://twitchtracker.com/games/1757732267
123,489776,Fallout 4,93.0,-7.0,0.093,https://twitchtracker.com/games/489776
124,509663,Special Events,91.0,3.4,0.091,https://twitchtracker.com/games/509663
125,71375,Star Citizen,89.0,7.2,0.089,https://twitchtracker.com/games/71375
126,499856,Ghost of Tsushima,88.0,1.1,0.088,https://twitchtracker.com/games/499856
127,509673,Makers & Crafting,88.0,1.1,0.088,https://twitchtracker.com/games/509673
128,838184267,ENDER MAGNOLIA: Bloom in the Mist,88.0,340.0,0.088,https://twitchtracker.com/games/838184267
129,493597,New World: Aeternum,87.0,-4.4,0.087,https://twitchtracker.com/games/493597
130,745589378,Balatro,87.0,-5.4,0.087,https://twitchtracker.com/games/745589378
131,1122982998,Dark Souls: Remastered,86.0,10.3,0.086,https://twitchtracker.com/games/1122982998
132,460090,Subnautica,85.0,14.9,0.085,https://twitchtracker.com/games/460090
133,497440,Hell Let Loose,85.0,-17.5,0.085,https://twitchtracker.com/games/497440
134,2043627368,WWE 2K24,85.0,-3.4,0.085,https://twitchtracker.com/games/2043627368
135,498566,Slots,84.0,-5.6,0.084,https://twitchtracker.com/games/498566
136,512980,Fall Guys,83.0,2.5,0.083,https://twitchtracker.com/games/512980
137,143106037,EA Sports FC 24,83.0,-1.2,0.083,https://twitchtracker.com/games/143106037
138,1050003477,The Elder Scrolls V: Skyrim - Special Edition,83.0,3.8,0.083,https://twitchtracker.com/games/1050003477
139,1000184693,NHL 25,82.0,-3.5,0.082,https://twitchtracker.com/games/1000184693
140,515479,Sons of the Forest,81.0,-2.4,0.081,https://twitchtracker.com/games/515479
141,518014,Gran Turismo 7,81.0,6.6,0.081,https://twitchtracker.com/games/518014
142,1397606945,Indiana Jones and the Great Circle,81.0,-19.8,0.081,https://twitchtracker.com/games/1397606945
143,2132205352,Deadlock,81.0,-9.0,0.081,https://twitchtracker.com/games/2132205352
144,490382,For Honor,80.0,37.9,0.08,https://twitchtracker.com/games/490382
145,1196356222,MiSide,80.0,-25.2,0.08,https://twitchtracker.com/games/1196356222
146,510218,Among Us,79.0,2.6,0.079,https://twitchtracker.com/games/510218
147,417969,Halo: The Master Chief Collection,78.0,5.4,0.078,https://twitchtracker.com/games/417969
148,1515015750,Strinova,78.0,-7.1,0.078,https://twitchtracker.com/games/1515015750
149,6369,God of War,77.0,16.7,0.077,https://twitchtracker.com/games/6369
150,506415,Sekiro: Shadows Die Twice,75.0,0.0,0.075,https://twitchtracker.com/games/506415
151,509511,Marbles on Stream,75.0,23.0,0.075,https://twitchtracker.com/games/509511
152,331373906,eFootball,75.0,-3.8,0.075,https://twitchtracker.com/games/331373906
153,2058570718,Silent Hill 2,74.0,-10.8,0.074,https://twitchtracker.com/games/2058570718
154,514858,League of Legends: Wild Rift,72.0,-1.4,0.072,https://twitchtracker.com/games/514858
155,29106,S.T.A.L.K.E.R. 2: Heart of Chornobyl,71.0,-20.2,0.071,https://twitchtracker.com/games/29106
156,494683,theHunter: Call of the Wild,69.0,-8.0,0.069,https://twitchtracker.com/games/494683
157,509577,Dungeons & Dragons,69.0,1.5,0.069,https://twitchtracker.com/games/509577
158,904864974,Mortal Kombat 1,69.0,16.9,0.069,https://twitchtracker.com/games/904864974
159,8259,TV Station Manager,68.0,1.5,0.068,https://twitchtracker.com/games/8259
160,504461,Super Smash Bros. Ultimate,68.0,0.0,0.068,https://twitchtracker.com/games/504461
161,506246,Fallout 76,68.0,-2.9,0.068,https://twitchtracker.com/games/506246
162,490359,FINAL FANTASY VII REMAKE,67.0,1.5,0.067,https://twitchtracker.com/games/490359
163,506456,Satisfactory,67.0,-5.6,0.067,https://twitchtracker.com/games/506456
164,1393304883,Mir Tankov,67.0,17.5,0.067,https://twitchtracker.com/games/1393304883
165,1414860634,The Binding of Isaac: Repentance,66.0,-2.9,0.066,https://twitchtracker.com/games/1414860634
166,7022,The Forest,65.0,-13.3,0.065,https://twitchtracker.com/games/7022
167,653624336,Lies of P,65.0,4.8,0.065,https://twitchtracker.com/games/653624336
168,1337444628,Call of Duty: Modern Warfare III,65.0,-3.0,0.065,https://twitchtracker.com/games/1337444628
169,743,Chess,64.0,0.0,0.064,https://twitchtracker.com/games/743
170,460636,Bloodborne,63.0,-3.1,0.063,https://twitchtracker.com/games/460636
171,491220,EA Sports UFC 2,63.0,-20.3,0.063,https://twitchtracker.com/games/491220
172,514974,Battlefield 2042,62.0,3.3,0.062,https://twitchtracker.com/games/514974
173,516086,Grounded,62.0,1.6,0.062,https://twitchtracker.com/games/516086
174,294724507,The Last of Us Part I,62.0,-4.6,0.062,https://twitchtracker.com/games/294724507
175,1119642287,Yu-Gi-Oh! Master Duel,62.0,-10.1,0.062,https://twitchtracker.com/games/1119642287
176,2748,Magic: The Gathering,61.0,-3.2,0.061,https://twitchtracker.com/games/2748
177,517330,Assassin's Creed Valhalla,61.0,8.9,0.061,https://twitchtracker.com/games/517330
178,489401,Call of Duty: Black Ops III,60.0,1.7,0.06,https://twitchtracker.com/games/489401
179,494806,Metaphor: ReFantazio,60.0,-7.7,0.06,https://twitchtracker.com/games/494806
180,20596,Dofus,59.0,-14.5,0.059,https://twitchtracker.com/games/20596
181,509670,Science & Technology,59.0,3.5,0.059,https://twitchtracker.com/games/509670
182,515066,SnowRunner,59.0,1.7,0.059,https://twitchtracker.com/games/515066
183,1313790173,Tokyo Xtreme Racer,59.0,5800.0,0.059,https://twitchtracker.com/games/1313790173
184,24193,Left 4 Dead 2,58.0,1.8,0.058,https://twitchtracker.com/games/24193
185,488190,Poker,58.0,1.8,0.058,https://twitchtracker.com/games/488190
186,518379,Pokémon UNITE,58.0,-4.9,0.058,https://twitchtracker.com/games/518379
187,460316,Brawlhalla,57.0,-1.7,0.057,https://twitchtracker.com/games/460316
188,195053862,Resident Evil 2,57.0,-5.0,0.057,https://twitchtracker.com/games/195053862
189,518186,Party Animals,56.0,195.0,0.056,https://twitchtracker.com/games/518186
190,451007760,My Hero Ultra Rumble,56.0,33.3,0.056,https://twitchtracker.com/games/451007760
191,494925,Raft,55.0,-3.5,0.055,https://twitchtracker.com/games/494925
192,1348809580,Assetto Corsa Competizione,55.0,34.1,0.055,https://twitchtracker.com/games/1348809580
193,19976,MapleStory,54.0,-5.3,0.054,https://twitchtracker.com/games/19976
194,488910,American Truck Simulator,54.0,-8.5,0.054,https://twitchtracker.com/games/488910
195,518213,It Takes Two,54.0,-14.3,0.054,https://twitchtracker.com/games/518213
196,329951934,Pokémon Community Game,54.0,1.9,0.054,https://twitchtracker.com/games/329951934
197,616657652,Orcs Must Die! Deathtrap,54.0,5300.0,0.054,https://twitchtracker.com/games/616657652
198,737987407,Enshrouded,54.0,35.0,0.054,https://twitchtracker.com/games/737987407
199,32502,World of Warships,53.0,-8.6,0.053,https://twitchtracker.com/games/32502
200,460951,Geometry Dash,53.0,-5.4,0.053,https://twitchtracker.com/games/460951
201,513501,Standoff 2,53.0,3.9,0.053,https://twitchtracker.com/games/513501
202,941530474,Mario Kart 8 Deluxe,53.0,0.0,0.053,https://twitchtracker.com/games/941530474
203,982017546,Palia,53.0,121.0,0.053,https://twitchtracker.com/games/982017546
204,983841243,Off The Grid,52.0,-1.9,0.052,https://twitchtracker.com/games/983841243
205,1275666892,Monster Hunter Rise,52.0,2.0,0.052,https://twitchtracker.com/games/1275666892
206,506274,Assassin's Creed Odyssey,51.0,0.0,0.051,https://twitchtracker.com/games/506274
207,223869970,"Warhammer 40,000: Space Marine II",51.0,-12.1,0.051,https://twitchtracker.com/games/223869970
208,1158884259,Splatoon 3,51.0,-1.9,0.051,https://twitchtracker.com/games/1158884259
209,11557,The Legend of Zelda: Ocarina of Time,50.0,-2.0,0.05,https://twitchtracker.com/games/11557
210,489170,DARK SOULS II: Scholar of the First Sin,50.0,4.2,0.05,https://twitchtracker.com/games/489170
211,497480,Detroit: Become Human,50.0,28.2,0.05,https://twitchtracker.com/games/497480
212,6521,Grand Theft Auto: San Andreas,49.0,-7.5,0.049,https://twitchtracker.com/games/6521
213,512821,Words On Stream,48.0,9.1,0.048,https://twitchtracker.com/games/512821
214,518144,The Outlast Trials,48.0,-18.6,0.048,https://twitchtracker.com/games/518144
215,942317893,Supermarket Together,47.0,9.3,0.047,https://twitchtracker.com/games/942317893
216,458781,No Man's Sky,46.0,2.2,0.046,https://twitchtracker.com/games/458781
217,497456,Days Gone,46.0,7.0,0.046,https://twitchtracker.com/games/497456
218,515474,NARAKA: BLADEPOINT,46.0,4.5,0.046,https://twitchtracker.com/games/515474
219,116747788,"Pools, Hot Tubs, and Beaches",46.0,7.0,0.046,https://twitchtracker.com/games/116747788
220,799246612,Aloft,46.0,-43.9,0.046,https://twitchtracker.com/games/799246612
221,506410,Dying Light 2: Stay Human,44.0,2.3,0.044,https://twitchtracker.com/games/506410
222,509538,Animal Crossing: New Horizons,44.0,0.0,0.044,https://twitchtracker.com/games/509538
223,512782,Need for Speed: Heat,43.0,-12.2,0.043,https://twitchtracker.com/games/512782
224,516866,STALCRAFT: X,43.0,-2.3,0.043,https://twitchtracker.com/games/516866
225,1515862749,Disney Dreamlight Valley,43.0,-12.2,0.043,https://twitchtracker.com/games/1515862749
226,1568081763,Mass Effect Legendary Edition,43.0,-4.4,0.043,https://twitchtracker.com/games/1568081763
227,313197,Assetto Corsa,42.0,-2.3,0.042,https://twitchtracker.com/games/313197
228,498289,CarX Drift Racing Online,42.0,0.0,0.042,https://twitchtracker.com/games/498289
229,506407,Gears 5,42.0,0.0,0.042,https://twitchtracker.com/games/506407
230,1241582824,Farming Simulator 22,42.0,2.4,0.042,https://twitchtracker.com/games/1241582824
231,15229,Ragnarok Online,41.0,-2.4,0.041,https://twitchtracker.com/games/15229
232,394568,RimWorld,41.0,0.0,0.041,https://twitchtracker.com/games/394568
233,494099,Kingdom Hearts HD 1.5 + 2.5 ReMIX,41.0,-2.4,0.041,https://twitchtracker.com/games/494099
234,516173984,Cult of the Lamb,41.0,-6.8,0.041,https://twitchtracker.com/games/516173984
235,1185403782,MLB The Show 24,41.0,5.1,0.041,https://twitchtracker.com/games/1185403782
236,13389,Age of Empires II,40.0,8.1,0.04,https://twitchtracker.com/games/13389
237,511295,Predecessor,40.0,-2.4,0.04,https://twitchtracker.com/games/511295
238,1173950709,Streamer Life Simulator 2,40.0,0.0,0.04,https://twitchtracker.com/games/1173950709
239,1222194375,Icarus,40.0,11.1,0.04,https://twitchtracker.com/games/1222194375
240,1360792487,Fast Food Simulator,40.0,0.0,0.04,https://twitchtracker.com/games/1360792487
241,1767132907,Suicide Squad: Kill the Justice League,40.0,-36.5,0.04,https://twitchtracker.com/games/1767132907
242,2090279789,FINAL FANTASY XVI,40.0,-11.1,0.04,https://twitchtracker.com/games/2090279789
243,29452,Virtual Casino,39.0,0.0,0.039,https://twitchtracker.com/games/29452
244,505963,Atomic Heart,39.0,388.0,0.039,https://twitchtracker.com/games/505963
245,512709,Call of Duty: Black Ops Cold War,39.0,-11.4,0.039,https://twitchtracker.com/games/512709
246,1407096487,Star Wars Jedi: Survivor,39.0,-2.5,0.039,https://twitchtracker.com/games/1407096487
247,1447325110,The Texas Chain Saw Massacre,39.0,8.3,0.039,https://twitchtracker.com/games/1447325110
248,18707,Grand Theft Auto IV,38.0,-2.6,0.038,https://twitchtracker.com/games/18707
249,19357,Guild Wars 2,38.0,-7.3,0.038,https://twitchtracker.com/games/19357
250,24438,MU Online,38.0,5.6,0.038,https://twitchtracker.com/games/24438
251,130942,Factorio,38.0,-2.6,0.038,https://twitchtracker.com/games/130942
252,460637,Dead Island 2,38.0,-5.0,0.038,https://twitchtracker.com/games/460637
253,503233,Dragon Age: The Veilguard,38.0,-19.1,0.038,https://twitchtracker.com/games/503233
254,512998,The Legend of Zelda: Tears of the Kingdom,38.0,5.6,0.038,https://twitchtracker.com/games/512998
255,669337588,Microsoft Flight Simulator 2024,38.0,-7.3,0.038,https://twitchtracker.com/games/669337588
256,2128139746,The Quinfall,38.0,3700.0,0.038,https://twitchtracker.com/games/2128139746
257,2692,Super Mario 64,37.0,-2.6,0.037,https://twitchtracker.com/games/2692
258,495811,SCUM,37.0,5.7,0.037,https://twitchtracker.com/games/495811
259,9618,Pokémon Trading Card Game,36.0,-7.7,0.036,https://twitchtracker.com/games/9618
260,31336,Metin2,36.0,-23.4,0.036,https://twitchtracker.com/games/31336
261,369418,GeoGuessr,36.0,0.0,0.036,https://twitchtracker.com/games/369418
262,490422,StarCraft II,36.0,-5.3,0.036,https://twitchtracker.com/games/490422
263,491318,Borderlands 3,36.0,-5.3,0.036,https://twitchtracker.com/games/491318
264,509667,Food & Drink,36.0,9.1,0.036,https://twitchtracker.com/games/509667
265,515349,Lineage II,36.0,2.9,0.036,https://twitchtracker.com/games/515349
266,518017,Resident Evil Village,36.0,-2.7,0.036,https://twitchtracker.com/games/518017
267,144418804,LOCKDOWN Protocol,36.0,-12.2,0.036,https://twitchtracker.com/games/144418804
268,29307,Path of Exile,35.0,9.4,0.035,https://twitchtracker.com/games/29307
269,369380,Dying Light,35.0,12.9,0.035,https://twitchtracker.com/games/369380
270,251880403,Tales of Graces f Remastered,35.0,-34.0,0.035,https://twitchtracker.com/games/251880403
271,715052357,Nine Sols,35.0,-5.4,0.035,https://twitchtracker.com/games/715052357
272,1968997035,Persona 3 Reload,35.0,0.0,0.035,https://twitchtracker.com/games/1968997035
273,2134326347,Heroes of Hammerwatch II,35.0,-22.2,0.035,https://twitchtracker.com/games/2134326347
274,7193,Microsoft Flight Simulator,34.0,-10.5,0.034,https://twitchtracker.com/games/7193
275,13332,Pokémon FireRed/LeafGreen,34.0,-2.9,0.034,https://twitchtracker.com/games/13332
276,375403621,Pokémon Trading Card Game Pocket,34.0,-2.9,0.034,https://twitchtracker.com/games/375403621
277,1628434805,EA Sports UFC 5,34.0,-12.8,0.034,https://twitchtracker.com/games/1628434805
278,23453,Fallout: New Vegas,33.0,3.1,0.033,https://twitchtracker.com/games/23453
279,488634,Don't Starve Together,33.0,17.9,0.033,https://twitchtracker.com/games/488634
280,497304,Russian Fishing 4,33.0,6.5,0.033,https://twitchtracker.com/games/497304
281,506442,DOOM Eternal,33.0,73.7,0.033,https://twitchtracker.com/games/506442
282,511864,Persona 5 Royal,33.0,-2.9,0.033,https://twitchtracker.com/games/511864
283,3151,Tournament Poker,32.0,-3.0,0.032,https://twitchtracker.com/games/3151
284,31750,Arma 3,32.0,6.7,0.032,https://twitchtracker.com/games/31750
285,376617167,PAL,32.0,-15.8,0.032,https://twitchtracker.com/games/376617167
286,980679052,Dead Space,32.0,6.7,0.032,https://twitchtracker.com/games/980679052
287,1397210469,Miniatures & Models,32.0,0.0,0.032,https://twitchtracker.com/games/1397210469
288,1967084783,Marvel's Spider-Man 2,32.0,-5.9,0.032,https://twitchtracker.com/games/1967084783
289,2897,The Simpsons: Hit & Run,31.0,-27.9,0.031,https://twitchtracker.com/games/2897
290,12839,Heroes of Might and Magic III: The Restoration of Erathia,31.0,0.0,0.031,https://twitchtracker.com/games/12839
291,16676,Team Fortress 2,31.0,3.3,0.031,https://twitchtracker.com/games/16676
292,490713,UNDERTALE,31.0,29.2,0.031,https://twitchtracker.com/games/490713
293,278888515,Gartic Phone,31.0,6.9,0.031,https://twitchtracker.com/games/278888515
294,666511413,The Crew: Motorfest,31.0,-3.1,0.031,https://twitchtracker.com/games/666511413
295,687129551,Trackmania,31.0,10.7,0.031,https://twitchtracker.com/games/687129551
296,1668881185,The Lord of the Rings: Return to Moria,31.0,-8.8,0.031,https://twitchtracker.com/games/1668881185
297,12924,Warcraft III,30.0,11.1,0.03,https://twitchtracker.com/games/12924
298,18846,Garry's Mod,30.0,7.1,0.03,https://twitchtracker.com/games/18846
299,492553,Sid Meier's Civilization VI,30.0,-3.2,0.03,https://twitchtracker.com/games/492553
300,494552,The Last of Us Part II,30.0,3.4,0.03,https://twitchtracker.com/games/494552
301,511701,Ready or Not,30.0,-26.8,0.03,https://twitchtracker.com/games/511701
302,518015,Horizon Forbidden West,30.0,-14.3,0.03,https://twitchtracker.com/games/518015
303,518873,"Warhammer 40,000: Darktide",30.0,0.0,0.03,https://twitchtracker.com/games/518873
304,623879571,NBA 2K24,30.0,-6.3,0.03,https://twitchtracker.com/games/623879571
305,1075593745,Synduality: Echo of Ada,30.0,3.4,0.03,https://twitchtracker.com/games/1075593745
306,1230742965,TCG Card Shop Simulator,30.0,-6.3,0.03,https://twitchtracker.com/games/1230742965
307,2091165871,Football Manager 2024,30.0,0.0,0.03,https://twitchtracker.com/games/2091165871
308,2083,RuneScape,29.0,-3.3,0.029,https://twitchtracker.com/games/2083
309,32345,Borderlands 2,29.0,3.6,0.029,https://twitchtracker.com/games/32345
310,32959,Heroes of the Storm,29.0,-3.3,0.029,https://twitchtracker.com/games/32959
311,492535,Celeste,29.0,0.0,0.029,https://twitchtracker.com/games/492535
312,494839,Deep Rock Galactic,29.0,7.4,0.029,https://twitchtracker.com/games/494839
313,512864,Eternal Return,29.0,-19.4,0.029,https://twitchtracker.com/games/512864
314,1438678100,Madden NFL 24,29.0,-3.3,0.029,https://twitchtracker.com/games/1438678100
315,15285,Sport Sport,28.0,-12.5,0.028,https://twitchtracker.com/games/15285
316,110758,The Legend of Zelda: Breath of the Wild,28.0,3.7,0.028,https://twitchtracker.com/games/110758
317,493551,Conan Exiles,28.0,0.0,0.028,https://twitchtracker.com/games/493551
318,498417,Vintage Story,28.0,40.0,0.028,https://twitchtracker.com/games/498417
319,512534,Tom Clancy's Ghost Recon: Breakpoint,28.0,3.7,0.028,https://twitchtracker.com/games/512534
320,518692,Far Cry 6,28.0,7.7,0.028,https://twitchtracker.com/games/518692
321,519492,Medieval Dynasty,28.0,0.0,0.028,https://twitchtracker.com/games/519492
322,966704637,MIR 4,28.0,-9.7,0.028,https://twitchtracker.com/games/966704637
323,29056,Knight Online,27.0,-25.0,0.027,https://twitchtracker.com/games/29056
324,73586,Outlast,27.0,28.6,0.027,https://twitchtracker.com/games/73586
325,459064,Cuphead,27.0,-3.6,0.027,https://twitchtracker.com/games/459064
326,459676,Batman: Arkham Knight,27.0,-6.9,0.027,https://twitchtracker.com/games/459676
327,491168,Clash Royale,27.0,-6.9,0.027,https://twitchtracker.com/games/491168
328,492934,Resident Evil 7: Biohazard,27.0,0.0,0.027,https://twitchtracker.com/games/492934
329,496902,Slay the Spire,27.0,3.8,0.027,https://twitchtracker.com/games/496902
330,504462,Call of Duty: Black Ops 4,27.0,3.8,0.027,https://twitchtracker.com/games/504462
331,506438,Starfield,27.0,-3.6,0.027,https://twitchtracker.com/games/506438
332,509664,Tabletop RPGs,27.0,0.0,0.027,https://twitchtracker.com/games/509664
333,511230,Stream Raiders,27.0,-3.6,0.027,https://twitchtracker.com/games/511230
334,513589,Path of Titans,27.0,-3.6,0.027,https://twitchtracker.com/games/513589
335,394758168,Content Warning,27.0,0.0,0.027,https://twitchtracker.com/games/394758168
336,1244970157,Undisputed,27.0,-10.0,0.027,https://twitchtracker.com/games/1244970157
337,32507,SMITE,26.0,-10.3,0.026,https://twitchtracker.com/games/32507
338,68351,Mount & Blade II: Bannerlord,26.0,-10.3,0.026,https://twitchtracker.com/games/68351
339,80607,Elite: Dangerous,26.0,-13.3,0.026,https://twitchtracker.com/games/80607
340,418016,The Long Dark,26.0,-7.1,0.026,https://twitchtracker.com/games/418016
341,458443,Alien: Isolation,26.0,4.0,0.026,https://twitchtracker.com/games/458443
342,32736074,Blood Strike,26.0,13.0,0.026,https://twitchtracker.com/games/32736074
343,721156300,SUPERVIVE,26.0,-13.3,0.026,https://twitchtracker.com/games/721156300
344,1312214340,Stumble Guys,26.0,4.0,0.026,https://twitchtracker.com/games/1312214340
345,488479,Squad,25.0,-10.7,0.025,https://twitchtracker.com/games/488479
346,497078,Far Cry 5,25.0,-3.8,0.025,https://twitchtracker.com/games/497078
347,502829,R2 Online: Reign of Revolution,25.0,0.0,0.025,https://twitchtracker.com/games/502829
348,504199,Battlefield V,25.0,-3.8,0.025,https://twitchtracker.com/games/504199
349,509110,Risk of Rain 2,25.0,0.0,0.025,https://twitchtracker.com/games/509110
350,512708,Mahjong Soul,25.0,13.6,0.025,https://twitchtracker.com/games/512708
351,252812003,Supermarket Simulator,25.0,-7.4,0.025,https://twitchtracker.com/games/252812003
352,1250647518,Sniper Elite: Resistance,25.0,2400.0,0.025,https://twitchtracker.com/games/1250647518
353,1286840579,Demonologist,25.0,-21.9,0.025,https://twitchtracker.com/games/1286840579
354,1995842324,Remnant II,25.0,-3.8,0.025,https://twitchtracker.com/games/1995842324
355,10609,Pokémon Emerald Version,24.0,4.3,0.024,https://twitchtracker.com/games/10609
356,489405,Dragon Ball Z: Dokkan Battle,24.0,140.0,0.024,https://twitchtracker.com/games/489405
357,490379,Tom Clancy's Ghost Recon: Wildlands,24.0,4.3,0.024,https://twitchtracker.com/games/490379
358,493174,Jackbox Party Packs,24.0,0.0,0.024,https://twitchtracker.com/games/493174
359,495122,State of Decay 2,24.0,-7.7,0.024,https://twitchtracker.com/games/495122
360,512034,Stellar Blade,24.0,-17.2,0.024,https://twitchtracker.com/games/512034
361,515214,Politics,24.0,-17.2,0.024,https://twitchtracker.com/games/515214
362,14842174,Chained Together,24.0,0.0,0.024,https://twitchtracker.com/games/14842174
363,380978759,Escape from Tarkov: Arena,24.0,-11.1,0.024,https://twitchtracker.com/games/380978759
364,530998549,Coin Pusher World,24.0,4.3,0.024,https://twitchtracker.com/games/530998549
365,623291583,Ghosts of Tabor,24.0,26.3,0.024,https://twitchtracker.com/games/623291583
366,649775967,Resident Evil 3,24.0,9.1,0.024,https://twitchtracker.com/games/649775967
367,1057431629,Tails of Iron II: Whiskers of Winter,24.0,0.0,0.024,https://twitchtracker.com/games/1057431629
368,1780647523,HITMAN World of Assassination,24.0,9.1,0.024,https://twitchtracker.com/games/1780647523
369,13263,EVE Online,23.0,4.5,0.023,https://twitchtracker.com/games/13263
370,15631,Grand Theft Auto: Vice City,23.0,283.0,0.023,https://twitchtracker.com/games/15631
371,20050,Perfect World,23.0,-8.0,0.023,https://twitchtracker.com/games/20050
372,21934,Star Wars: The Old Republic,23.0,0.0,0.023,https://twitchtracker.com/games/21934
373,415409,Pantheon: Rise of the Fallen,23.0,-4.2,0.023,https://twitchtracker.com/games/415409
374,476269,Yakuza 0,23.0,9.5,0.023,https://twitchtracker.com/games/476269
375,496960,Assassin's Creed Origins,23.0,4.5,0.023,https://twitchtracker.com/games/496960
376,497388,A Way Out,23.0,9.5,0.023,https://twitchtracker.com/games/497388
377,519103,PowerWash Simulator,23.0,-14.8,0.023,https://twitchtracker.com/games/519103
378,890558948,Torchlight: Infinite,23.0,-32.4,0.023,https://twitchtracker.com/games/890558948
379,1728683467,Core Keeper,23.0,-8.0,0.023,https://twitchtracker.com/games/1728683467
380,1788326126,Diablo II: Resurrected,23.0,4.5,0.023,https://twitchtracker.com/games/1788326126
381,9435,The Legend of Zelda: A Link to the Past,22.0,-4.3,0.022,https://twitchtracker.com/games/9435
382,16937,Artifact,22.0,10.0,0.022,https://twitchtracker.com/games/16937
383,22848,Red Dead Redemption,22.0,0.0,0.022,https://twitchtracker.com/games/22848
384,33180,The Last of Us,22.0,0.0,0.022,https://twitchtracker.com/games/33180
385,488500,Battlefield 1,22.0,4.8,0.022,https://twitchtracker.com/games/488500
386,489335,Outer Wilds,22.0,10.0,0.022,https://twitchtracker.com/games/489335
387,498482,Age of Empires IV,22.0,0.0,0.022,https://twitchtracker.com/games/498482
388,503116,Beat Saber,22.0,4.8,0.022,https://twitchtracker.com/games/503116
389,494436328,The Bazaar,22.0,10.0,0.022,https://twitchtracker.com/games/494436328
390,1471610418,Super Mario Party Jamboree,22.0,-18.5,0.022,https://twitchtracker.com/games/1471610418
391,1735523241,Resident Evil 4,22.0,-8.3,0.022,https://twitchtracker.com/games/1735523241
392,16145,Forza Motorsport,21.0,-8.7,0.021,https://twitchtracker.com/games/16145
393,490948,The Isle,21.0,0.0,0.021,https://twitchtracker.com/games/490948
394,497301,Honor of Kings,21.0,0.0,0.021,https://twitchtracker.com/games/497301
395,516984,Radio General,21.0,16.7,0.021,https://twitchtracker.com/games/516984
396,517769,Mafia: Definitive Edition,21.0,0.0,0.021,https://twitchtracker.com/games/517769
397,457975278,PokeMMO,21.0,-4.5,0.021,https://twitchtracker.com/games/457975278
398,506089309,SIFU,21.0,-4.5,0.021,https://twitchtracker.com/games/506089309
399,772157971,Writing & Reading,21.0,0.0,0.021,https://twitchtracker.com/games/772157971
400,1074044196,Alan Wake II,21.0,-8.7,0.021,https://twitchtracker.com/games/1074044196
401,1133341572,The First Berserker: Khazan,21.0,-65.0,0.021,https://twitchtracker.com/games/1133341572
402,1913410799,Total War: WARHAMMER III,21.0,0.0,0.021,https://twitchtracker.com/games/1913410799
403,2109666737,ASTRO BOT,21.0,-19.2,0.021,https://twitchtracker.com/games/2109666737
404,1229,Super Mario World,20.0,-9.1,0.02,https://twitchtracker.com/games/1229
405,11988,FINAL FANTASY VII,20.0,11.1,0.02,https://twitchtracker.com/games/11988
406,23894,Call of Duty: Black Ops,20.0,0.0,0.02,https://twitchtracker.com/games/23894
407,369579,Tom Clancy's The Division,20.0,0.0,0.02,https://twitchtracker.com/games/369579
408,517159,Guilty Gear: Strive,20.0,5.3,0.02,https://twitchtracker.com/games/517159
409,468880140,PGA TOUR 2K23,20.0,-4.8,0.02,https://twitchtracker.com/games/468880140
410,1269041770,Liar's Bar,20.0,-20.0,0.02,https://twitchtracker.com/games/1269041770
411,1330093788,Voices of the Void,20.0,11.1,0.02,https://twitchtracker.com/games/1330093788
412,1499221970,Eternal Strands,20.0,150.0,0.02,https://twitchtracker.com/games/1499221970
413,1975639786,Like a Dragon: Infinite Wealth,20.0,0.0,0.02,https://twitchtracker.com/games/1975639786
414,2138512149,Blood Strike,20.0,5.3,0.02,https://twitchtracker.com/games/2138512149
415,391475,Space Engineers,19.0,0.0,0.019,https://twitchtracker.com/games/391475
416,505257,Enlisted,19.0,11.8,0.019,https://twitchtracker.com/games/505257
417,511471,Darkest Dungeon II,19.0,217.0,0.019,https://twitchtracker.com/games/511471
418,516588,Rise Online,19.0,0.0,0.019,https://twitchtracker.com/games/516588
419,518007,Marvel's Spider-Man: Miles Morales,19.0,0.0,0.019,https://twitchtracker.com/games/518007
420,522224787,Need for Speed: Hot Pursuit - Remastered,19.0,-20.8,0.019,https://twitchtracker.com/games/522224787
421,1075600787,Backrooms: Escape Together,19.0,-5.0,0.019,https://twitchtracker.com/games/1075600787
422,1580396182,EA Sports WRC,19.0,26.7,0.019,https://twitchtracker.com/games/1580396182
423,1819887434,Tomb Raider I•II•III Remastered,19.0,5.6,0.019,https://twitchtracker.com/games/1819887434
424,2066107586,Escape the Backrooms,19.0,-13.6,0.019,https://twitchtracker.com/games/2066107586
425,2128929587,Radio Station,19.0,0.0,0.019,https://twitchtracker.com/games/2128929587
426,23857,Pokémon HeartGold/SoulSilver,18.0,0.0,0.018,https://twitchtracker.com/games/23857
427,30740,The Walking Dead,18.0,0.0,0.018,https://twitchtracker.com/games/30740
428,33437,Resident Evil 6,18.0,5.9,0.018,https://twitchtracker.com/games/33437
429,34222,Home,18.0,-5.3,0.018,https://twitchtracker.com/games/34222
430,497509,Ashes of Creation,18.0,-14.3,0.018,https://twitchtracker.com/games/497509
431,503446,Star Wars Jedi: Fallen Order,18.0,0.0,0.018,https://twitchtracker.com/games/503446
432,509671,Fitness & Health,18.0,-5.3,0.018,https://twitchtracker.com/games/509671
433,510590,Hades,18.0,-10.0,0.018,https://twitchtracker.com/games/510590
434,511399,Super Mario Maker 2,18.0,5.9,0.018,https://twitchtracker.com/games/511399
435,512971,Chivalry 2,18.0,-5.3,0.018,https://twitchtracker.com/games/512971
436,14333696,Goose Goose Duck,18.0,5.9,0.018,https://twitchtracker.com/games/14333696
437,41917829,Avatar: Frontiers of Pandora,18.0,-10.0,0.018,https://twitchtracker.com/games/41917829
438,766548668,V Rising,18.0,12.5,0.018,https://twitchtracker.com/games/766548668
439,950189725,MultiVersus,18.0,0.0,0.018,https://twitchtracker.com/games/950189725
440,1115711128,PlateUp!,18.0,-5.3,0.018,https://twitchtracker.com/games/1115711128
441,1617903053,Like a Dragon Gaiden: The Man Who Erased His Name,18.0,200.0,0.018,https://twitchtracker.com/games/1617903053
442,1678052513,Call of Duty: Modern Warfare II,18.0,-14.3,0.018,https://twitchtracker.com/games/1678052513
443,10322,FINAL FANTASY X,17.0,6.3,0.017,https://twitchtracker.com/games/10322
444,12482,The Legend of Zelda: Majora's Mask,17.0,-5.6,0.017,https://twitchtracker.com/games/12482
445,34054,El Chavo,17.0,-5.6,0.017,https://twitchtracker.com/games/34054
446,489668,Granblue Fantasy,17.0,143.0,0.017,https://twitchtracker.com/games/489668
447,491115,Paladins,17.0,0.0,0.017,https://twitchtracker.com/games/491115
448,493280,Rec Room,17.0,-5.6,0.017,https://twitchtracker.com/games/493280
449,493997,Super Mario Odyssey,17.0,6.3,0.017,https://twitchtracker.com/games/493997
450,505371,Marvel's Spider-Man,17.0,-5.6,0.017,https://twitchtracker.com/games/505371
451,508948,Raid: Shadow Legends,17.0,-5.6,0.017,https://twitchtracker.com/games/508948
452,510578,Mortal Kombat 11,17.0,-5.6,0.017,https://twitchtracker.com/games/510578
453,512226,World of Warships: Legends,17.0,13.3,0.017,https://twitchtracker.com/games/512226
454,288839742,The Stanley Parable: Ultra Deluxe,17.0,-19.0,0.017,https://twitchtracker.com/games/288839742
455,780037970,Star Wars Outlaws,17.0,-10.5,0.017,https://twitchtracker.com/games/780037970
456,1538476028,Road 96,17.0,-22.7,0.017,https://twitchtracker.com/games/1538476028
457,1673899638,Nuclear Nightmare,17.0,54.5,0.017,https://twitchtracker.com/games/1673899638
458,1743359147,Marvel Snap,17.0,-34.6,0.017,https://twitchtracker.com/games/1743359147
459,16282,Super Smash Bros. Melee,16.0,0.0,0.016,https://twitchtracker.com/games/16282
460,118198,Assassin's Creed IV Black Flag,16.0,14.3,0.016,https://twitchtracker.com/games/118198
461,140035,World of Tanks: Blitz,16.0,0.0,0.016,https://twitchtracker.com/games/140035
462,459327,Hearts of Iron IV,16.0,-5.9,0.016,https://twitchtracker.com/games/459327
463,489201,Titanfall 2,16.0,0.0,0.016,https://twitchtracker.com/games/489201
464,490655,Pokémon GO,16.0,0.0,0.016,https://twitchtracker.com/games/490655
465,492546,Star Wars Battlefront II,16.0,-5.9,0.016,https://twitchtracker.com/games/492546
466,497410,Metro Exodus,16.0,-11.1,0.016,https://twitchtracker.com/games/497410
467,497451,Pokémon Sword/Shield,16.0,-20.0,0.016,https://twitchtracker.com/games/497451
468,506078,Green Hell,16.0,-11.1,0.016,https://twitchtracker.com/games/506078
469,508662,Identity V,16.0,0.0,0.016,https://twitchtracker.com/games/508662
470,511212,Subnautica: Below Zero,16.0,14.3,0.016,https://twitchtracker.com/games/511212
471,513553,Sky: Children of the Light,16.0,-15.8,0.016,https://twitchtracker.com/games/513553
472,514888,Crusader Kings III,16.0,6.7,0.016,https://twitchtracker.com/games/514888
473,515381,Necesse,16.0,700.0,0.016,https://twitchtracker.com/games/515381
474,519528,Ravenfall,16.0,6.7,0.016,https://twitchtracker.com/games/519528
475,43579844,Lego & Brickbuilding,16.0,-15.8,0.016,https://twitchtracker.com/games/43579844
476,125264560,Clone Hero,16.0,0.0,0.016,https://twitchtracker.com/games/125264560
477,344714178,Virtua Fighter 5 R.E.V.O.,16.0,1500.0,0.016,https://twitchtracker.com/games/344714178
478,435870350,Dragon's Dogma II,16.0,-5.9,0.016,https://twitchtracker.com/games/435870350
479,478131056,Donkey Kong Country Returns HD,16.0,-44.8,0.016,https://twitchtracker.com/games/478131056
480,643774725,33 Immortals,16.0,0.0,0.016,https://twitchtracker.com/games/643774725
481,678842894,Arena Breakout,16.0,0.0,0.016,https://twitchtracker.com/games/678842894
482,685022220,Amenti,16.0,-5.9,0.016,https://twitchtracker.com/games/685022220
483,863451903,Phantasy Star Online 2 New Genesis,16.0,6.7,0.016,https://twitchtracker.com/games/863451903
484,928412879,Need for Speed: Unbound,16.0,-5.9,0.016,https://twitchtracker.com/games/928412879
485,1290989747,The Legend of Zelda: Echoes of Wisdom,16.0,-11.1,0.016,https://twitchtracker.com/games/1290989747
486,1331855755,Darts,16.0,6.7,0.016,https://twitchtracker.com/games/1331855755
487,1505767674,Mario & Luigi: Brothership,16.0,-5.9,0.016,https://twitchtracker.com/games/1505767674
488,1614555304,Call of Duty: Modern Warfare,16.0,-5.9,0.016,https://twitchtracker.com/games/1614555304
489,1641202444,Until Dawn,16.0,-5.9,0.016,https://twitchtracker.com/games/1641202444
490,2106425216,Gray Zone Warfare,16.0,-5.9,0.016,https://twitchtracker.com/games/2106425216
491,10229,FINAL FANTASY XI ONLINE,15.0,-6.3,0.015,https://twitchtracker.com/games/10229
492,17000,Ninja Gaiden Sigma,15.0,650.0,0.015,https://twitchtracker.com/games/17000
493,18808,Resident Evil 5,15.0,-11.8,0.015,https://twitchtracker.com/games/18808
494,19731,Portal 2,15.0,0.0,0.015,https://twitchtracker.com/games/19731
495,20941,Wizard101,15.0,0.0,0.015,https://twitchtracker.com/games/20941
496,34134,Call of Duty: Black Ops II,15.0,-6.3,0.015,https://twitchtracker.com/games/34134
497,491117,Fishing Planet,15.0,-6.3,0.015,https://twitchtracker.com/games/491117
498,491180,Twitch Plays,15.0,0.0,0.015,https://twitchtracker.com/games/491180
499,491381,Golf With Your Friends,15.0,-11.8,0.015,https://twitchtracker.com/games/491381
500,506489,Vigor,15.0,0.0,0.015,https://twitchtracker.com/games/506489
501,511746,Back 4 Blood,15.0,0.0,0.015,https://twitchtracker.com/games/511746
502,512121,Yakuza: Like a Dragon,15.0,0.0,0.015,https://twitchtracker.com/games/512121
503,174553474,F1 23,15.0,-11.8,0.015,https://twitchtracker.com/games/174553474
504,255386500,Luma Island,15.0,36.4,0.015,https://twitchtracker.com/games/255386500
505,266171339,NFL Football,15.0,650.0,0.015,https://twitchtracker.com/games/266171339
506,290075012,Sword of Justice,15.0,36.4,0.015,https://twitchtracker.com/games/290075012
507,561013832,Pokémon Legends: Arceus,15.0,15.4,0.015,https://twitchtracker.com/games/561013832
508,743214338,Brotato,15.0,-6.3,0.015,https://twitchtracker.com/games/743214338
509,1035435242,Sports!,15.0,1400.0,0.015,https://twitchtracker.com/games/1035435242
510,1262047844,Marvel's Spider-Man Remastered,15.0,7.1,0.015,https://twitchtracker.com/games/1262047844
511,1311010677,Planet Crafter,15.0,7.1,0.015,https://twitchtracker.com/games/1311010677
512,1444831815,Space Engineers 2,15.0,0.0,0.015,https://twitchtracker.com/games/1444831815
513,2092725748,Horizon Zero Dawn Remastered,15.0,0.0,0.015,https://twitchtracker.com/games/2092725748
514,1654,Gothic II,14.0,0.0,0.014,https://twitchtracker.com/games/1654
515,18763,Fallout 3,14.0,7.7,0.014,https://twitchtracker.com/games/18763
516,20061,CABAL Online,14.0,-6.7,0.014,https://twitchtracker.com/games/20061
517,29918,Warface,14.0,-12.5,0.014,https://twitchtracker.com/games/29918
518,32542,Persona 4 Golden,14.0,0.0,0.014,https://twitchtracker.com/games/32542
519,66402,Battlefield 4,14.0,7.7,0.014,https://twitchtracker.com/games/66402
520,73914,Clash of Clans,14.0,0.0,0.014,https://twitchtracker.com/games/73914
521,491878,BeamNG.drive,14.0,-6.7,0.014,https://twitchtracker.com/games/491878
522,492113,Crossout,14.0,0.0,0.014,https://twitchtracker.com/games/492113
523,505705,Noita,14.0,7.7,0.014,https://twitchtracker.com/games/505705
524,506458,Overcooked! 2,14.0,-12.5,0.014,https://twitchtracker.com/games/506458
525,508292,Bloons TD 6,14.0,0.0,0.014,https://twitchtracker.com/games/508292
526,510117,Outlast II,14.0,16.7,0.014,https://twitchtracker.com/games/510117
527,511743,Sniper Elite 5,14.0,-6.7,0.014,https://twitchtracker.com/games/511743
528,512033,GODDESS OF VICTORY: NIKKE,14.0,-6.7,0.014,https://twitchtracker.com/games/512033
529,514194,Rogue Company,14.0,0.0,0.014,https://twitchtracker.com/games/514194
530,518006,Stray,14.0,-6.7,0.014,https://twitchtracker.com/games/518006
531,155409827,Pokémon Trading Card Game Live,14.0,7.7,0.014,https://twitchtracker.com/games/155409827
532,177157840,Schoolboy Runaway,14.0,-30.0,0.014,https://twitchtracker.com/games/177157840
533,273333352,Assassin's Creed Mirage,14.0,16.7,0.014,https://twitchtracker.com/games/273333352
534,467024621,Ōkami HD,14.0,-6.7,0.014,https://twitchtracker.com/games/467024621
535,533344586,Solo Leveling: Arise,14.0,-6.7,0.014,https://twitchtracker.com/games/533344586
536,1109059789,RetroMMO,14.0,0.0,0.014,https://twitchtracker.com/games/1109059789
537,1147745783,Inscryption,14.0,-12.5,0.014,https://twitchtracker.com/games/1147745783
538,1280358639,World War Z: Aftermath,14.0,-12.5,0.014,https://twitchtracker.com/games/1280358639
539,1581126534,DREDGE,14.0,-12.5,0.014,https://twitchtracker.com/games/1581126534
540,1594393054,Death Stranding: Director's Cut,14.0,-6.7,0.014,https://twitchtracker.com/games/1594393054
541,1937599489,The Quarry,14.0,-6.7,0.014,https://twitchtracker.com/games/1937599489
542,2058566581,Mafia II: Definitive Edition,14.0,-12.5,0.014,https://twitchtracker.com/games/2058566581
543,5899,Stocks and Bonds,13.0,0.0,0.013,https://twitchtracker.com/games/5899
544,11989,StarCraft,13.0,8.3,0.013,https://twitchtracker.com/games/11989
545,21812,Demon's Souls,13.0,0.0,0.013,https://twitchtracker.com/games/21812
546,65997,PAYDAY 2,13.0,0.0,0.013,https://twitchtracker.com/games/65997
547,91419,Metal Gear Solid V: The Phantom Pain,13.0,0.0,0.013,https://twitchtracker.com/games/91419
548,460620,Rise of the Tomb Raider,13.0,8.3,0.013,https://twitchtracker.com/games/460620
549,489111,Summoners War: Sky Arena,13.0,0.0,0.013,https://twitchtracker.com/games/489111
550,489767,XCOM 2,13.0,-7.1,0.013,https://twitchtracker.com/games/489767
551,492930,Watch Dogs 2,13.0,8.3,0.013,https://twitchtracker.com/games/492930
552,497118,The Crew 2,13.0,-7.1,0.013,https://twitchtracker.com/games/497118
553,498523,Conqueror's Blade,13.0,18.2,0.013,https://twitchtracker.com/games/498523
554,504735,Shadow of the Tomb Raider,13.0,-18.8,0.013,https://twitchtracker.com/games/504735
555,509549,Pummel Party,13.0,-7.1,0.013,https://twitchtracker.com/games/509549
556,511195,DRAGON BALL Z: KAKAROT,13.0,-13.3,0.013,https://twitchtracker.com/games/511195
557,298860868,Age of Darkness: Final Stand,13.0,-18.8,0.013,https://twitchtracker.com/games/298860868
558,686119195,Armored Core VI: Fires of Rubicon,13.0,0.0,0.013,https://twitchtracker.com/games/686119195
559,1468190144,Aion,13.0,0.0,0.013,https://twitchtracker.com/games/1468190144
560,1470211036,Dave the Diver,13.0,-18.8,0.013,https://twitchtracker.com/games/1470211036
561,1471416868,UFL,13.0,-13.3,0.013,https://twitchtracker.com/games/1471416868
562,1775804061,Sonic X Shadow Generations,13.0,-18.8,0.013,https://twitchtracker.com/games/1775804061
563,1833694612,Vampire Survivors,13.0,8.3,0.013,https://twitchtracker.com/games/1833694612
564,1846293708,Fields of Mistria,13.0,8.3,0.013,https://twitchtracker.com/games/1846293708
565,2015434764,LEGO Fortnite: Odyssey,13.0,0.0,0.013,https://twitchtracker.com/games/2015434764
566,2060730947,Le Mans Ultimate,13.0,18.2,0.013,https://twitchtracker.com/games/2060730947
567,2113043143,PAYDAY 3,13.0,-13.3,0.013,https://twitchtracker.com/games/2113043143
568,2143096682,Five Nights at Freddy's: Security Breach,13.0,8.3,0.013,https://twitchtracker.com/games/2143096682
569,1420,Half-Life 2,12.0,0.0,0.012,https://twitchtracker.com/games/1420
570,8105,South Park,12.0,-7.7,0.012,https://twitchtracker.com/games/8105
571,10710,Counter-Strike 1.6,12.0,0.0,0.012,https://twitchtracker.com/games/10710
572,18526,The Elder Scrolls IV: Oblivion,12.0,0.0,0.012,https://twitchtracker.com/games/18526
573,19180,FINAL FANTASY XV,12.0,9.1,0.012,https://twitchtracker.com/games/19180
574,33945,Starbound,12.0,200.0,0.012,https://twitchtracker.com/games/33945
575,68000,The Evil Within,12.0,9.1,0.012,https://twitchtracker.com/games/68000
576,418063,Five Nights at Freddy's,12.0,9.1,0.012,https://twitchtracker.com/games/418063
577,458353,Darkest Dungeon,12.0,9.1,0.012,https://twitchtracker.com/games/458353
578,489297,Lords of the Fallen,12.0,20.0,0.012,https://twitchtracker.com/games/489297
579,491705,Insurgency: Sandstorm,12.0,-7.7,0.012,https://twitchtracker.com/games/491705
580,491870,Astroneer,12.0,-7.7,0.012,https://twitchtracker.com/games/491870
581,493125,My Summer Car,12.0,-20.0,0.012,https://twitchtracker.com/games/493125
582,493815,Oxygen Not Included,12.0,0.0,0.012,https://twitchtracker.com/games/493815
583,494131,Little Nightmares,12.0,0.0,0.012,https://twitchtracker.com/games/494131
584,494162,NieR: Automata,12.0,-7.7,0.012,https://twitchtracker.com/games/494162
585,494364,Death Stranding,12.0,-7.7,0.012,https://twitchtracker.com/games/494364
586,495961,Dead Cells,12.0,9.1,0.012,https://twitchtracker.com/games/495961
587,496000,Middle-earth: Shadow of War,12.0,0.0,0.012,https://twitchtracker.com/games/496000
588,498000,House Flipper,12.0,-7.7,0.012,https://twitchtracker.com/games/498000
589,498302,Arena of Valor,12.0,0.0,0.012,https://twitchtracker.com/games/498302
590,506462,Control,12.0,0.0,0.012,https://twitchtracker.com/games/506462
591,518012,FORSPOKEN,12.0,-25.0,0.012,https://twitchtracker.com/games/518012
592,264231625,Contractors Showdown,12.0,-20.0,0.012,https://twitchtracker.com/games/264231625
593,343455332,Crime Scene Cleaner,12.0,-14.3,0.012,https://twitchtracker.com/games/343455332
594,528918758,Shatterline,12.0,-20.0,0.012,https://twitchtracker.com/games/528918758
595,782322359,Forza Motorsport,12.0,-25.0,0.012,https://twitchtracker.com/games/782322359
596,955166543,Dark Hours,12.0,9.1,0.012,https://twitchtracker.com/games/955166543
597,975920470,BUCKSHOT ROULETTE,12.0,-20.0,0.012,https://twitchtracker.com/games/975920470
598,1094044362,WEBFISHING,12.0,-20.0,0.012,https://twitchtracker.com/games/1094044362
599,1248633549,Poppy Playtime: Chapter 3 - Deep Sleep,12.0,140.0,0.012,https://twitchtracker.com/games/1248633549
600,1732431919,Sonic Frontiers,12.0,0.0,0.012,https://twitchtracker.com/games/1732431919
601,1868356881,Zort,12.0,0.0,0.012,https://twitchtracker.com/games/1868356881
602,1945673289,The Mortuary Assistant,12.0,9.1,0.012,https://twitchtracker.com/games/1945673289
603,1960341762,Coral Island,12.0,0.0,0.012,https://twitchtracker.com/games/1960341762
604,2046477464,Atlas Fallen,12.0,100.0,0.012,https://twitchtracker.com/games/2046477464
605,2058220722,Poppy Playtime,12.0,100.0,0.012,https://twitchtracker.com/games/2058220722
606,2146039317,Farlight 84,12.0,20.0,0.012,https://twitchtracker.com/games/2146039317
607,6715,DOOM,11.0,83.3,0.011,https://twitchtracker.com/games/6715
608,8090,FINAL FANTASY IX,11.0,10.0,0.011,https://twitchtracker.com/games/8090
609,18871,Mario Kart Wii,11.0,-8.3,0.011,https://twitchtracker.com/games/18871
610,31761,Dragon Age: Inquisition,11.0,-15.4,0.011,https://twitchtracker.com/games/31761
611,313331,DCS World,11.0,-8.3,0.011,https://twitchtracker.com/games/313331
612,370472,Wreckfest,11.0,10.0,0.011,https://twitchtracker.com/games/370472
613,413569,The Lord of the Rings Online,11.0,0.0,0.011,https://twitchtracker.com/games/413569
614,458641,Uncharted 4: A Thief's End,11.0,22.2,0.011,https://twitchtracker.com/games/458641
615,489136,Rock Band 4,11.0,0.0,0.011,https://twitchtracker.com/games/489136
616,493388,Foxhole,11.0,-8.3,0.011,https://twitchtracker.com/games/493388
617,496712,Call of Duty: WWII,11.0,10.0,0.011,https://twitchtracker.com/games/496712
618,498668,Warhammer: Vermintide 2,11.0,10.0,0.011,https://twitchtracker.com/games/498668
619,504508,Disco Elysium,11.0,-8.3,0.011,https://twitchtracker.com/games/504508
620,508402,Live,11.0,0.0,0.011,https://twitchtracker.com/games/508402
621,511554,Arknights,11.0,-26.7,0.011,https://twitchtracker.com/games/511554
622,513949,Little Nightmares II,11.0,10.0,0.011,https://twitchtracker.com/games/513949
623,517645,Gunfire Reborn,11.0,-8.3,0.011,https://twitchtracker.com/games/517645
624,518630,Manor Lords,11.0,0.0,0.011,https://twitchtracker.com/games/518630
625,40880368,FC MOBILE,11.0,0.0,0.011,https://twitchtracker.com/games/40880368
626,153495031,Car Mechanic Simulator 2021,11.0,10.0,0.011,https://twitchtracker.com/games/153495031
627,838226069,The Callisto Protocol,11.0,10.0,0.011,https://twitchtracker.com/games/838226069
628,1280007947,Limbus Company,11.0,120.0,0.011,https://twitchtracker.com/games/1280007947
629,1411398523,Vampire: The Masquerade - Bloodhunt,11.0,-8.3,0.011,https://twitchtracker.com/games/1411398523
630,1462834331,Soulmask,11.0,10.0,0.011,https://twitchtracker.com/games/1462834331
631,1712837864,PANICORE,11.0,-8.3,0.011,https://twitchtracker.com/games/1712837864
632,2133075861,Gaming Late at Night,11.0,-8.3,0.011,https://twitchtracker.com/games/2133075861
633,5288,Ultima Online,10.0,11.1,0.01,https://twitchtracker.com/games/5288
634,7595,Super Metroid,10.0,-16.7,0.01,https://twitchtracker.com/games/7595
635,9954,EverQuest,10.0,0.0,0.01,https://twitchtracker.com/games/9954
636,17828,The Legend of Zelda: Twilight Princess,10.0,11.1,0.01,https://twitchtracker.com/games/17828
637,18958,Dragon Age: Origins,10.0,-23.1,0.01,https://twitchtracker.com/games/18958
638,19275,DC Universe Online,10.0,0.0,0.01,https://twitchtracker.com/games/19275
639,19745,Pokémon Platinum Version,10.0,11.1,0.01,https://twitchtracker.com/games/19745
640,28924,Fight Night Champion,10.0,-9.1,0.01,https://twitchtracker.com/games/28924
641,369585,Kingdom Hearts III,10.0,11.1,0.01,https://twitchtracker.com/games/369585
642,459382,Gears of War 4,10.0,11.1,0.01,https://twitchtracker.com/games/459382
643,459527,Gang Beasts,10.0,-9.1,0.01,https://twitchtracker.com/games/459527
644,490374,Horizon Zero Dawn,10.0,0.0,0.01,https://twitchtracker.com/games/490374
645,490378,South Park: The Fractured But Whole,10.0,-9.1,0.01,https://twitchtracker.com/games/490378
646,490644,Divinity: Original Sin II,10.0,-9.1,0.01,https://twitchtracker.com/games/490644
647,491177,Slime Rancher,10.0,0.0,0.01,https://twitchtracker.com/games/491177
648,491437,Call of Duty: Infinite Warfare,10.0,11.1,0.01,https://twitchtracker.com/games/491437
649,491572,Stellaris,10.0,-9.1,0.01,https://twitchtracker.com/games/491572
650,496503,Naruto to Boruto: Shinobi Striker,10.0,0.0,0.01,https://twitchtracker.com/games/496503
651,500627,GTFO,10.0,42.9,0.01,https://twitchtracker.com/games/500627
652,505980,Stoneshard,10.0,0.0,0.01,https://twitchtracker.com/games/505980
653,506468,Nioh 2,10.0,11.1,0.01,https://twitchtracker.com/games/506468
654,509529,Super Animal Royale,10.0,42.9,0.01,https://twitchtracker.com/games/509529
655,512957,Tales of Arise,10.0,0.0,0.01,https://twitchtracker.com/games/512957
656,512987,LEGO Star Wars: The Skywalker Saga,10.0,0.0,0.01,https://twitchtracker.com/games/512987
657,5784346,For the King II,10.0,11.1,0.01,https://twitchtracker.com/games/5784346
658,160739900,LurkBait Twitch Fishing,10.0,11.1,0.01,https://twitchtracker.com/games/160739900
659,330654616,Rivals of Aether II,10.0,0.0,0.01,https://twitchtracker.com/games/330654616
660,486102336,Dragon Quest XI S: Echoes of an Elusive Age - Definitive Edition,10.0,-16.7,0.01,https://twitchtracker.com/games/486102336
661,655697363,Abiotic Factor,10.0,-9.1,0.01,https://twitchtracker.com/games/655697363
662,667377300,Life is Strange: Double Exposure,10.0,0.0,0.01,https://twitchtracker.com/games/667377300
663,843201057,Police Simulator: Patrol Officers,10.0,0.0,0.01,https://twitchtracker.com/games/843201057
664,1044890345,Pokémon Infinite Fusion,10.0,0.0,0.01,https://twitchtracker.com/games/1044890345
665,1299144050,Disney Speedstorm,10.0,-9.1,0.01,https://twitchtracker.com/games/1299144050
666,1349196519,Boxing,10.0,0.0,0.01,https://twitchtracker.com/games/1349196519
667,1418594934,Placid Plastic Duck Simulator,10.0,11.1,0.01,https://twitchtracker.com/games/1418594934
668,1549167076,S.T.A.L.K.E.R.: Anomaly,10.0,25.0,0.01,https://twitchtracker.com/games/1549167076
669,1584745140,Pokémon Brilliant Diamond/Shining Pearl,10.0,25.0,0.01,https://twitchtracker.com/games/1584745140
670,1681462442,Jurassic World Evolution 2,10.0,0.0,0.01,https://twitchtracker.com/games/1681462442
671,1741566793,Dragon Quest III: HD-2D Remake,10.0,-23.1,0.01,https://twitchtracker.com/games/1741566793
672,1938435210,God of War III: Remastered,10.0,11.1,0.01,https://twitchtracker.com/games/1938435210
673,1982936547,Pokémon,10.0,0.0,0.01,https://twitchtracker.com/games/1982936547
674,2015656787,Get To Work,10.0,-16.7,0.01,https://twitchtracker.com/games/2015656787
675,1260,Age of Mythology,9.0,0.0,0.009,https://twitchtracker.com/games/1260
676,4667,Bully: Scholarship Edition,9.0,50.0,0.009,https://twitchtracker.com/games/4667
677,6263,Sonic Adventure 2: Battle,9.0,-10.0,0.009,https://twitchtracker.com/games/6263
678,8271,Mad Max,9.0,0.0,0.009,https://twitchtracker.com/games/8271
679,22959,Alice: Madness Returns,9.0,0.0,0.009,https://twitchtracker.com/games/22959
680,29179,Neverwinter,9.0,12.5,0.009,https://twitchtracker.com/games/29179
681,29433,Dark Souls,9.0,0.0,0.009,https://twitchtracker.com/games/29433
682,29635,Far Cry 3,9.0,-10.0,0.009,https://twitchtracker.com/games/29635
683,33175,South Park: The Stick of Truth,9.0,0.0,0.009,https://twitchtracker.com/games/33175
684,33389,Generation Zero,9.0,0.0,0.009,https://twitchtracker.com/games/33389
685,34025,Kenshi,9.0,-10.0,0.009,https://twitchtracker.com/games/34025
686,459839,Assassin's Creed Unity,9.0,0.0,0.009,https://twitchtracker.com/games/459839
687,460508,Killing Floor 2,9.0,0.0,0.009,https://twitchtracker.com/games/460508
688,488607,Assassin's Creed Syndicate,9.0,0.0,0.009,https://twitchtracker.com/games/488607
689,492547,Need for Speed: Payback,9.0,0.0,0.009,https://twitchtracker.com/games/492547
690,493048,Fate/Grand Order,9.0,-10.0,0.009,https://twitchtracker.com/games/493048
691,494508,Yu-Gi-Oh! Duel Links,9.0,12.5,0.009,https://twitchtracker.com/games/494508
692,497437,The Evil Within 2,9.0,0.0,0.009,https://twitchtracker.com/games/497437
693,499551,World of Tanks Console,9.0,0.0,0.009,https://twitchtracker.com/games/499551
694,504921,Dragon Ball Legends,9.0,-10.0,0.009,https://twitchtracker.com/games/504921
695,506412,Devil May Cry 5,9.0,-10.0,0.009,https://twitchtracker.com/games/506412
696,506413,Forza Horizon 4,9.0,-10.0,0.009,https://twitchtracker.com/games/506413
697,508798,Warhammer,9.0,-10.0,0.009,https://twitchtracker.com/games/508798
698,512341,Planet Zoo,9.0,0.0,0.009,https://twitchtracker.com/games/512341
699,512984,Ghostwire: Tokyo,9.0,0.0,0.009,https://twitchtracker.com/games/512984
700,518764,Kukoro: Stream Chat Games,9.0,0.0,0.009,https://twitchtracker.com/games/518764
701,15387281,Snowbreak: Containment Zone,9.0,200.0,0.009,https://twitchtracker.com/games/15387281
702,37567722,Romancing SaGa 2: Revenge of the Seven,9.0,-10.0,0.009,https://twitchtracker.com/games/37567722
703,95998382,Blue Archive,9.0,50.0,0.009,https://twitchtracker.com/games/95998382
704,350892884,Ghost of Tsushima: Director's Cut,9.0,0.0,0.009,https://twitchtracker.com/games/350892884
705,367176203,Ale & Tale Tavern,9.0,-10.0,0.009,https://twitchtracker.com/games/367176203
706,450732811,Night Crows,9.0,12.5,0.009,https://twitchtracker.com/games/450732811
707,556907291,Cities: Skylines II,9.0,12.5,0.009,https://twitchtracker.com/games/556907291
708,597258098,Dale & Dawson Stationery Supplies,9.0,12.5,0.009,https://twitchtracker.com/games/597258098
709,654543582,The Dark Pictures Anthology: The Devil in Me,9.0,-10.0,0.009,https://twitchtracker.com/games/654543582
710,836519689,DEVOUR,9.0,0.0,0.009,https://twitchtracker.com/games/836519689
711,1067830406,Love and Deepspace,9.0,28.6,0.009,https://twitchtracker.com/games/1067830406
712,1173887206,"Warhammer 40,000: Rogue Trader",9.0,-10.0,0.009,https://twitchtracker.com/games/1173887206
713,1228709591,A Plague Tale: Requiem,9.0,-10.0,0.009,https://twitchtracker.com/games/1228709591
714,1274672891,Spirit City: Lofi Sessions,9.0,0.0,0.009,https://twitchtracker.com/games/1274672891
715,1388445676,Rise of the Ronin,9.0,12.5,0.009,https://twitchtracker.com/games/1388445676
716,1414211237,House Flipper 2,9.0,0.0,0.009,https://twitchtracker.com/games/1414211237
717,1535225577,The Last of Us Part II: Remastered,9.0,-10.0,0.009,https://twitchtracker.com/games/1535225577
718,1745202732,FIFA 23,9.0,0.0,0.009,https://twitchtracker.com/games/1745202732
719,1997284924,A Quiet Place: The Road Ahead,9.0,-10.0,0.009,https://twitchtracker.com/games/1997284924
720,2109314477,Lonely Mountains: Snow Riders,9.0,-18.2,0.009,https://twitchtracker.com/games/2109314477
721,2133072147,Mir Korabley,9.0,-18.2,0.009,https://twitchtracker.com/games/2133072147
722,3951,RF Online,8.0,-11.1,0.008,https://twitchtracker.com/games/3951
723,5360,Resident Evil,8.0,0.0,0.008,https://twitchtracker.com/games/5360
724,6959,Eco,8.0,0.0,0.008,https://twitchtracker.com/games/6959
725,25416,Warzone,8.0,14.3,0.008,https://twitchtracker.com/games/25416
726,27061,Game Room,8.0,0.0,0.008,https://twitchtracker.com/games/27061
727,27101,Crossfire,8.0,14.3,0.008,https://twitchtracker.com/games/27101
728,32207,The Binding of Isaac,8.0,14.3,0.008,https://twitchtracker.com/games/32207
729,369259,Wolfenstein: The New Order,8.0,33.3,0.008,https://twitchtracker.com/games/369259
730,460619,Ori and the Blind Forest,8.0,14.3,0.008,https://twitchtracker.com/games/460619
731,461389,Life is Strange,8.0,-20.0,0.008,https://twitchtracker.com/games/461389
732,490386,Plants vs. Zombies: Garden Warfare 2,8.0,-11.1,0.008,https://twitchtracker.com/games/490386
733,490413,Board Games,8.0,0.0,0.008,https://twitchtracker.com/games/490413
734,492035,Resident Evil,8.0,-11.1,0.008,https://twitchtracker.com/games/492035
735,493081,Granblue Fantasy: Relink,8.0,60.0,0.008,https://twitchtracker.com/games/493081
736,495711,Need for Speed: Most Wanted,8.0,14.3,0.008,https://twitchtracker.com/games/495711
737,496697,Code Vein,8.0,14.3,0.008,https://twitchtracker.com/games/496697
738,497103,Life is Strange 2,8.0,0.0,0.008,https://twitchtracker.com/games/497103
739,497432,TUNIC,8.0,0.0,0.008,https://twitchtracker.com/games/497432
740,497585,Graveyard Keeper,8.0,33.3,0.008,https://twitchtracker.com/games/497585
741,498215,UFO 50,8.0,0.0,0.008,https://twitchtracker.com/games/498215
742,500405,MX Bikes,8.0,0.0,0.008,https://twitchtracker.com/games/500405
743,502914,Blasphemous,8.0,0.0,0.008,https://twitchtracker.com/games/502914
744,505786,OMORI,8.0,0.0,0.008,https://twitchtracker.com/games/505786
745,513753,THE KING OF FIGHTERS XV,8.0,14.3,0.008,https://twitchtracker.com/games/513753
746,21842902,Banishers: Ghosts of New Eden,8.0,14.3,0.008,https://twitchtracker.com/games/21842902
747,89250567,Grand Theft Auto: San Andreas - The Definitive Edition,8.0,0.0,0.008,https://twitchtracker.com/games/89250567
748,107194810,Phoenix Wright: Ace Attorney Trilogy,8.0,0.0,0.008,https://twitchtracker.com/games/107194810
749,182632692,Kiosk,8.0,700.0,0.008,https://twitchtracker.com/games/182632692
750,515881069,Mechabellum,8.0,0.0,0.008,https://twitchtracker.com/games/515881069
751,620146360,Another Crab's Treasure,8.0,-11.1,0.008,https://twitchtracker.com/games/620146360
752,818770426,Granblue Fantasy Versus: Rising,8.0,-20.0,0.008,https://twitchtracker.com/games/818770426
753,880825863,Pacific Drive,8.0,-11.1,0.008,https://twitchtracker.com/games/880825863
754,886884423,NHL 24,8.0,0.0,0.008,https://twitchtracker.com/games/886884423
755,955833519,Brighter Shores,8.0,0.0,0.008,https://twitchtracker.com/games/955833519
756,1042236765,GIRLS' FRONTLINE 2: EXILIUM,8.0,-42.9,0.008,https://twitchtracker.com/games/1042236765
757,1185958139,Murky Divers,8.0,33.3,0.008,https://twitchtracker.com/games/1185958139
758,1448964995,Arknights: Endfield,8.0,-76.5,0.008,https://twitchtracker.com/games/1448964995
759,1540116959,Marvel's Guardians of the Galaxy,8.0,-20.0,0.008,https://twitchtracker.com/games/1540116959
760,1579552694,Borderlands: Game of the Year Enhanced,8.0,-11.1,0.008,https://twitchtracker.com/games/1579552694
761,1706428735,Lost Light,8.0,-11.1,0.008,https://twitchtracker.com/games/1706428735
762,1853781077,The Headliners,8.0,0.0,0.008,https://twitchtracker.com/games/1853781077
763,1941249372,Half Sword,8.0,-11.1,0.008,https://twitchtracker.com/games/1941249372
764,1960201900,Asphalt Legends Unite,8.0,-11.1,0.008,https://twitchtracker.com/games/1960201900
765,1990746386,Escape Academy,8.0,-52.9,0.008,https://twitchtracker.com/games/1990746386
766,2009742488,BioShock Remastered,8.0,0.0,0.008,https://twitchtracker.com/games/2009742488
767,2755,Half-Life,7.0,-22.2,0.007,https://twitchtracker.com/games/2755
768,2770,Tomb Raider,7.0,0.0,0.007,https://twitchtracker.com/games/2770
769,7830,Age of Empires III,7.0,40.0,0.007,https://twitchtracker.com/games/7830
770,8645,Resident Evil 2,7.0,16.7,0.007,https://twitchtracker.com/games/8645
771,13765,Donkey Kong 64,7.0,0.0,0.007,https://twitchtracker.com/games/13765
772,14543,Pokémon Crystal Version,7.0,-12.5,0.007,https://twitchtracker.com/games/14543
773,14678,Lineage: The Blood Pledge,7.0,0.0,0.007,https://twitchtracker.com/games/14678
774,15943,The Elder Scrolls III: Morrowind,7.0,0.0,0.007,https://twitchtracker.com/games/15943
775,16967,The Legend of Zelda: The Wind Waker,7.0,0.0,0.007,https://twitchtracker.com/games/16967
776,18889,FINAL FANTASY XIII,7.0,0.0,0.007,https://twitchtracker.com/games/18889
777,19714,Entropia Universe,7.0,0.0,0.007,https://twitchtracker.com/games/19714
778,20063,Silkroad Online,7.0,-12.5,0.007,https://twitchtracker.com/games/20063
779,20501,Mabinogi,7.0,-22.2,0.007,https://twitchtracker.com/games/20501
780,23239,Plants vs. Zombies,7.0,16.7,0.007,https://twitchtracker.com/games/23239
781,24664,Heroes of Newerth,7.0,0.0,0.007,https://twitchtracker.com/games/24664
782,24872,Nioh,7.0,16.7,0.007,https://twitchtracker.com/games/24872
783,25376,Skate 3,7.0,-12.5,0.007,https://twitchtracker.com/games/25376
784,27103,Sid Meier's Civilization V,7.0,75.0,0.007,https://twitchtracker.com/games/27103
785,28867,Vindictus,7.0,16.7,0.007,https://twitchtracker.com/games/28867
786,29975,Danganronpa: Trigger Happy Havoc,7.0,16.7,0.007,https://twitchtracker.com/games/29975
787,31551,Call of Duty: Modern Warfare 3,7.0,-12.5,0.007,https://twitchtracker.com/games/31551
788,65950,Beyond: Two Souls,7.0,0.0,0.007,https://twitchtracker.com/games/65950
789,65953,Watch Dogs,7.0,0.0,0.007,https://twitchtracker.com/games/65953
790,67584,Europa Universalis IV,7.0,0.0,0.007,https://twitchtracker.com/games/67584
791,83418,Tarot,7.0,-12.5,0.007,https://twitchtracker.com/games/83418
792,91423,Dark Souls II,7.0,16.7,0.007,https://twitchtracker.com/games/91423
793,94073,The Binding of Isaac: Rebirth,7.0,-12.5,0.007,https://twitchtracker.com/games/94073
794,280721,Destiny,7.0,-12.5,0.007,https://twitchtracker.com/games/280721
795,417749,Tabletop Simulator,7.0,-12.5,0.007,https://twitchtracker.com/games/417749
796,459755,Firewatch,7.0,-12.5,0.007,https://twitchtracker.com/games/459755
797,460102,Rain World,7.0,0.0,0.007,https://twitchtracker.com/games/460102
798,460384,Far Cry 4,7.0,-22.2,0.007,https://twitchtracker.com/games/460384
799,460695,Mass Effect: Andromeda,7.0,16.7,0.007,https://twitchtracker.com/games/460695
800,488820,Stranded Deep,7.0,-12.5,0.007,https://twitchtracker.com/games/488820
801,490702,Yakuza Kiwami,7.0,-12.5,0.007,https://twitchtracker.com/games/490702
802,490919,Far Cry: Primal,7.0,0.0,0.007,https://twitchtracker.com/games/490919
803,490959,Zwift,7.0,0.0,0.007,https://twitchtracker.com/games/490959
804,492504,Human: Fall Flat,7.0,40.0,0.007,https://twitchtracker.com/games/492504
805,494082,Visage,7.0,0.0,0.007,https://twitchtracker.com/games/494082
806,496735,Barotrauma,7.0,16.7,0.007,https://twitchtracker.com/games/496735
807,498638,Anno 1800,7.0,-12.5,0.007,https://twitchtracker.com/games/498638
808,510056,Epic Seven,7.0,16.7,0.007,https://twitchtracker.com/games/510056
809,510336,Temtem,7.0,0.0,0.007,https://twitchtracker.com/games/510336
810,510580,The Outer Worlds,7.0,-12.5,0.007,https://twitchtracker.com/games/510580
811,512354,Others,7.0,-12.5,0.007,https://twitchtracker.com/games/512354
812,514166,ULTRAKILL,7.0,0.0,0.007,https://twitchtracker.com/games/514166
813,514207,The Dark Pictures Anthology: Little Hope,7.0,16.7,0.007,https://twitchtracker.com/games/514207
814,518016,Ratchet & Clank: Rift Apart,7.0,0.0,0.007,https://twitchtracker.com/games/518016
815,518019,Returnal,7.0,0.0,0.007,https://twitchtracker.com/games/518019
816,518624,SCP: Fragmented Minds,7.0,0.0,0.007,https://twitchtracker.com/games/518624
817,519579,ENDER LILIES: Quietus of the Knights,7.0,16.7,0.007,https://twitchtracker.com/games/519579
818,72120714,Deceit 2,7.0,16.7,0.007,https://twitchtracker.com/games/72120714
819,212742304,Bellwright,7.0,0.0,0.007,https://twitchtracker.com/games/212742304
820,247865501,Just Catting,7.0,-12.5,0.007,https://twitchtracker.com/games/247865501
821,271329153,Jötunnslayer: Hordes of Hel,7.0,-41.7,0.007,https://twitchtracker.com/games/271329153
822,279014883,Hatsune Miku: Colorful Stage!,7.0,0.0,0.007,https://twitchtracker.com/games/279014883
823,340920845,Backpack Battles,7.0,0.0,0.007,https://twitchtracker.com/games/340920845
824,376500771,Hades II,7.0,0.0,0.007,https://twitchtracker.com/games/376500771
825,418410192,One Piece Card Game,7.0,16.7,0.007,https://twitchtracker.com/games/418410192
826,483277575,PokéRogue,7.0,16.7,0.007,https://twitchtracker.com/games/483277575
827,487237675,Call of the Wild: The Angler,7.0,-12.5,0.007,https://twitchtracker.com/games/487237675
828,489308483,Way of the Hunter,7.0,40.0,0.007,https://twitchtracker.com/games/489308483
829,570278441,Aliens: Dark Descent,7.0,0.0,0.007,https://twitchtracker.com/games/570278441
830,633127529,Riders Republic,7.0,0.0,0.007,https://twitchtracker.com/games/633127529
831,638551656,Doom,7.0,133.0,0.007,https://twitchtracker.com/games/638551656
832,780302568,XDefiant,7.0,-12.5,0.007,https://twitchtracker.com/games/780302568
833,788447527,Squad Busters,7.0,16.7,0.007,https://twitchtracker.com/games/788447527
834,814559054,Construction Simulator,7.0,0.0,0.007,https://twitchtracker.com/games/814559054
835,957103328,Grand Theft Auto: Vice City - The Definitive Edition,7.0,75.0,0.007,https://twitchtracker.com/games/957103328
836,981483398,Quality Television,7.0,-12.5,0.007,https://twitchtracker.com/games/981483398
837,1083036494,Assetto Corsa EVO,7.0,-78.1,0.007,https://twitchtracker.com/games/1083036494
838,1091548342,Batman: Return to Arkham - Arkham Asylum,7.0,-12.5,0.007,https://twitchtracker.com/games/1091548342
839,1253966976,Sword Art Online: Fractured Daydream,7.0,75.0,0.007,https://twitchtracker.com/games/1253966976
840,1274531553,The Dark Pictures Anthology: House of Ashes,7.0,16.7,0.007,https://twitchtracker.com/games/1274531553
841,1297497516,Shin Megami Tensei V: Vengeance,7.0,16.7,0.007,https://twitchtracker.com/games/1297497516
842,1318043161,Tiny Tina's Wonderlands,7.0,0.0,0.007,https://twitchtracker.com/games/1318043161
843,1335943195,The Cabin Factory,7.0,-22.2,0.007,https://twitchtracker.com/games/1335943195
844,1388848972,Metro 2033 Redux,7.0,16.7,0.007,https://twitchtracker.com/games/1388848972
845,1432406535,DOOM,7.0,75.0,0.007,https://twitchtracker.com/games/1432406535
846,1450386257,Wo Long: Fallen Dynasty,7.0,0.0,0.007,https://twitchtracker.com/games/1450386257
847,1494074023,Lycans,7.0,75.0,0.007,https://twitchtracker.com/games/1494074023
848,1671620946,Call of Duty: Warzone Mobile,7.0,0.0,0.007,https://twitchtracker.com/games/1671620946
849,1672986547,Behind the Frame: The Finest Scenery,7.0,600.0,0.007,https://twitchtracker.com/games/1672986547
850,1728081276,Ninja Must Die,7.0,16.7,0.007,https://twitchtracker.com/games/1728081276
851,1846570260,Planet Coaster 2,7.0,-12.5,0.007,https://twitchtracker.com/games/1846570260
852,1863222988,Kings League,7.0,16.7,0.007,https://twitchtracker.com/games/1863222988
853,1900396348,POPULATION: ONE,7.0,0.0,0.007,https://twitchtracker.com/games/1900396348
854,1904996652,Mouthwashing,7.0,-30.0,0.007,https://twitchtracker.com/games/1904996652
855,1937002451,KLETKA,7.0,16.7,0.007,https://twitchtracker.com/games/1937002451
856,1956841871,Batman: Return to Arkham - Arkham City,7.0,0.0,0.007,https://twitchtracker.com/games/1956841871
857,1041,Diablo II,6.0,0.0,0.006,https://twitchtracker.com/games/1041
858,1281,Toontown Online,6.0,0.0,0.006,https://twitchtracker.com/games/1281
859,6040,Ninja Gaiden Black,6.0,500.0,0.006,https://twitchtracker.com/games/6040
860,6086,Super Mario Sunshine,6.0,-14.3,0.006,https://twitchtracker.com/games/6086
861,8489,Chrono Trigger,6.0,0.0,0.006,https://twitchtracker.com/games/8489
862,9414,Radio Active,6.0,0.0,0.006,https://twitchtracker.com/games/9414
863,9611,The Witcher,6.0,-14.3,0.006,https://twitchtracker.com/games/9611
864,10775,S.T.A.L.K.E.R.: Shadow of Chernobyl,6.0,0.0,0.006,https://twitchtracker.com/games/10775
865,10979,The Legend of Zelda,6.0,0.0,0.006,https://twitchtracker.com/games/10979
866,11103,UNO,6.0,0.0,0.006,https://twitchtracker.com/games/11103
867,13732,Table Tennis,6.0,0.0,0.006,https://twitchtracker.com/games/13732
868,14766,Super Mario Galaxy,6.0,20.0,0.006,https://twitchtracker.com/games/14766
869,15013,Prey,6.0,0.0,0.006,https://twitchtracker.com/games/15013
870,15134,Dungeons & Dragons Online,6.0,20.0,0.006,https://twitchtracker.com/games/15134
871,18734,Borderlands,6.0,-14.3,0.006,https://twitchtracker.com/games/18734
872,19006,Call of Duty: World at War,6.0,0.0,0.006,https://twitchtracker.com/games/19006
873,19423,Heavy Rain,6.0,0.0,0.006,https://twitchtracker.com/games/19423
874,21101,Batman: Arkham Asylum,6.0,20.0,0.006,https://twitchtracker.com/games/21101
875,22393,Call of Duty: Modern Warfare 2,6.0,0.0,0.006,https://twitchtracker.com/games/22393
876,26559,Batman: Arkham City,6.0,20.0,0.006,https://twitchtracker.com/games/26559
877,26881,Grim Dawn,6.0,-25.0,0.006,https://twitchtracker.com/games/26881
878,27596,Gears of War 3,6.0,20.0,0.006,https://twitchtracker.com/games/27596
879,27602,Pokémon Black/White,6.0,-14.3,0.006,https://twitchtracker.com/games/27602
880,29099,BioShock Infinite,6.0,20.0,0.006,https://twitchtracker.com/games/29099
881,31080,Bingo,6.0,0.0,0.006,https://twitchtracker.com/games/31080
882,32156,Dishonored,6.0,0.0,0.006,https://twitchtracker.com/games/32156
883,66410,The Walking Dead: Season Two,6.0,20.0,0.006,https://twitchtracker.com/games/66410
884,113749,Prime World,6.0,0.0,0.006,https://twitchtracker.com/games/113749
885,313558,Diablo III,6.0,-25.0,0.006,https://twitchtracker.com/games/313558
886,368936,Batman: Arkham Origins,6.0,20.0,0.006,https://twitchtracker.com/games/368936
887,369567,Halo 5: Guardians,6.0,-14.3,0.006,https://twitchtracker.com/games/369567
888,458224,SOMA,6.0,0.0,0.006,https://twitchtracker.com/games/458224
889,458619,Middle-earth: Shadow of Mordor,6.0,0.0,0.006,https://twitchtracker.com/games/458619
890,460327,Pokémon Omega Ruby/Alpha Sapphire,6.0,0.0,0.006,https://twitchtracker.com/games/460327
891,461449,Cities: Skylines,6.0,-14.3,0.006,https://twitchtracker.com/games/461449
892,461492,Keep Talking and Nobody Explodes,6.0,-14.3,0.006,https://twitchtracker.com/games/461492
893,490432,Mafia III,6.0,-25.0,0.006,https://twitchtracker.com/games/490432
894,492287,Prominence Poker,6.0,-14.3,0.006,https://twitchtracker.com/games/492287
895,493217,Gwent: The Witcher Card Game,6.0,20.0,0.006,https://twitchtracker.com/games/493217
896,493549,Frostpunk,6.0,50.0,0.006,https://twitchtracker.com/games/493549
897,494141,Monster Hunter Generations Ultimate,6.0,0.0,0.006,https://twitchtracker.com/games/494141
898,495359,Counter-Strike Online 2,6.0,20.0,0.006,https://twitchtracker.com/games/495359
899,497385,Dragon Ball FighterZ,6.0,-14.3,0.006,https://twitchtracker.com/games/497385
900,497412,Ori and the Will of the Wisps,6.0,20.0,0.006,https://twitchtracker.com/games/497412
901,497431,Skull and Bones,6.0,0.0,0.006,https://twitchtracker.com/games/497431
902,497439,Wolfenstein II: The New Colossus,6.0,20.0,0.006,https://twitchtracker.com/games/497439
903,497471,A Plague Tale: Innocence,6.0,-14.3,0.006,https://twitchtracker.com/games/497471
904,498744,SCP: Secret Laboratory,6.0,0.0,0.006,https://twitchtracker.com/games/498744
905,499526,Mobile Suit Gundam Battle Operation 2,6.0,0.0,0.006,https://twitchtracker.com/games/499526
906,506230,Honkai Impact 3rd,6.0,0.0,0.006,https://twitchtracker.com/games/506230
907,508509,Codenames,6.0,20.0,0.006,https://twitchtracker.com/games/508509
908,509249,The Dark Pictures Anthology: Man of Medan,6.0,20.0,0.006,https://twitchtracker.com/games/509249
909,509698,DiRT Rally 2.0,6.0,-14.3,0.006,https://twitchtracker.com/games/509698
910,509725,Minecraft Dungeons,6.0,-14.3,0.006,https://twitchtracker.com/games/509725
911,509862,We Were Here Together,6.0,20.0,0.006,https://twitchtracker.com/games/509862
912,510579,Crash Team Racing Nitro-Fueled,6.0,0.0,0.006,https://twitchtracker.com/games/510579
913,511748,Auto Chess,6.0,20.0,0.006,https://twitchtracker.com/games/511748
914,512070,Jump King,6.0,0.0,0.006,https://twitchtracker.com/games/512070
915,512895,Watch Dogs: Legion,6.0,0.0,0.006,https://twitchtracker.com/games/512895
916,512989,Spiritfarer,6.0,20.0,0.006,https://twitchtracker.com/games/512989
917,514661,The Long Drive,6.0,-14.3,0.006,https://twitchtracker.com/games/514661
918,516097,Deadside,6.0,-25.0,0.006,https://twitchtracker.com/games/516097
919,516921,Automobilista 2,6.0,0.0,0.006,https://twitchtracker.com/games/516921
920,517409,NASCAR Heat 5,6.0,20.0,0.006,https://twitchtracker.com/games/517409
921,518004,Kena: Bridge of Spirits,6.0,-14.3,0.006,https://twitchtracker.com/games/518004
922,518847,Overcooked! All You Can Eat,6.0,0.0,0.006,https://twitchtracker.com/games/518847
923,95777581,Prince of Persia: The Lost Crown,6.0,0.0,0.006,https://twitchtracker.com/games/95777581
924,168850344,Wild Hearts,6.0,20.0,0.006,https://twitchtracker.com/games/168850344
925,227689960,Still Wakes the Deep,6.0,0.0,0.006,https://twitchtracker.com/games/227689960
926,322063165,Sleeping Dogs: Definitive Edition,6.0,20.0,0.006,https://twitchtracker.com/games/322063165
927,389876637,Pax Dei,6.0,-14.3,0.006,https://twitchtracker.com/games/389876637
928,407922769,AFK Journey,6.0,-14.3,0.006,https://twitchtracker.com/games/407922769
929,422208436,Shiren the Wanderer: The Mystery Dungeon of Serpentcoil Island,6.0,-14.3,0.006,https://twitchtracker.com/games/422208436
930,428452832,We Were Here Forever,6.0,-14.3,0.006,https://twitchtracker.com/games/428452832
931,458881234,Embervale.TV,6.0,-33.3,0.006,https://twitchtracker.com/games/458881234
932,477529029,Dwarf Fortress,6.0,50.0,0.006,https://twitchtracker.com/games/477529029
933,633454324,Rush Royale,6.0,-25.0,0.006,https://twitchtracker.com/games/633454324
934,665425234,Gorilla Tag,6.0,-14.3,0.006,https://twitchtracker.com/games/665425234
935,735602708,Marvel's Midnight Suns,6.0,-14.3,0.006,https://twitchtracker.com/games/735602708
936,749092120,Wartales,6.0,0.0,0.006,https://twitchtracker.com/games/749092120
937,780943616,Motor Town: Behind the Wheel,6.0,50.0,0.006,https://twitchtracker.com/games/780943616
938,783559288,FREEDOM WARS Remastered,6.0,-50.0,0.006,https://twitchtracker.com/games/783559288
939,858043689,Final Fantasy VI,6.0,0.0,0.006,https://twitchtracker.com/games/858043689
940,868689686,Tomb Raider: Definitive Edition,6.0,-14.3,0.006,https://twitchtracker.com/games/868689686
941,925276826,Faaast Penguin,6.0,20.0,0.006,https://twitchtracker.com/games/925276826
942,978058451,Dreamcore,6.0,500.0,0.006,https://twitchtracker.com/games/978058451
943,1233312672,Grand Chase Classic,6.0,20.0,0.006,https://twitchtracker.com/games/1233312672
944,1269905984,MX vs. ATV: Legends,6.0,20.0,0.006,https://twitchtracker.com/games/1269905984
945,1292354152,Poppy Playtime: Chapter 2 - Fly in a Web,6.0,100.0,0.006,https://twitchtracker.com/games/1292354152
946,1317952081,Void Crew,6.0,20.0,0.006,https://twitchtracker.com/games/1317952081
947,1378799411,Slime Rancher 2,6.0,-14.3,0.006,https://twitchtracker.com/games/1378799411
948,1427027827,Ravenswatch,6.0,0.0,0.006,https://twitchtracker.com/games/1427027827
949,1488417149,Evil West,6.0,50.0,0.006,https://twitchtracker.com/games/1488417149
950,1555754930,Out of Ore,6.0,-14.3,0.006,https://twitchtracker.com/games/1555754930
951,1707112873,NieR Replicant ver.1.22474487139...,6.0,-14.3,0.006,https://twitchtracker.com/games/1707112873
952,1768794134,Sun Haven,6.0,-14.3,0.006,https://twitchtracker.com/games/1768794134
953,1804231074,MapleStory Worlds,6.0,-14.3,0.006,https://twitchtracker.com/games/1804231074
954,1829367372,The Legend of Zelda: Skyward Sword HD,6.0,0.0,0.006,https://twitchtracker.com/games/1829367372
955,1885901697,Spyro the Dragon,6.0,0.0,0.006,https://twitchtracker.com/games/1885901697
956,1945861843,Assassin's Creed III Remastered,6.0,20.0,0.006,https://twitchtracker.com/games/1945861843
957,1982955044,Storage Hunter Simulator,6.0,0.0,0.006,https://twitchtracker.com/games/1982955044
958,2028408685,Escape Simulator,6.0,0.0,0.006,https://twitchtracker.com/games/2028408685
959,2029972667,Paper Mario: The Thousand-Year Door,6.0,20.0,0.006,https://twitchtracker.com/games/2029972667
960,2070714813,"Test, Test",6.0,20.0,0.006,https://twitchtracker.com/games/2070714813
961,2124007713,PICO PARK 2,6.0,0.0,0.006,https://twitchtracker.com/games/2124007713
962,2132752782,Aion Classic,6.0,20.0,0.006,https://twitchtracker.com/games/2132752782
