,ID,Nombre,Max_Viewers,Enlace
0,509663,Special Events,3920000.0,https://twitchtracker.com/games/509663
1,21779,League of Legends,3110000.0,https://twitchtracker.com/games/21779
2,509658,Just Chatting,2870000.0,https://twitchtracker.com/games/509658
3,33214,Fortnite,2750000.0,https://twitchtracker.com/games/33214
4,27471,Minecraft,1930000.0,https://twitchtracker.com/games/27471
5,32399,Counter-Strike,1910000.0,https://twitchtracker.com/games/32399
6,1341174521,Arcane,1830000.0,https://twitchtracker.com/games/1341174521
7,516575,VALORANT,1730000.0,https://twitchtracker.com/games/516575
8,29595,Dota 2,1710000.0,https://twitchtracker.com/games/29595
9,512710,Call of Duty: Warzone,1610000.0,https://twitchtracker.com/games/512710
10,518203,Sports,1570000.0,https://twitchtracker.com/games/518203
11,488552,Overwatch,1460000.0,https://twitchtracker.com/games/488552
12,263490,Rust,1370000.0,https://twitchtracker.com/games/263490
13,490100,Lost Ark,1270000.0,https://twitchtracker.com/games/490100
14,1095275650,Hogwarts Legacy,1250000.0,https://twitchtracker.com/games/1095275650
15,1702520304,Path of Exile 2,1200000.0,https://twitchtracker.com/games/1702520304
16,65876,Cyberpunk 2077,1140000.0,https://twitchtracker.com/games/65876
17,32982,Grand Theft Auto V,1140000.0,https://twitchtracker.com/games/32982
18,18122,World of Warcraft,1140000.0,https://twitchtracker.com/games/18122
19,369432,Boxing Fight,1090000.0,https://twitchtracker.com/games/369432
20,493597,New World: Aeternum,977000.0,https://twitchtracker.com/games/493597
21,23020,ROBLOX,967000.0,https://twitchtracker.com/games/23020
22,515024,Diablo IV,941000.0,https://twitchtracker.com/games/515024
23,512953,ELDEN RING,910000.0,https://twitchtracker.com/games/512953
24,1863222988,Kings League,908000.0,https://twitchtracker.com/games/1863222988
25,497497,Brawl Stars,903000.0,https://twitchtracker.com/games/497497
26,518204,FIFA 21,891000.0,https://twitchtracker.com/games/518204
27,1869092879,FIFA 22,787000.0,https://twitchtracker.com/games/1869092879
28,510218,Among Us,774000.0,https://twitchtracker.com/games/510218
29,0,Variety,773000.0,https://twitchtracker.com/games/0
30,515479,Sons of the Forest,769000.0,https://twitchtracker.com/games/515479
31,1678052513,Call of Duty: Modern Warfare II,752000.0,https://twitchtracker.com/games/1678052513
32,512980,Fall Guys,709000.0,https://twitchtracker.com/games/512980
33,512709,Call of Duty: Black Ops Cold War,705000.0,https://twitchtracker.com/games/512709
34,511224,Apex Legends,674000.0,https://twitchtracker.com/games/511224
35,518017,Resident Evil Village,655000.0,https://twitchtracker.com/games/518017
36,515025,Overwatch 2,634000.0,https://twitchtracker.com/games/515025
37,506410,Dying Light 2: Stay Human,620000.0,https://twitchtracker.com/games/506410
38,504462,Call of Duty: Black Ops 4,616000.0,https://twitchtracker.com/games/504462
39,513181,Genshin Impact,615000.0,https://twitchtracker.com/games/513181
40,491168,Clash Royale,598000.0,https://twitchtracker.com/games/491168
41,493057,PUBG: BATTLEGROUNDS,598000.0,https://twitchtracker.com/games/493057
42,143106037,EA Sports FC 24,593000.0,https://twitchtracker.com/games/143106037
43,491931,Escape from Tarkov,567000.0,https://twitchtracker.com/games/491931
44,66170,Warframe,554000.0,https://twitchtracker.com/games/66170
45,506438,Starfield,552000.0,https://twitchtracker.com/games/506438
46,502732,Garena Free Fire,519000.0,https://twitchtracker.com/games/502732
47,497057,Destiny 2,516000.0,https://twitchtracker.com/games/497057
48,494552,The Last of Us Part II,508000.0,https://twitchtracker.com/games/494552
49,505257,Enlisted,493000.0,https://twitchtracker.com/games/505257
50,1745202732,FIFA 23,486000.0,https://twitchtracker.com/games/1745202732
51,519291,Black Myth: Wukong,483000.0,https://twitchtracker.com/games/519291
52,2011938005,EA Sports FC 25,482000.0,https://twitchtracker.com/games/2011938005
53,1672324422,Call of Duty: Black Ops 6,482000.0,https://twitchtracker.com/games/1672324422
54,512923,Baldur's Gate 3,479000.0,https://twitchtracker.com/games/512923
55,102007682,God of War Ragnarök,478000.0,https://twitchtracker.com/games/102007682
56,561013832,Pokémon Legends: Arceus,478000.0,https://twitchtracker.com/games/561013832
57,460630,Tom Clancy's Rainbow Six Siege,468000.0,https://twitchtracker.com/games/460630
58,1337444628,Call of Duty: Modern Warfare III,445000.0,https://twitchtracker.com/games/1337444628
59,29307,Path of Exile,436000.0,https://twitchtracker.com/games/29307
60,511746,Back 4 Blood,433000.0,https://twitchtracker.com/games/511746
61,1036710512,Palworld,432000.0,https://twitchtracker.com/games/1036710512
62,31551,Call of Duty: Modern Warfare 3,417000.0,https://twitchtracker.com/games/31551
63,29106,S.T.A.L.K.E.R. 2: Heart of Chornobyl,416000.0,https://twitchtracker.com/games/29106
64,1788326126,Diablo II: Resurrected,415000.0,https://twitchtracker.com/games/1788326126
65,417752,Talk Shows & Podcasts,414000.0,https://twitchtracker.com/games/417752
66,489635,ARK: Survival Evolved,410000.0,https://twitchtracker.com/games/489635
67,489567,Five Nights at Freddy's 4,406000.0,https://twitchtracker.com/games/489567
68,30921,Rocket League,402000.0,https://twitchtracker.com/games/30921
69,1264310518,Marvel Rivals,395000.0,https://twitchtracker.com/games/1264310518
70,493959,Red Dead Redemption 2,383000.0,https://twitchtracker.com/games/493959
71,743,Chess,370000.0,https://twitchtracker.com/games/743
72,513143,Teamfight Tactics,365000.0,https://twitchtracker.com/games/513143
73,512804,FIFA 20,365000.0,https://twitchtracker.com/games/512804
74,489050,Twelve Minutes,363000.0,https://twitchtracker.com/games/489050
75,491318,Borderlands 3,358000.0,https://twitchtracker.com/games/491318
76,1937599489,The Quarry,355000.0,https://twitchtracker.com/games/1937599489
77,772421245,NBA 2K23,352000.0,https://twitchtracker.com/games/772421245
78,512998,The Legend of Zelda: Tears of the Kingdom,352000.0,https://twitchtracker.com/games/512998
79,496567,Pinturillo 2,351000.0,https://twitchtracker.com/games/496567
80,514974,Battlefield 2042,340000.0,https://twitchtracker.com/games/514974
81,492778073,Call of Duty: Vanguard,336000.0,https://twitchtracker.com/games/492778073
82,460696,Anthem,331000.0,https://twitchtracker.com/games/460696
83,510825,Atlas,329000.0,https://twitchtracker.com/games/510825
84,322503446,Resident Evil 4,329000.0,https://twitchtracker.com/games/322503446
85,491878,BeamNG.drive,328000.0,https://twitchtracker.com/games/491878
86,55453844,Street Fighter 6,326000.0,https://twitchtracker.com/games/55453844
87,506103,FIFA 19,325000.0,https://twitchtracker.com/games/506103
88,518186,Party Animals,320000.0,https://twitchtracker.com/games/518186
89,512895,Watch Dogs: Legion,319000.0,https://twitchtracker.com/games/512895
90,941530474,Mario Kart 8 Deluxe,317000.0,https://twitchtracker.com/games/941530474
91,499856,Ghost of Tsushima,316000.0,https://twitchtracker.com/games/499856
92,2058220722,Poppy Playtime,314000.0,https://twitchtracker.com/games/2058220722
93,490868,Resident Evil 2,314000.0,https://twitchtracker.com/games/490868
94,670867987,Pokémon Scarlet/Violet,314000.0,https://twitchtracker.com/games/670867987
95,709400740,The Police Mystery,312000.0,https://twitchtracker.com/games/709400740
96,514207,The Dark Pictures Anthology: Little Hope,310000.0,https://twitchtracker.com/games/514207
97,138585,Hearthstone,310000.0,https://twitchtracker.com/games/138585
98,329951934,Pokémon Community Game,308000.0,https://twitchtracker.com/games/329951934
99,1924769596,Knockout City,306000.0,https://twitchtracker.com/games/1924769596
100,515195,Half-Life: Alyx,304000.0,https://twitchtracker.com/games/515195
101,714257518,Lull Away,301000.0,https://twitchtracker.com/games/714257518
102,509672,IRL,296000.0,https://twitchtracker.com/games/509672
103,369588,Mario Kart 8,294000.0,https://twitchtracker.com/games/369588
104,26936,Music,294000.0,https://twitchtracker.com/games/26936
105,65632,DayZ,293000.0,https://twitchtracker.com/games/65632
106,6369,God of War,292000.0,https://twitchtracker.com/games/6369
107,494364,Death Stranding,291000.0,https://twitchtracker.com/games/494364
108,504199,Battlefield V,287000.0,https://twitchtracker.com/games/504199
109,518006,Stray,287000.0,https://twitchtracker.com/games/518006
110,517330,Assassin's Creed Valhalla,286000.0,https://twitchtracker.com/games/517330
111,673760473,Crab Game,283000.0,https://twitchtracker.com/games/673760473
112,1732010235,BREAD,283000.0,https://twitchtracker.com/games/1732010235
113,498566,Slots,283000.0,https://twitchtracker.com/games/498566
114,509667,Food & Drink,281000.0,https://twitchtracker.com/games/509667
115,505963,Atomic Heart,281000.0,https://twitchtracker.com/games/505963
116,506415,Sekiro: Shadows Die Twice,280000.0,https://twitchtracker.com/games/506415
117,245018539,Only Up!,279000.0,https://twitchtracker.com/games/245018539
118,490292,DARK SOULS III,276000.0,https://twitchtracker.com/games/490292
119,1967084783,Marvel's Spider-Man 2,276000.0,https://twitchtracker.com/games/1967084783
120,29452,Virtual Casino,275000.0,https://twitchtracker.com/games/29452
121,1833197007,Tower of Fantasy,275000.0,https://twitchtracker.com/games/1833197007
122,213930085,Honkai: Star Rail,274000.0,https://twitchtracker.com/games/213930085
123,504461,Super Smash Bros. Ultimate,272000.0,https://twitchtracker.com/games/504461
124,31376,Terraria,270000.0,https://twitchtracker.com/games/31376
125,71375,Star Citizen,270000.0,https://twitchtracker.com/games/71375
126,490377,Sea of Thieves,266000.0,https://twitchtracker.com/games/490377
127,2009321156,Dark and Darker,266000.0,https://twitchtracker.com/games/2009321156
128,506416,Halo Infinite,265000.0,https://twitchtracker.com/games/506416
129,496983,skribbl.io,264000.0,https://twitchtracker.com/games/496983
130,1864374139,Nightingale,264000.0,https://twitchtracker.com/games/1864374139
131,503932,Last Epoch,264000.0,https://twitchtracker.com/games/503932
132,489943,Pod,263000.0,https://twitchtracker.com/games/489943
133,838226069,The Callisto Protocol,263000.0,https://twitchtracker.com/games/838226069
134,2058570718,Silent Hill 2,263000.0,https://twitchtracker.com/games/2058570718
135,980679052,Dead Space,262000.0,https://twitchtracker.com/games/980679052
136,511399,Super Mario Maker 2,261000.0,https://twitchtracker.com/games/511399
137,488500,Battlefield 1,258000.0,https://twitchtracker.com/games/488500
138,497078,Far Cry 5,258000.0,https://twitchtracker.com/games/497078
139,499537,Untitled Goose Game,258000.0,https://twitchtracker.com/games/499537
140,516086,Grounded,257000.0,https://twitchtracker.com/games/516086
141,491487,Dead by Daylight,256000.0,https://twitchtracker.com/games/491487
142,497385,Dragon Ball FighterZ,254000.0,https://twitchtracker.com/games/497385
143,518184,Phasmophobia,253000.0,https://twitchtracker.com/games/518184
144,11103,UNO,252000.0,https://twitchtracker.com/games/11103
145,488615,Street Fighter V,250000.0,https://twitchtracker.com/games/488615
146,461067,Tekken 7,249000.0,https://twitchtracker.com/games/461067
147,1584745140,Pokémon Brilliant Diamond/Shining Pearl,247000.0,https://twitchtracker.com/games/1584745140
148,1743359147,Marvel Snap,246000.0,https://twitchtracker.com/games/1743359147
149,516624,Amnesia: Rebirth,246000.0,https://twitchtracker.com/games/516624
150,511716,Emily is Away <3,246000.0,https://twitchtracker.com/games/511716
151,509538,Animal Crossing: New Horizons,246000.0,https://twitchtracker.com/games/509538
152,400407464,DRAGON BALL: Sparking! ZERO,245000.0,https://twitchtracker.com/games/400407464
153,514790,Legends of Runeterra,245000.0,https://twitchtracker.com/games/514790
154,1282866981,Delta Force,244000.0,https://twitchtracker.com/games/1282866981
155,1074044196,Alan Wake II,243000.0,https://twitchtracker.com/games/1074044196
156,460636,Bloodborne,243000.0,https://twitchtracker.com/games/460636
157,493159,Monopoly Plus,243000.0,https://twitchtracker.com/games/493159
158,68351,Mount & Blade II: Bannerlord,242000.0,https://twitchtracker.com/games/68351
159,510150,Diablo Immortal,242000.0,https://twitchtracker.com/games/510150
160,278888515,Gartic Phone,241000.0,https://twitchtracker.com/games/278888515
161,9435,The Legend of Zelda: A Link to the Past,241000.0,https://twitchtracker.com/games/9435
162,1274531553,The Dark Pictures Anthology: House of Ashes,241000.0,https://twitchtracker.com/games/1274531553
163,460637,Dead Island 2,240000.0,https://twitchtracker.com/games/460637
164,1407096487,Star Wars Jedi: Survivor,238000.0,https://twitchtracker.com/games/1407096487
165,13332,Pokémon FireRed/LeafGreen,238000.0,https://twitchtracker.com/games/13332
166,8224,TrackMania,238000.0,https://twitchtracker.com/games/8224
167,497480,Detroit: Become Human,237000.0,https://twitchtracker.com/games/497480
168,497388,A Way Out,236000.0,https://twitchtracker.com/games/497388
169,493174,Jackbox Party Packs,235000.0,https://twitchtracker.com/games/493174
170,3337,The Legend of Zelda: Link's Awakening,235000.0,https://twitchtracker.com/games/3337
171,505371,Marvel's Spider-Man,234000.0,https://twitchtracker.com/games/505371
172,7595,Super Metroid,232000.0,https://twitchtracker.com/games/7595
173,653624336,Lies of P,232000.0,https://twitchtracker.com/games/653624336
174,518213,It Takes Two,231000.0,https://twitchtracker.com/games/518213
175,495764,Golf It!,231000.0,https://twitchtracker.com/games/495764
176,490359,FINAL FANTASY VII REMAKE,228000.0,https://twitchtracker.com/games/490359
177,511701,Ready or Not,227000.0,https://twitchtracker.com/games/511701
178,14842174,Chained Together,226000.0,https://twitchtracker.com/games/14842174
179,2692,Super Mario 64,226000.0,https://twitchtracker.com/games/2692
180,518379,Pokémon UNITE,225000.0,https://twitchtracker.com/games/518379
181,492934,Resident Evil 7: Biohazard,225000.0,https://twitchtracker.com/games/492934
182,518015,Horizon Forbidden West,225000.0,https://twitchtracker.com/games/518015
183,21812,Demon's Souls,224000.0,https://twitchtracker.com/games/21812
184,368205,The Legend of Zelda: The Wind Waker HD,222000.0,https://twitchtracker.com/games/368205
185,223869970,"Warhammer 40,000: Space Marine II",222000.0,https://twitchtracker.com/games/223869970
186,504689,Farming Simulator 19,222000.0,https://twitchtracker.com/games/504689
187,1438678100,Madden NFL 24,221000.0,https://twitchtracker.com/games/1438678100
188,24241,FINAL FANTASY XIV ONLINE,221000.0,https://twitchtracker.com/games/24241
189,1363661410,Immortals of Aveum,220000.0,https://twitchtracker.com/games/1363661410
190,508455,Valheim,220000.0,https://twitchtracker.com/games/508455
191,7193,Microsoft Flight Simulator,220000.0,https://twitchtracker.com/games/7193
192,497509,Ashes of Creation,219000.0,https://twitchtracker.com/games/497509
193,737987407,Enshrouded,219000.0,https://twitchtracker.com/games/737987407
194,12482,The Legend of Zelda: Majora's Mask,219000.0,https://twitchtracker.com/games/12482
195,518692,Far Cry 6,219000.0,https://twitchtracker.com/games/518692
196,401587136,Arena Breakout: Infinite,218000.0,https://twitchtracker.com/games/401587136
197,20596,Dofus,218000.0,https://twitchtracker.com/games/20596
198,495811,SCUM,218000.0,https://twitchtracker.com/games/495811
199,506430,Trials Rising,217000.0,https://twitchtracker.com/games/506430
200,509664,Tabletop RPGs,217000.0,https://twitchtracker.com/games/509664
201,490713,UNDERTALE,216000.0,https://twitchtracker.com/games/490713
202,512457,F1 2019,216000.0,https://twitchtracker.com/games/512457
203,34134,Call of Duty: Black Ops II,216000.0,https://twitchtracker.com/games/34134
204,458912,Kingdom Come: Deliverance,215000.0,https://twitchtracker.com/games/458912
205,370405,Talisman: Digital Edition,215000.0,https://twitchtracker.com/games/370405
206,509577,Dungeons & Dragons,214000.0,https://twitchtracker.com/games/509577
207,503446,Star Wars Jedi: Fallen Order,213000.0,https://twitchtracker.com/games/503446
208,67521,Garfield: Lasagna World Tour,212000.0,https://twitchtracker.com/games/67521
209,506246,Fallout 76,211000.0,https://twitchtracker.com/games/506246
210,509670,Science & Technology,210000.0,https://twitchtracker.com/games/509670
211,418063,Five Nights at Freddy's,210000.0,https://twitchtracker.com/games/418063
212,493997,Super Mario Odyssey,210000.0,https://twitchtracker.com/games/493997
213,1286528754,Misa!,209000.0,https://twitchtracker.com/games/1286528754
214,1890315333,Counter-Strike 2 Limited Test,209000.0,https://twitchtracker.com/games/1890315333
215,494925,Raft,209000.0,https://twitchtracker.com/games/494925
216,497416,Darwin Project,209000.0,https://twitchtracker.com/games/497416
217,62760102,Among Us VR,208000.0,https://twitchtracker.com/games/62760102
218,29433,Dark Souls,208000.0,https://twitchtracker.com/games/29433
219,28613,The Legend of Zelda: Ocarina of Time 3D,208000.0,https://twitchtracker.com/games/28613
220,505845,Realm Royale Reforged,207000.0,https://twitchtracker.com/games/505845
221,66082,Games + Demos,206000.0,https://twitchtracker.com/games/66082
222,32345,Borderlands 2,206000.0,https://twitchtracker.com/games/32345
223,12232,Wii Sports,206000.0,https://twitchtracker.com/games/12232
224,369418,GeoGuessr,205000.0,https://twitchtracker.com/games/369418
225,1411398523,Vampire: The Masquerade - Bloodhunt,205000.0,https://twitchtracker.com/games/1411398523
226,1476794348,Ludo,204000.0,https://twitchtracker.com/games/1476794348
227,488518,Friday the 13th: The Game,204000.0,https://twitchtracker.com/games/488518
228,780302568,XDefiant,204000.0,https://twitchtracker.com/games/780302568
229,10609,Pokémon Emerald Version,203000.0,https://twitchtracker.com/games/10609
230,498459,Jurassic World Evolution,202000.0,https://twitchtracker.com/games/498459
231,495321,Marvel's Avengers,202000.0,https://twitchtracker.com/games/495321
232,517159,Guilty Gear: Strive,202000.0,https://twitchtracker.com/games/517159
233,510578,Mortal Kombat 11,202000.0,https://twitchtracker.com/games/510578
234,9618,Pokémon Trading Card Game,201000.0,https://twitchtracker.com/games/9618
235,498592,I'm Only Sleeping,200000.0,https://twitchtracker.com/games/498592
236,1447325110,The Texas Chain Saw Massacre,200000.0,https://twitchtracker.com/games/1447325110
237,493277,Battlerite,200000.0,https://twitchtracker.com/games/493277
238,6086,Super Mario Sunshine,200000.0,https://twitchtracker.com/games/6086
239,509725,Minecraft Dungeons,200000.0,https://twitchtracker.com/games/509725
240,19147,Super Mario Bros. 2,200000.0,https://twitchtracker.com/games/19147
241,1229,Super Mario World,199000.0,https://twitchtracker.com/games/1229
242,975920470,BUCKSHOT ROULETTE,199000.0,https://twitchtracker.com/games/975920470
243,513056,PICO PARK,199000.0,https://twitchtracker.com/games/513056
244,19490,Quake Live,199000.0,https://twitchtracker.com/games/19490
245,1585949885,Aliens: Fireteam Elite,199000.0,https://twitchtracker.com/games/1585949885
246,4815,Mega Man,199000.0,https://twitchtracker.com/games/4815
247,16282,Super Smash Bros. Melee,198000.0,https://twitchtracker.com/games/16282
248,30028,The Elder Scrolls V: Skyrim,198000.0,https://twitchtracker.com/games/30028
249,506274,Assassin's Creed Odyssey,196000.0,https://twitchtracker.com/games/506274
250,1716516651,Hot Wheels Unleashed,196000.0,https://twitchtracker.com/games/1716516651
251,67562,Freedom Planet,195000.0,https://twitchtracker.com/games/67562
252,19801,Throne and Liberty,195000.0,https://twitchtracker.com/games/19801
253,512070,Jump King,195000.0,https://twitchtracker.com/games/512070
254,24963,Cricket,194000.0,https://twitchtracker.com/games/24963
255,2068583461,NBA 2K25,192000.0,https://twitchtracker.com/games/2068583461
256,138583,Shovel Knight,192000.0,https://twitchtracker.com/games/138583
257,1762370869,Make it Meme,192000.0,https://twitchtracker.com/games/1762370869
258,110758,The Legend of Zelda: Breath of the Wild,191000.0,https://twitchtracker.com/games/110758
259,623879571,NBA 2K24,190000.0,https://twitchtracker.com/games/623879571
260,232131679,EA Sports College Football 25,190000.0,https://twitchtracker.com/games/232131679
261,6511,Halo 2,190000.0,https://twitchtracker.com/games/6511
262,489297,Lords of the Fallen,189000.0,https://twitchtracker.com/games/489297
263,31192,Who Wants To Be A Millionaire,189000.0,https://twitchtracker.com/games/31192
264,2673,Psychonauts,189000.0,https://twitchtracker.com/games/2673
265,15631,Grand Theft Auto: Vice City,189000.0,https://twitchtracker.com/games/15631
266,497451,Pokémon Sword/Shield,188000.0,https://twitchtracker.com/games/497451
267,6362,Super Monkey Ball Adventure,187000.0,https://twitchtracker.com/games/6362
268,2755,Half-Life,187000.0,https://twitchtracker.com/games/2755
269,26559,Batman: Arkham City,187000.0,https://twitchtracker.com/games/26559
270,435870350,Dragon's Dogma II,187000.0,https://twitchtracker.com/games/435870350
271,1140748845,Nickelodeon All-Star Brawl,186000.0,https://twitchtracker.com/games/1140748845
272,509549,Pummel Party,186000.0,https://twitchtracker.com/games/509549
273,9455,Super Mario Bros. 3,186000.0,https://twitchtracker.com/games/9455
274,517401,The Medium,185000.0,https://twitchtracker.com/games/517401
275,17470,Super Mario Kart,185000.0,https://twitchtracker.com/games/17470
276,508948,Raid: Shadow Legends,184000.0,https://twitchtracker.com/games/508948
277,1808565595,The Casting of Frank Stone,184000.0,https://twitchtracker.com/games/1808565595
278,23857,Pokémon HeartGold/SoulSilver,184000.0,https://twitchtracker.com/games/23857
279,1441208453,Once Human,184000.0,https://twitchtracker.com/games/1441208453
280,498483,Biomutant,184000.0,https://twitchtracker.com/games/498483
281,459064,Cuphead,184000.0,https://twitchtracker.com/games/459064
282,9076,Tetris with Cardcaptor Sakura: Eternal Heart,183000.0,https://twitchtracker.com/games/9076
283,8005,Tom Clancy's Ghost Recon,183000.0,https://twitchtracker.com/games/8005
284,1286420756,Pro Soccer Online,183000.0,https://twitchtracker.com/games/1286420756
285,514313,Ring Fit Adventure,183000.0,https://twitchtracker.com/games/514313
286,511841,FIVE NIGHTS AT FREDDY'S: HELP WANTED,182000.0,https://twitchtracker.com/games/511841
287,16967,The Legend of Zelda: The Wind Waker,182000.0,https://twitchtracker.com/games/16967
288,493982,Farming Simulator 17,182000.0,https://twitchtracker.com/games/493982
289,950189725,MultiVersus,182000.0,https://twitchtracker.com/games/950189725
290,517769,Mafia: Definitive Edition,182000.0,https://twitchtracker.com/games/517769
291,23453,Fallout: New Vegas,182000.0,https://twitchtracker.com/games/23453
292,5993,Mario Kart DS,182000.0,https://twitchtracker.com/games/5993
293,24239,Super Mario Galaxy 2,182000.0,https://twitchtracker.com/games/24239
294,9250,Mario Kart 64,182000.0,https://twitchtracker.com/games/9250
295,92923,Transformice,181000.0,https://twitchtracker.com/games/92923
296,538054672,TEKKEN 8,181000.0,https://twitchtracker.com/games/538054672
297,1068239917,Mario Party Superstars,181000.0,https://twitchtracker.com/games/1068239917
298,687129551,Trackmania,181000.0,https://twitchtracker.com/games/687129551
299,10767,Fallout: A Post Nuclear Role Playing Game,181000.0,https://twitchtracker.com/games/10767
300,490348,Dishonored 2,181000.0,https://twitchtracker.com/games/490348
301,2085980140,Lethal Company,181000.0,https://twitchtracker.com/games/2085980140
302,2143096682,Five Nights at Freddy's: Security Breach,180000.0,https://twitchtracker.com/games/2143096682
303,1471610418,Super Mario Party Jamboree,180000.0,https://twitchtracker.com/games/1471610418
304,515477,Dungeons & Dragons: Dark Alliance,180000.0,https://twitchtracker.com/games/515477
305,4694,Super Monkey Ball 2,179000.0,https://twitchtracker.com/games/4694
306,5789,Guitar Hero,179000.0,https://twitchtracker.com/games/5789
307,7348,Quake,179000.0,https://twitchtracker.com/games/7348
308,1468,Resident Evil 4,179000.0,https://twitchtracker.com/games/1468
309,512930,Outriders,179000.0,https://twitchtracker.com/games/512930
310,8676,Mega Man X,179000.0,https://twitchtracker.com/games/8676
311,490147,Hollow Knight,178000.0,https://twitchtracker.com/games/490147
312,19731,Portal 2,178000.0,https://twitchtracker.com/games/19731
313,370427,Mighty No. 9,178000.0,https://twitchtracker.com/games/370427
314,11386,Metal Gear Solid 2: Sons of Liberty,178000.0,https://twitchtracker.com/games/11386
315,494081,Scorn,178000.0,https://twitchtracker.com/games/494081
316,7689,FINAL FANTASY,177000.0,https://twitchtracker.com/games/7689
317,493036,Worms W.M.D,177000.0,https://twitchtracker.com/games/493036
318,11065,Castlevania: Aria of Sorrow,177000.0,https://twitchtracker.com/games/11065
319,10033,Banjo-Kazooie,177000.0,https://twitchtracker.com/games/10033
320,6263,Sonic Adventure 2: Battle,176000.0,https://twitchtracker.com/games/6263
321,997988828,Hivemind Gameshow,176000.0,https://twitchtracker.com/games/997988828
322,2090279789,FINAL FANTASY XVI,176000.0,https://twitchtracker.com/games/2090279789
323,987123848,No Rest for the Wicked,175000.0,https://twitchtracker.com/games/987123848
324,16791,Ratchet & Clank,175000.0,https://twitchtracker.com/games/16791
325,4431,Mike Tyson's Punch-Out!!,175000.0,https://twitchtracker.com/games/4431
326,2106425216,Gray Zone Warfare,175000.0,https://twitchtracker.com/games/2106425216
327,518019,Returnal,174000.0,https://twitchtracker.com/games/518019
328,494131,Little Nightmares,174000.0,https://twitchtracker.com/games/494131
329,493551,Conan Exiles,174000.0,https://twitchtracker.com/games/493551
330,28296,Sonic Colors,174000.0,https://twitchtracker.com/games/28296
331,12078,Sonic Adventure DX: Director's Cut,174000.0,https://twitchtracker.com/games/12078
332,8135,System Shock 2,173000.0,https://twitchtracker.com/games/8135
333,489201,Titanfall 2,173000.0,https://twitchtracker.com/games/489201
334,33928,Worms Revolution,173000.0,https://twitchtracker.com/games/33928
335,633127529,Riders Republic,173000.0,https://twitchtracker.com/games/633127529
336,17828,The Legend of Zelda: Twilight Princess,172000.0,https://twitchtracker.com/games/17828
337,496712,Call of Duty: WWII,172000.0,https://twitchtracker.com/games/496712
338,503233,Dragon Age: The Veilguard,172000.0,https://twitchtracker.com/games/503233
339,506089309,SIFU,171000.0,https://twitchtracker.com/games/506089309
340,492535,Celeste,171000.0,https://twitchtracker.com/games/492535
341,14432,Donkey Kong Country,171000.0,https://twitchtracker.com/games/14432
342,6855,Paper Mario: The Thousand-Year Door,171000.0,https://twitchtracker.com/games/6855
343,19023,FINAL FANTASY IV,171000.0,https://twitchtracker.com/games/19023
344,9287,Pokémon Ruby/Sapphire,171000.0,https://twitchtracker.com/games/9287
345,497467,Monster Hunter: World,170000.0,https://twitchtracker.com/games/497467
346,6715,DOOM,170000.0,https://twitchtracker.com/games/6715
347,491080,The Binding of Isaac: Repentance,170000.0,https://twitchtracker.com/games/491080
348,5831,Mega Man Network Transmission,170000.0,https://twitchtracker.com/games/5831
349,6187,Portal,169000.0,https://twitchtracker.com/games/6187
350,498744,SCP: Secret Laboratory,169000.0,https://twitchtracker.com/games/498744
351,10854,Castlevania II: Simon's Quest,169000.0,https://twitchtracker.com/games/10854
352,15104,Mega Man 6,169000.0,https://twitchtracker.com/games/15104
353,13050,Castlevania: Symphony of the Night,169000.0,https://twitchtracker.com/games/13050
354,518007,Marvel's Spider-Man: Miles Morales,168000.0,https://twitchtracker.com/games/518007
355,1074401885,Fears to Fathom: Woodbury Getaway,168000.0,https://twitchtracker.com/games/1074401885
356,24324,The Legend of Zelda: Skyward Sword,168000.0,https://twitchtracker.com/games/24324
357,14543,Pokémon Crystal Version,168000.0,https://twitchtracker.com/games/14543
358,495064,Splatoon 2,168000.0,https://twitchtracker.com/games/495064
359,19348,Mirror's Edge,168000.0,https://twitchtracker.com/games/19348
360,369252,The Sims 4,168000.0,https://twitchtracker.com/games/369252
361,10979,The Legend of Zelda,167000.0,https://twitchtracker.com/games/10979
362,369591,Donkey Kong Country: Tropical Freeze,167000.0,https://twitchtracker.com/games/369591
363,11017,Super Bomberman,167000.0,https://twitchtracker.com/games/11017
364,503116,Beat Saber,166000.0,https://twitchtracker.com/games/503116
365,498482,Age of Empires IV,166000.0,https://twitchtracker.com/games/498482
366,2069,Sonic R,166000.0,https://twitchtracker.com/games/2069
367,497071,The Last of Us: Left Behind,166000.0,https://twitchtracker.com/games/497071
368,31284,Sonic Generations,166000.0,https://twitchtracker.com/games/31284
369,11557,The Legend of Zelda: Ocarina of Time,166000.0,https://twitchtracker.com/games/11557
370,495062,Octopath Traveler,166000.0,https://twitchtracker.com/games/495062
371,460316,Brawlhalla,166000.0,https://twitchtracker.com/games/460316
372,2397,Halo: Combat Evolved,165000.0,https://twitchtracker.com/games/2397
373,68346,Brothers: A Tale of Two Sons,165000.0,https://twitchtracker.com/games/68346
374,7528,Pokémon Gold Version,165000.0,https://twitchtracker.com/games/7528
375,1614555304,Call of Duty: Modern Warfare,165000.0,https://twitchtracker.com/games/1614555304
376,22720,Super Meat Boy,165000.0,https://twitchtracker.com/games/22720
377,8867,Jak 3,165000.0,https://twitchtracker.com/games/8867
378,490608,Super Mario Maker,165000.0,https://twitchtracker.com/games/490608
379,2117289149,Escaping Agent,164000.0,https://twitchtracker.com/games/2117289149
380,510580,The Outer Worlds,164000.0,https://twitchtracker.com/games/510580
381,8691,Sonic Rush,164000.0,https://twitchtracker.com/games/8691
382,14498,Castlevania Chronicles,164000.0,https://twitchtracker.com/games/14498
383,511471,Darkest Dungeon II,164000.0,https://twitchtracker.com/games/511471
384,14868,Battle Clash,164000.0,https://twitchtracker.com/games/14868
385,12270,Ape Escape,164000.0,https://twitchtracker.com/games/12270
386,5492,Diablo,163000.0,https://twitchtracker.com/games/5492
387,16582,Metal Gear Solid 3: Snake Eater,163000.0,https://twitchtracker.com/games/16582
388,505991,Bloodstained: Curse of the Moon,163000.0,https://twitchtracker.com/games/505991
389,686119195,Armored Core VI: Fires of Rubicon,163000.0,https://twitchtracker.com/games/686119195
390,496236,Sonic Forces,163000.0,https://twitchtracker.com/games/496236
391,15013,Prey,163000.0,https://twitchtracker.com/games/15013
392,497437,The Evil Within 2,162000.0,https://twitchtracker.com/games/497437
393,10090,Luigi's Mansion,162000.0,https://twitchtracker.com/games/10090
394,2104758320,The First Descendant,162000.0,https://twitchtracker.com/games/2104758320
395,7934,Crash Bandicoot 2: Cortex Strikes Back,161000.0,https://twitchtracker.com/games/7934
396,490378,South Park: The Fractured But Whole,161000.0,https://twitchtracker.com/games/490378
397,515214,Politics,161000.0,https://twitchtracker.com/games/515214
398,506237,"Pokémon: Let's Go, Pikachu!",161000.0,https://twitchtracker.com/games/506237
399,30367,EarthBound,161000.0,https://twitchtracker.com/games/30367
400,10155,Kirby's Dream Land 3,161000.0,https://twitchtracker.com/games/10155
401,2271,Sonic The Hedgehog,161000.0,https://twitchtracker.com/games/2271
402,7382,Pokémon Puzzle League,161000.0,https://twitchtracker.com/games/7382
403,509671,Fitness & Health,160000.0,https://twitchtracker.com/games/509671
404,1155,Blaster Master,160000.0,https://twitchtracker.com/games/1155
405,91423,Dark Souls II,160000.0,https://twitchtracker.com/games/91423
406,10553,Mystery Fun House,160000.0,https://twitchtracker.com/games/10553
407,273333352,Assassin's Creed Mirage,160000.0,https://twitchtracker.com/games/273333352
408,13182,Castlevania: Portrait of Ruin,160000.0,https://twitchtracker.com/games/13182
409,1598,Spyro: Year of the Dragon,160000.0,https://twitchtracker.com/games/1598
410,61,Sonic Advance 2,160000.0,https://twitchtracker.com/games/61
411,15707,ActRaiser 2,159000.0,https://twitchtracker.com/games/15707
412,65654,The Elder Scrolls Online,159000.0,https://twitchtracker.com/games/65654
413,493091,FIFA 17,159000.0,https://twitchtracker.com/games/493091
414,18697,F-Zero GX,159000.0,https://twitchtracker.com/games/18697
415,24399,Mirror's Edge Catalyst,159000.0,https://twitchtracker.com/games/24399
416,6624,Super Monkey Ball,159000.0,https://twitchtracker.com/games/6624
417,495856,Northgard,159000.0,https://twitchtracker.com/games/495856
418,369590,Super Mario 3D World,158000.0,https://twitchtracker.com/games/369590
419,10505,Super Castlevania IV,158000.0,https://twitchtracker.com/games/10505
420,495961,Dead Cells,158000.0,https://twitchtracker.com/games/495961
421,493877,Sonic Mania,158000.0,https://twitchtracker.com/games/493877
422,21727,Punch-Out!!,158000.0,https://twitchtracker.com/games/21727
423,5215,Sunset Riders,158000.0,https://twitchtracker.com/games/5215
424,8054,Mario Paint,158000.0,https://twitchtracker.com/games/8054
425,520083701,RISK: The Game of Global Domination,157000.0,https://twitchtracker.com/games/520083701
426,516173984,Cult of the Lamb,157000.0,https://twitchtracker.com/games/516173984
427,5682,Crash Team Racing,157000.0,https://twitchtracker.com/games/5682
428,28105,Wii Party,157000.0,https://twitchtracker.com/games/28105
429,584047654,Gundam Evolution,157000.0,https://twitchtracker.com/games/584047654
430,519462,Super Mario Bros. 35,157000.0,https://twitchtracker.com/games/519462
431,6108,Castlevania,157000.0,https://twitchtracker.com/games/6108
432,9531,Jak II,157000.0,https://twitchtracker.com/games/9531
433,512086,Heave Ho,157000.0,https://twitchtracker.com/games/512086
434,569,Rayman 2: The Great Escape,157000.0,https://twitchtracker.com/games/569
435,11826,Batman: Return of the Joker,157000.0,https://twitchtracker.com/games/11826
436,11644,Castlevania: Rondo of Blood,157000.0,https://twitchtracker.com/games/11644
437,65627,I Wanna Be the Boshy,157000.0,https://twitchtracker.com/games/65627
438,394758168,Content Warning,157000.0,https://twitchtracker.com/games/394758168
439,16607,Sonic & Knuckles,156000.0,https://twitchtracker.com/games/16607
440,7157,Half-Life: Blue Shift,156000.0,https://twitchtracker.com/games/7157
441,24203,Halo: Reach,156000.0,https://twitchtracker.com/games/24203
442,506462,Control,156000.0,https://twitchtracker.com/games/506462
443,15538,Mega Man X3,156000.0,https://twitchtracker.com/games/15538
444,2840,Kirby & the Amazing Mirror,156000.0,https://twitchtracker.com/games/2840
445,33734,Pokémon Black/White Version 2,156000.0,https://twitchtracker.com/games/33734
446,2748,Magic: The Gathering,156000.0,https://twitchtracker.com/games/2748
447,12504,Mega Man Zero 2,156000.0,https://twitchtracker.com/games/12504
448,460851,The Legend of Korra,156000.0,https://twitchtracker.com/games/460851
449,511212,Subnautica: Below Zero,156000.0,https://twitchtracker.com/games/511212
450,15483,Donkey Kong Country 2: Diddy's Kong Quest,156000.0,https://twitchtracker.com/games/15483
451,103828,Pokémon X/Y,155000.0,https://twitchtracker.com/games/103828
452,28605,ShootMania Storm,155000.0,https://twitchtracker.com/games/28605
453,1767132907,Suicide Squad: Kill the Justice League,155000.0,https://twitchtracker.com/games/1767132907
454,26690,Battle Kid: Fortress of Peril,155000.0,https://twitchtracker.com/games/26690
455,26821,VVVVVV,155000.0,https://twitchtracker.com/games/26821
456,18519,Mega Man X4,154000.0,https://twitchtracker.com/games/18519
457,14198,Metroid Prime,154000.0,https://twitchtracker.com/games/14198
458,983841243,Off The Grid,154000.0,https://twitchtracker.com/games/983841243
459,4185,The Messenger,154000.0,https://twitchtracker.com/games/4185
460,8466,Kirby Super Star,154000.0,https://twitchtracker.com/games/8466
461,1668,Teenage Mutant Ninja Turtles III: The Manhattan Project,154000.0,https://twitchtracker.com/games/1668
462,18217,Sparkster,154000.0,https://twitchtracker.com/games/18217
463,500727,EA Sports UFC 3,153000.0,https://twitchtracker.com/games/500727
464,460619,Ori and the Blind Forest,153000.0,https://twitchtracker.com/games/460619
465,417969,Halo: The Master Chief Collection,153000.0,https://twitchtracker.com/games/417969
466,8543,Mario & Luigi: Superstar Saga,153000.0,https://twitchtracker.com/games/8543
467,488533,The Legend of Zelda: Majora's Mask 3D,153000.0,https://twitchtracker.com/games/488533
468,1371363232,NBA 2K22,153000.0,https://twitchtracker.com/games/1371363232
469,15512,Star Wars: Jedi Knight - Jedi Academy,153000.0,https://twitchtracker.com/games/15512
470,497410,Metro Exodus,153000.0,https://twitchtracker.com/games/497410
471,2234,Congo's Caper,153000.0,https://twitchtracker.com/games/2234
472,766571430,HELLDIVERS 2,153000.0,https://twitchtracker.com/games/766571430
473,1520,Ninja Gaiden,153000.0,https://twitchtracker.com/games/1520
474,519103,PowerWash Simulator,153000.0,https://twitchtracker.com/games/519103
475,6756,Crash Bandicoot,153000.0,https://twitchtracker.com/games/6756
476,504610,AMID EVIL,153000.0,https://twitchtracker.com/games/504610
477,6737,Super Mario RPG: Legend of the Seven Stars,153000.0,https://twitchtracker.com/games/6737
478,5635,The Legend of Zelda: The Minish Cap,152000.0,https://twitchtracker.com/games/5635
479,15820,TimeSplitters 2,152000.0,https://twitchtracker.com/games/15820
480,116747788,"Pools, Hot Tubs, and Beaches",152000.0,https://twitchtracker.com/games/116747788
481,518023,NBA 2K21,152000.0,https://twitchtracker.com/games/518023
482,28668,Puzzle Games,152000.0,https://twitchtracker.com/games/28668
483,519604,You Suck at Parking,152000.0,https://twitchtracker.com/games/519604
484,1459,Metroid Prime 2: Echoes,152000.0,https://twitchtracker.com/games/1459
485,18871,Mario Kart Wii,152000.0,https://twitchtracker.com/games/18871
486,19813,Metroid,152000.0,https://twitchtracker.com/games/19813
487,5815,FINAL FANTASY VI,152000.0,https://twitchtracker.com/games/5815
488,4230,Ratchet & Clank: Going Commando,152000.0,https://twitchtracker.com/games/4230
489,10095,Sega Bass Fishing,151000.0,https://twitchtracker.com/games/10095
490,6040,Ninja Gaiden Black,151000.0,https://twitchtracker.com/games/6040
491,30826,Super Mario 3D Land,151000.0,https://twitchtracker.com/games/30826
492,497349,The End Is Nigh,151000.0,https://twitchtracker.com/games/497349
493,491744,Momodora: Reverie Under the Moonlight,151000.0,https://twitchtracker.com/games/491744
494,9683,SpongeBob SquarePants: Battle For Bikini Bottom,151000.0,https://twitchtracker.com/games/9683
495,490646,Katana ZERO,151000.0,https://twitchtracker.com/games/490646
496,14081,Sly Cooper and the Thievius Raccoonus,151000.0,https://twitchtracker.com/games/14081
497,28897,Bastion,151000.0,https://twitchtracker.com/games/28897
498,283386,Devil May Cry,151000.0,https://twitchtracker.com/games/283386
499,13959,Ratchet & Clank Future: Tools of Destruction,151000.0,https://twitchtracker.com/games/13959
500,13765,Donkey Kong 64,151000.0,https://twitchtracker.com/games/13765
501,32507,SMITE,150000.0,https://twitchtracker.com/games/32507
502,490422,StarCraft II,150000.0,https://twitchtracker.com/games/490422
503,369075,A Hat in Time,150000.0,https://twitchtracker.com/games/369075
504,6761,Mega Man 7,150000.0,https://twitchtracker.com/games/6761
505,2193,StarTropics,150000.0,https://twitchtracker.com/games/2193
506,3940,Wario Land 4,150000.0,https://twitchtracker.com/games/3940
507,369187,Tetris: The Grand Master,150000.0,https://twitchtracker.com/games/369187
508,2686,PERFECT DARK,150000.0,https://twitchtracker.com/games/2686
509,14805,Metal Gear Solid,150000.0,https://twitchtracker.com/games/14805
510,421259832,Redfall,150000.0,https://twitchtracker.com/games/421259832
511,9479,Metroid Fusion,150000.0,https://twitchtracker.com/games/9479
512,18723,Bionic Commando Rearmed,149000.0,https://twitchtracker.com/games/18723
513,492553,Sid Meier's Civilization VI,149000.0,https://twitchtracker.com/games/492553
514,502914,Blasphemous,149000.0,https://twitchtracker.com/games/502914
515,14660,Diddy Kong Racing,149000.0,https://twitchtracker.com/games/14660
516,19358,Battletoads,149000.0,https://twitchtracker.com/games/19358
517,32156,Dishonored,148000.0,https://twitchtracker.com/games/32156
518,12577,Sonic Advance 3,148000.0,https://twitchtracker.com/games/12577
519,2044618072,Zoochosis,148000.0,https://twitchtracker.com/games/2044618072
520,518004,Kena: Bridge of Spirits,148000.0,https://twitchtracker.com/games/518004
521,5975,Shadow of the Colossus,148000.0,https://twitchtracker.com/games/5975
522,19822,Kirby: Nightmare in Dream Land,148000.0,https://twitchtracker.com/games/19822
523,518014,Gran Turismo 7,148000.0,https://twitchtracker.com/games/518014
524,7995,Dead Rising,148000.0,https://twitchtracker.com/games/7995
525,500560,Mega Man 11,148000.0,https://twitchtracker.com/games/500560
526,6818,SUPER GHOULS'N GHOSTS,148000.0,https://twitchtracker.com/games/6818
527,512983,DEATHLOOP,147000.0,https://twitchtracker.com/games/512983
528,10288,Adventure Island II,147000.0,https://twitchtracker.com/games/10288
529,209738946,Wuthering Waves,147000.0,https://twitchtracker.com/games/209738946
530,18114,Mega Man X2,147000.0,https://twitchtracker.com/games/18114
531,13230,Ninja Gaiden II: The Dark Sword of Chaos,147000.0,https://twitchtracker.com/games/13230
532,369088,The Legend of Zelda: A Link Between Worlds,147000.0,https://twitchtracker.com/games/369088
533,491736,Kirby: Planet Robobot,147000.0,https://twitchtracker.com/games/491736
534,490382,For Honor,147000.0,https://twitchtracker.com/games/490382
535,496499,Spooky's Jump Scare Mansion: HD Renovation,147000.0,https://twitchtracker.com/games/496499
536,492504,Human: Fall Flat,146000.0,https://twitchtracker.com/games/492504
537,15141,Half-Life: Opposing Force,146000.0,https://twitchtracker.com/games/15141
538,24193,Left 4 Dead 2,146000.0,https://twitchtracker.com/games/24193
539,511229,Pogostuck: Rage With Your Friends,146000.0,https://twitchtracker.com/games/511229
540,904864974,Mortal Kombat 1,146000.0,https://twitchtracker.com/games/904864974
541,417892,Z1: Battle Royale,146000.0,https://twitchtracker.com/games/417892
542,4375,Kingdom Hearts II,146000.0,https://twitchtracker.com/games/4375
543,17789,The Ultimate DOOM,146000.0,https://twitchtracker.com/games/17789
544,491381,Golf With Your Friends,146000.0,https://twitchtracker.com/games/491381
545,10873,Garfield: Caught in the Act,145000.0,https://twitchtracker.com/games/10873
546,11282,FINAL FANTASY VIII,145000.0,https://twitchtracker.com/games/11282
547,17189,Mario Kart: Double Dash!!,145000.0,https://twitchtracker.com/games/17189
548,2635,Super Mario World 2: Yoshi's Island,145000.0,https://twitchtracker.com/games/2635
549,707820149,Getting Over It: Mafiathon Edition,145000.0,https://twitchtracker.com/games/707820149
550,476371,Salt and Sanctuary,145000.0,https://twitchtracker.com/games/476371
551,495589,FIFA 18,145000.0,https://twitchtracker.com/games/495589
552,460951,Geometry Dash,145000.0,https://twitchtracker.com/games/460951
553,13420,Jak and Daxter: The Precursor Legacy,145000.0,https://twitchtracker.com/games/13420
554,8090,FINAL FANTASY IX,145000.0,https://twitchtracker.com/games/8090
555,4133,Mega Man 3,145000.0,https://twitchtracker.com/games/4133
556,4162,Donkey Kong Country 3: Dixie Kong's Double Trouble!,145000.0,https://twitchtracker.com/games/4162
557,1199725270,WWE 2K22,145000.0,https://twitchtracker.com/games/1199725270
558,13248,Sonic CD,144000.0,https://twitchtracker.com/games/13248
559,1997284924,A Quiet Place: The Road Ahead,144000.0,https://twitchtracker.com/games/1997284924
560,9374,Chex Quest,144000.0,https://twitchtracker.com/games/9374
561,490374,Horizon Zero Dawn,144000.0,https://twitchtracker.com/games/490374
562,489057,Azure Striker GUNVOLT 2,144000.0,https://twitchtracker.com/games/489057
563,4796,Prince of Persia: The Sands of Time,144000.0,https://twitchtracker.com/games/4796
564,1524,Sonic the Hedgehog 2,144000.0,https://twitchtracker.com/games/1524
565,18308,Marathon Infinity,144000.0,https://twitchtracker.com/games/18308
566,488353,Super Smash Bros. for Wii U,144000.0,https://twitchtracker.com/games/488353
567,506412,Devil May Cry 5,144000.0,https://twitchtracker.com/games/506412
568,12759,Contra: Hard Corps,143000.0,https://twitchtracker.com/games/12759
569,460635,inFAMOUS: First Light,143000.0,https://twitchtracker.com/games/460635
570,3137,Duke Nukem 3D,143000.0,https://twitchtracker.com/games/3137
571,491327,The Legend of Zelda: Twilight Princess HD,143000.0,https://twitchtracker.com/games/491327
572,8489,Chrono Trigger,143000.0,https://twitchtracker.com/games/8489
573,1420,Half-Life 2,143000.0,https://twitchtracker.com/games/1420
574,11370,Ghouls 'n Ghosts,143000.0,https://twitchtracker.com/games/11370
575,18881,Command & Conquer: Red Alert 3,143000.0,https://twitchtracker.com/games/18881
576,11988,FINAL FANTASY VII,143000.0,https://twitchtracker.com/games/11988
577,500188,Hunt: Showdown 1896,143000.0,https://twitchtracker.com/games/500188
578,9191,Batman Forever,142000.0,https://twitchtracker.com/games/9191
579,9891,Silent Hill 2,142000.0,https://twitchtracker.com/games/9891
580,4089,Kirby's Dream Land 2,142000.0,https://twitchtracker.com/games/4089
581,506442,DOOM Eternal,142000.0,https://twitchtracker.com/games/506442
582,188824012,Internet Cafe Simulator 2,142000.0,https://twitchtracker.com/games/188824012
583,497431,Skull and Bones,142000.0,https://twitchtracker.com/games/497431
584,4597,ADVENTURES OF LOLO,142000.0,https://twitchtracker.com/games/4597
585,1365,Tony Hawk's Underground 2,142000.0,https://twitchtracker.com/games/1365
586,461492,Keep Talking and Nobody Explodes,142000.0,https://twitchtracker.com/games/461492
587,271198,NCAA Football 14,142000.0,https://twitchtracker.com/games/271198
588,66254,Hotline Miami,142000.0,https://twitchtracker.com/games/66254
589,67877,1001 Spikes,142000.0,https://twitchtracker.com/games/67877
590,14951,Dragon Quest,142000.0,https://twitchtracker.com/games/14951
591,18692,Streets of Rage,141000.0,https://twitchtracker.com/games/18692
592,505374,Blazing Chrome,141000.0,https://twitchtracker.com/games/505374
593,488487,I am Bread,141000.0,https://twitchtracker.com/games/488487
594,517497,Tony Hawk's Pro Skater 1+2,141000.0,https://twitchtracker.com/games/517497
595,6081,James Bond 007: Nightfire,141000.0,https://twitchtracker.com/games/6081
596,488632,Enter the Gungeon,141000.0,https://twitchtracker.com/games/488632
597,504463,Tom Clancy's The Division 2,141000.0,https://twitchtracker.com/games/504463
598,460639,The Talos Principle,141000.0,https://twitchtracker.com/games/460639
599,1833694612,Vampire Survivors,140000.0,https://twitchtracker.com/games/1833694612
600,492118,Job Simulator: The 2050 Archives,140000.0,https://twitchtracker.com/games/492118
601,871,Castlevania: BLOODLINES,140000.0,https://twitchtracker.com/games/871
602,19151,Mega Man 9,140000.0,https://twitchtracker.com/games/19151
603,508509,Codenames,140000.0,https://twitchtracker.com/games/508509
604,1450386257,Wo Long: Fallen Dynasty,140000.0,https://twitchtracker.com/games/1450386257
605,18916,Left 4 Dead,140000.0,https://twitchtracker.com/games/18916
606,8711,Mega Man Zero 3,139000.0,https://twitchtracker.com/games/8711
607,518059,Star Wars: Squadrons,139000.0,https://twitchtracker.com/games/518059
608,14766,Super Mario Galaxy,139000.0,https://twitchtracker.com/games/14766
609,15919,Metroid: Zero Mission,139000.0,https://twitchtracker.com/games/15919
610,584,DOOM II: Hell on Earth,139000.0,https://twitchtracker.com/games/584
611,459527,Gang Beasts,139000.0,https://twitchtracker.com/games/459527
612,34072,Axiom Verge,139000.0,https://twitchtracker.com/games/34072
613,706,Superman: The New Superman Adventures,139000.0,https://twitchtracker.com/games/706
614,18846,Garry's Mod,139000.0,https://twitchtracker.com/games/18846
615,15533,Trauma Center: New Blood,139000.0,https://twitchtracker.com/games/15533
616,313444,Crypt of the NecroDancer,139000.0,https://twitchtracker.com/games/313444
617,17043,Sonic the Hedgehog: Spinball,139000.0,https://twitchtracker.com/games/17043
618,370539,Puyo Puyo Tetris,138000.0,https://twitchtracker.com/games/370539
619,516915,Mortal Shell,138000.0,https://twitchtracker.com/games/516915
620,12924,Warcraft III,138000.0,https://twitchtracker.com/games/12924
621,26529,Mega Man 10,138000.0,https://twitchtracker.com/games/26529
622,506458,Overcooked! 2,138000.0,https://twitchtracker.com/games/506458
623,32178,Octodad: Dadliest Catch,138000.0,https://twitchtracker.com/games/32178
624,18231,Paper Mario,138000.0,https://twitchtracker.com/games/18231
625,120037464,Project F,138000.0,https://twitchtracker.com/games/120037464
626,16570,Fatal Frame,138000.0,https://twitchtracker.com/games/16570
627,766548668,V Rising,138000.0,https://twitchtracker.com/games/766548668
628,519559,Riders Republic,137000.0,https://twitchtracker.com/games/519559
629,458096,Hyper Light Drifter,137000.0,https://twitchtracker.com/games/458096
630,18526,The Elder Scrolls IV: Oblivion,137000.0,https://twitchtracker.com/games/18526
631,1089438810,Among Us,137000.0,https://twitchtracker.com/games/1089438810
632,70506389,Quiplash 2 InterLASHional,137000.0,https://twitchtracker.com/games/70506389
633,10468,Teenage Mutant Ninja Turtles: The HyperStone Heist,137000.0,https://twitchtracker.com/games/10468
634,461206,Timespinner,137000.0,https://twitchtracker.com/games/461206
635,11989,StarCraft,137000.0,https://twitchtracker.com/games/11989
636,513906,Chicory: A Colorful Tale,137000.0,https://twitchtracker.com/games/513906
637,497438,Dishonored: Death of the Outsider,136000.0,https://twitchtracker.com/games/497438
638,344617328,Food Truck Simulator,136000.0,https://twitchtracker.com/games/344617328
639,4327,Metroid Prime 3: Corruption,136000.0,https://twitchtracker.com/games/4327
640,5045,Descent II,136000.0,https://twitchtracker.com/games/5045
641,369380,Dying Light,136000.0,https://twitchtracker.com/games/369380
642,518016,Ratchet & Clank: Rift Apart,136000.0,https://twitchtracker.com/games/518016
643,495002,Are You Smarter Than a 5th Grader,135000.0,https://twitchtracker.com/games/495002
644,489591,Yooka-Laylee,135000.0,https://twitchtracker.com/games/489591
645,459104,Night in the Woods,135000.0,https://twitchtracker.com/games/459104
646,513452,Manifold Garden,135000.0,https://twitchtracker.com/games/513452
647,2044170173,Nintendo Switch Sports,135000.0,https://twitchtracker.com/games/2044170173
648,5360,Resident Evil,135000.0,https://twitchtracker.com/games/5360
649,10384,God of War II,135000.0,https://twitchtracker.com/games/10384
650,512981,Blair Witch,135000.0,https://twitchtracker.com/games/512981
651,1893867416,Blackjack,135000.0,https://twitchtracker.com/games/1893867416
652,369385,N++,134000.0,https://twitchtracker.com/games/369385
653,491398,Clustertruck,134000.0,https://twitchtracker.com/games/491398
654,10902,Katamari Damacy,134000.0,https://twitchtracker.com/games/10902
655,65642,Slender: The Eight Pages,134000.0,https://twitchtracker.com/games/65642
656,129117,Nuclear Throne,134000.0,https://twitchtracker.com/games/129117
657,500633,World War Z,133000.0,https://twitchtracker.com/games/500633
658,509660,Art,133000.0,https://twitchtracker.com/games/509660
659,8793,Metal Gear Solid: The Twin Snakes,133000.0,https://twitchtracker.com/games/8793
660,9522,Silent Hill 3,133000.0,https://twitchtracker.com/games/9522
661,497456,Days Gone,133000.0,https://twitchtracker.com/games/497456
662,7200,The Legend of Zelda: Four Swords Adventures,133000.0,https://twitchtracker.com/games/7200
663,497334,Pokémon Ultra Sun/Ultra Moon,132000.0,https://twitchtracker.com/games/497334
664,497372,The Mummy: Demastered,132000.0,https://twitchtracker.com/games/497372
665,1055,Fire Emblem: The Sacred Stones,132000.0,https://twitchtracker.com/games/1055
666,22722,Half-Minute Hero,132000.0,https://twitchtracker.com/games/22722
667,27546,World of Tanks,132000.0,https://twitchtracker.com/games/27546
668,13411,Turok: Dinosaur Hunter,132000.0,https://twitchtracker.com/games/13411
669,68074,Slender: The Arrival,131000.0,https://twitchtracker.com/games/68074
670,495202,Fire Emblem: Three Houses,131000.0,https://twitchtracker.com/games/495202
671,18241,Disney's Aladdin,131000.0,https://twitchtracker.com/games/18241
672,31585,Tetris: The Grand Master 3 - Terror‑Instinct,131000.0,https://twitchtracker.com/games/31585
673,488379,NightCry,131000.0,https://twitchtracker.com/games/488379
674,3685,Dino Crisis 2,131000.0,https://twitchtracker.com/games/3685
675,514858,League of Legends: Wild Rift,131000.0,https://twitchtracker.com/games/514858
676,6521,Grand Theft Auto: San Andreas,131000.0,https://twitchtracker.com/games/6521
677,12110,Castlevania: Circle of the Moon,131000.0,https://twitchtracker.com/games/12110
678,27209,Lara Croft and the Guardian of Light,130000.0,https://twitchtracker.com/games/27209
679,21465,osu!,130000.0,https://twitchtracker.com/games/21465
680,499001,Duck Season,130000.0,https://twitchtracker.com/games/499001
681,18443,Disney's Darkwing Duck,130000.0,https://twitchtracker.com/games/18443
682,7436,The Adventures of Rocky and Bullwinkle and Friends,130000.0,https://twitchtracker.com/games/7436
683,518144,The Outlast Trials,130000.0,https://twitchtracker.com/games/518144
684,1275666892,Monster Hunter Rise,130000.0,https://twitchtracker.com/games/1275666892
685,50925173,Talk To Me,130000.0,https://twitchtracker.com/games/50925173
686,85,Arabian Nights,130000.0,https://twitchtracker.com/games/85
687,15510,Mass Effect,130000.0,https://twitchtracker.com/games/15510
688,492487,Furi,129000.0,https://twitchtracker.com/games/492487
689,10684,Shadow Dancer,129000.0,https://twitchtracker.com/games/10684
690,8722,Castle of Illusion Starring Mickey Mouse,129000.0,https://twitchtracker.com/games/8722
691,1336067913,Ultimate Marvel vs. Capcom 3,129000.0,https://twitchtracker.com/games/1336067913
692,80603,Shantae and the Pirate's Curse,129000.0,https://twitchtracker.com/games/80603
693,19536,Kingdom Hearts Birth by Sleep,129000.0,https://twitchtracker.com/games/19536
694,15446,Dragon Quest III: The Seeds of Salvation,129000.0,https://twitchtracker.com/games/15446
695,499507,Welcome to the Game II,129000.0,https://twitchtracker.com/games/499507
696,735904419,ARK: Survival Ascended,129000.0,https://twitchtracker.com/games/735904419
697,9815,Family Feud,129000.0,https://twitchtracker.com/games/9815
698,5804,Silent Hill 4: The Room,128000.0,https://twitchtracker.com/games/5804
699,494162,NieR: Automata,128000.0,https://twitchtracker.com/games/494162
700,1497,Mega Man X6,128000.0,https://twitchtracker.com/games/1497
701,369585,Kingdom Hearts III,128000.0,https://twitchtracker.com/games/369585
702,4240,Sonic the Hedgehog 3,128000.0,https://twitchtracker.com/games/4240
703,499003,VRChat,128000.0,https://twitchtracker.com/games/499003
704,6650,ActRaiser,128000.0,https://twitchtracker.com/games/6650
705,19745,Pokémon Platinum Version,128000.0,https://twitchtracker.com/games/19745
706,458443,Alien: Isolation,128000.0,https://twitchtracker.com/games/458443
707,369567,Halo 5: Guardians,128000.0,https://twitchtracker.com/games/369567
708,30478,Yume Koujou: Doki-doki Panic,128000.0,https://twitchtracker.com/games/30478
709,3733,Pocky & Rocky,127000.0,https://twitchtracker.com/games/3733
710,34158,New Super Mario Bros. 2,127000.0,https://twitchtracker.com/games/34158
711,252,Golden Sun,127000.0,https://twitchtracker.com/games/252
712,313566,SUPERHOT,127000.0,https://twitchtracker.com/games/313566
713,255298418,FINAL FANTASY VII REBIRTH,127000.0,https://twitchtracker.com/games/255298418
714,4140,Thief: The Dark Project,127000.0,https://twitchtracker.com/games/4140
715,10119,Hitman: Blood Money,127000.0,https://twitchtracker.com/games/10119
716,1318043161,Tiny Tina's Wonderlands,127000.0,https://twitchtracker.com/games/1318043161
717,505619,Lethal League Blaze,126000.0,https://twitchtracker.com/games/505619
718,18889,FINAL FANTASY XIII,126000.0,https://twitchtracker.com/games/18889
719,18791,Ōkami,126000.0,https://twitchtracker.com/games/18791
720,32959,Heroes of the Storm,126000.0,https://twitchtracker.com/games/32959
721,10708,Ape Escape 2,126000.0,https://twitchtracker.com/games/10708
722,914,Tony Hawk's Pro Skater 2,126000.0,https://twitchtracker.com/games/914
723,1757732267,Forza Horizon 5,126000.0,https://twitchtracker.com/games/1757732267
724,493244,Deceit,126000.0,https://twitchtracker.com/games/493244
725,21101,Batman: Arkham Asylum,126000.0,https://twitchtracker.com/games/21101
726,31339,Project Zomboid,126000.0,https://twitchtracker.com/games/31339
727,7240,Mega Man Legends,126000.0,https://twitchtracker.com/games/7240
728,2897,The Simpsons: Hit & Run,125000.0,https://twitchtracker.com/games/2897
729,10710,Counter-Strike 1.6,125000.0,https://twitchtracker.com/games/10710
730,1448964995,Arknights: Endfield,125000.0,https://twitchtracker.com/games/1448964995
731,510590,Hades,125000.0,https://twitchtracker.com/games/510590
732,5126,Resident Evil 3: Nemesis,125000.0,https://twitchtracker.com/games/5126
733,494198,Blaster Master Zero,125000.0,https://twitchtracker.com/games/494198
734,16401,Kirby: Canvas Curse,125000.0,https://twitchtracker.com/games/16401
735,19253,Kirby Super Star Ultra,125000.0,https://twitchtracker.com/games/19253
736,666,Metal Gear 2: Solid Snake,125000.0,https://twitchtracker.com/games/666
737,488190,Poker,125000.0,https://twitchtracker.com/games/488190
738,59,Pac-Man World,125000.0,https://twitchtracker.com/games/59
739,8905,Batman Returns,124000.0,https://twitchtracker.com/games/8905
740,7873,Gauntlet,124000.0,https://twitchtracker.com/games/7873
741,26409,Mushihime-sama Futari,124000.0,https://twitchtracker.com/games/26409
742,506468,Nioh 2,124000.0,https://twitchtracker.com/games/506468
743,506098,StopotS,124000.0,https://twitchtracker.com/games/506098
744,18934,Braid,124000.0,https://twitchtracker.com/games/18934
745,7541,Earthworm Jim 2,124000.0,https://twitchtracker.com/games/7541
746,12665,Pepsiman,124000.0,https://twitchtracker.com/games/12665
747,2759,Contra III: The Alien Wars,124000.0,https://twitchtracker.com/games/2759
748,8420,The Lion King,124000.0,https://twitchtracker.com/games/8420
749,517174,F1 2020,124000.0,https://twitchtracker.com/games/517174
750,15866,BioShock,124000.0,https://twitchtracker.com/games/15866
751,7457,Mega Man 4,124000.0,https://twitchtracker.com/games/7457
752,1747174592,Rounds,124000.0,https://twitchtracker.com/games/1747174592
753,3947,Silent Hill,124000.0,https://twitchtracker.com/games/3947
754,491437,Call of Duty: Infinite Warfare,123000.0,https://twitchtracker.com/games/491437
755,8731,The Legend of the Mystical Ninja,123000.0,https://twitchtracker.com/games/8731
756,33180,The Last of Us,123000.0,https://twitchtracker.com/games/33180
757,1396,Fire Emblem: The Blazing Blade,123000.0,https://twitchtracker.com/games/1396
758,489253,ShellShock Live,123000.0,https://twitchtracker.com/games/489253
759,380978759,Escape from Tarkov: Arena,123000.0,https://twitchtracker.com/games/380978759
760,1342987707,Propnight,123000.0,https://twitchtracker.com/games/1342987707
761,14738,Shinobi III: Return of the Ninja Master,123000.0,https://twitchtracker.com/games/14738
762,21497,Owlboy,123000.0,https://twitchtracker.com/games/21497
763,492583,SEUM: Speedrunners from Hell,123000.0,https://twitchtracker.com/games/492583
764,493044,The Turing Test,123000.0,https://twitchtracker.com/games/493044
765,721156300,SUPERVIVE,123000.0,https://twitchtracker.com/games/721156300
766,66267,Secrets of Grindea,123000.0,https://twitchtracker.com/games/66267
767,514194,Rogue Company,123000.0,https://twitchtracker.com/games/514194
768,1910103699,THE FINALS,122000.0,https://twitchtracker.com/games/1910103699
769,490030,Nex Machina,122000.0,https://twitchtracker.com/games/490030
770,10251,Kid Chameleon,122000.0,https://twitchtracker.com/games/10251
771,28107,LittleBigPlanet 2,122000.0,https://twitchtracker.com/games/28107
772,1183847148,Pawafuru Puroyakyu 2024-2025,122000.0,https://twitchtracker.com/games/1183847148
773,4540,Ratchet & Clank: Up Your Arsenal,122000.0,https://twitchtracker.com/games/4540
774,488559,Five Nights at Freddy's 2,122000.0,https://twitchtracker.com/games/488559
775,460620,Rise of the Tomb Raider,122000.0,https://twitchtracker.com/games/460620
776,9245,Super Contra,122000.0,https://twitchtracker.com/games/9245
777,5406,The Legend of Zelda: Oracle of Seasons,122000.0,https://twitchtracker.com/games/5406
778,505473,Granny,121000.0,https://twitchtracker.com/games/505473
779,8330,Onimusha: Warlords,121000.0,https://twitchtracker.com/games/8330
780,16541,Castlevania: Harmony of Dissonance,121000.0,https://twitchtracker.com/games/16541
781,13860,Mega Man Zero 4,121000.0,https://twitchtracker.com/games/13860
782,496000,Middle-earth: Shadow of War,121000.0,https://twitchtracker.com/games/496000
783,822,Devil May Cry 3: Dante's Awakening,121000.0,https://twitchtracker.com/games/822
784,654543582,The Dark Pictures Anthology: The Devil in Me,121000.0,https://twitchtracker.com/games/654543582
785,65867,Divinity: Original Sin,121000.0,https://twitchtracker.com/games/65867
786,9311,Bucky O'Hare,121000.0,https://twitchtracker.com/games/9311
787,499047,High Hell,120000.0,https://twitchtracker.com/games/499047
788,463447553,Super Mario Bros. Wonder,120000.0,https://twitchtracker.com/games/463447553
789,492546,Star Wars Battlefront II,120000.0,https://twitchtracker.com/games/492546
790,10413,Disney's Goof Troop,120000.0,https://twitchtracker.com/games/10413
791,13243,Super Mario Land 2: 6 Golden Coins,120000.0,https://twitchtracker.com/games/13243
792,518276,Bloodstained: Curse of the Moon 2,120000.0,https://twitchtracker.com/games/518276
793,9256,Umihara Kawase,120000.0,https://twitchtracker.com/games/9256
794,19881,T.R.A.G.: Tactical Rescue Assault Group - Mission of Mercy,119000.0,https://twitchtracker.com/games/19881
795,513753,THE KING OF FIGHTERS XV,119000.0,https://twitchtracker.com/games/513753
796,2132205352,Deadlock,119000.0,https://twitchtracker.com/games/2132205352
797,3623,Pokémon Red/Blue,119000.0,https://twitchtracker.com/games/3623
798,8557,Pitfall: The Mayan Adventure,119000.0,https://twitchtracker.com/games/8557
799,512940,Yooka-Laylee and the Impossible Lair,119000.0,https://twitchtracker.com/games/512940
800,514984,I Am Fish,119000.0,https://twitchtracker.com/games/514984
801,461389,Life is Strange,119000.0,https://twitchtracker.com/games/461389
802,513949,Little Nightmares II,119000.0,https://twitchtracker.com/games/513949
803,597258098,Dale & Dawson Stationery Supplies,119000.0,https://twitchtracker.com/games/597258098
804,509619,Thronebreaker: The Witcher Tales,119000.0,https://twitchtracker.com/games/509619
805,15088,Tiny Toon Adventures,119000.0,https://twitchtracker.com/games/15088
806,456845141,Zenless Zone Zero,119000.0,https://twitchtracker.com/games/456845141
807,6412,Tom and Jerry,119000.0,https://twitchtracker.com/games/6412
808,29421,Ninja Gaiden 3,119000.0,https://twitchtracker.com/games/29421
809,14573,Kirby's Adventure,118000.0,https://twitchtracker.com/games/14573
810,12760,Ninja Five-O,118000.0,https://twitchtracker.com/games/12760
811,499379,Stick Fight: The Game,118000.0,https://twitchtracker.com/games/499379
812,512534,Tom Clancy's Ghost Recon: Breakpoint,118000.0,https://twitchtracker.com/games/512534
813,518873,"Warhammer 40,000: Darktide",118000.0,https://twitchtracker.com/games/518873
814,25185,Pikmin 3,118000.0,https://twitchtracker.com/games/25185
815,160555503,Golf Gang,118000.0,https://twitchtracker.com/games/160555503
816,499857,Guacamelee! 2,118000.0,https://twitchtracker.com/games/499857
817,20922,Habbo,118000.0,https://twitchtracker.com/games/20922
818,497697,Last Day on Earth: Survival,118000.0,https://twitchtracker.com/games/497697
819,458781,No Man's Sky,118000.0,https://twitchtracker.com/games/458781
820,780037970,Star Wars Outlaws,118000.0,https://twitchtracker.com/games/780037970
821,5366,Dog's Life,118000.0,https://twitchtracker.com/games/5366
822,2627,The Addams Family,117000.0,https://twitchtracker.com/games/2627
823,6186,Disney's Extreme Skate Adventure,117000.0,https://twitchtracker.com/games/6186
824,6987,Jazz Jackrabbit,117000.0,https://twitchtracker.com/games/6987
825,13574,Trojan,117000.0,https://twitchtracker.com/games/13574
826,378366,Valdis Story: Abyssal City,117000.0,https://twitchtracker.com/games/378366
827,518711,EA Sports UFC 4,117000.0,https://twitchtracker.com/games/518711
828,3123,Barbie,117000.0,https://twitchtracker.com/games/3123
829,27398,Spider-Man: Shattered Dimensions,117000.0,https://twitchtracker.com/games/27398
830,496902,Slay the Spire,117000.0,https://twitchtracker.com/games/496902
831,1702559244,Suika Game,117000.0,https://twitchtracker.com/games/1702559244
832,488758,Vampyr,117000.0,https://twitchtracker.com/games/488758
833,512371,Madden NFL 20,117000.0,https://twitchtracker.com/games/512371
834,513359,River City Girls,117000.0,https://twitchtracker.com/games/513359
835,503898,imvu,116000.0,https://twitchtracker.com/games/503898
836,15943,The Elder Scrolls III: Morrowind,116000.0,https://twitchtracker.com/games/15943
837,7182,Spyro the Dragon,116000.0,https://twitchtracker.com/games/7182
838,17729,Battletoads / Double Dragon,116000.0,https://twitchtracker.com/games/17729
839,12870,Mega Man 2,116000.0,https://twitchtracker.com/games/12870
840,1409695616,Winning Post 10 2024,116000.0,https://twitchtracker.com/games/1409695616
841,29303,Outland,116000.0,https://twitchtracker.com/games/29303
842,515474,NARAKA: BLADEPOINT,116000.0,https://twitchtracker.com/games/515474
843,10725,Contra: Shattered Soldier,116000.0,https://twitchtracker.com/games/10725
844,6378,Bonk's Adventure,116000.0,https://twitchtracker.com/games/6378
845,752590871,F1 2021,116000.0,https://twitchtracker.com/games/752590871
846,66089,Iconoclasts,116000.0,https://twitchtracker.com/games/66089
847,18843,Trauma Center: Under the Knife 2,115000.0,https://twitchtracker.com/games/18843
848,16617,Streets of Rage 2,115000.0,https://twitchtracker.com/games/16617
849,66449,E.V.O. : Search for Eden,115000.0,https://twitchtracker.com/games/66449
850,1453184004,Webbed,115000.0,https://twitchtracker.com/games/1453184004
851,15910,Bomberman 64,115000.0,https://twitchtracker.com/games/15910
852,5927,Castlevania: Legacy of Darkness,115000.0,https://twitchtracker.com/games/5927
853,27733,Before Your Eyes,115000.0,https://twitchtracker.com/games/27733
854,6434,Kuru Kuru Kururin,115000.0,https://twitchtracker.com/games/6434
855,492035,Resident Evil,115000.0,https://twitchtracker.com/games/492035
856,494792,Witch It,115000.0,https://twitchtracker.com/games/494792
857,11102,Tony Hawk's Project 8,115000.0,https://twitchtracker.com/games/11102
858,17377,Animorphs,115000.0,https://twitchtracker.com/games/17377
859,509893,Project Winter,114000.0,https://twitchtracker.com/games/509893
860,2232,Bloody Wolf,114000.0,https://twitchtracker.com/games/2232
861,7989,Secret of Evermore,114000.0,https://twitchtracker.com/games/7989
862,313178,Disgaea 5: Alliance of Vengeance,114000.0,https://twitchtracker.com/games/313178
863,13085,The Battle of Olympus,114000.0,https://twitchtracker.com/games/13085
864,491925,Wolcen: Lords of Mayhem,114000.0,https://twitchtracker.com/games/491925
865,3837,Tintin in Tibet,114000.0,https://twitchtracker.com/games/3837
866,26415,Tron: Evolution,114000.0,https://twitchtracker.com/games/26415
867,8769,Marble Madness,114000.0,https://twitchtracker.com/games/8769
868,491189,Scrap Mechanic,114000.0,https://twitchtracker.com/games/491189
869,22736,Road Trip,114000.0,https://twitchtracker.com/games/22736
870,16842,We Love Katamari,114000.0,https://twitchtracker.com/games/16842
871,494869,Tattletail,114000.0,https://twitchtracker.com/games/494869
872,15326,Boogerman: A Pick and Flick Adventure,114000.0,https://twitchtracker.com/games/15326
873,511195,DRAGON BALL Z: KAKAROT,114000.0,https://twitchtracker.com/games/511195
874,493111,Pac-Man Championship Edition 2,114000.0,https://twitchtracker.com/games/493111
875,491493,Poi,114000.0,https://twitchtracker.com/games/491493
876,6182,Skyblazer,114000.0,https://twitchtracker.com/games/6182
877,494536,Dauntless,113000.0,https://twitchtracker.com/games/494536
878,492303,Slither.io,113000.0,https://twitchtracker.com/games/492303
879,506440,Wolfenstein: Youngblood,113000.0,https://twitchtracker.com/games/506440
880,4902,Hasbro's BATTLESHIP,113000.0,https://twitchtracker.com/games/4902
881,18570,Catechumen,113000.0,https://twitchtracker.com/games/18570
882,892799604,Rubber Bandits,113000.0,https://twitchtracker.com/games/892799604
883,488564,Just Cause 3,113000.0,https://twitchtracker.com/games/488564
884,7022,The Forest,113000.0,https://twitchtracker.com/games/7022
885,496464,Guilty Gear Xrd: Rev 2,113000.0,https://twitchtracker.com/games/496464
886,16933,Rayman,113000.0,https://twitchtracker.com/games/16933
887,518188,New Pokémon Snap,112000.0,https://twitchtracker.com/games/518188
888,1585629231,Concord,112000.0,https://twitchtracker.com/games/1585629231
889,460090,Subnautica,112000.0,https://twitchtracker.com/games/460090
890,510203,Cooking Simulator,112000.0,https://twitchtracker.com/games/510203
891,1705795372,F1 22,112000.0,https://twitchtracker.com/games/1705795372
892,2026,The Lucky Dime Caper Starring Donald Duck,112000.0,https://twitchtracker.com/games/2026
893,2770,Tomb Raider,112000.0,https://twitchtracker.com/games/2770
894,13060,Bust-A-Move,112000.0,https://twitchtracker.com/games/13060
895,460634,LittleBigPlanet 3,112000.0,https://twitchtracker.com/games/460634
896,1239774436,Ghost Exorcism Inc.,112000.0,https://twitchtracker.com/games/1239774436
897,1727187055,PROJECT: PLAYTIME,112000.0,https://twitchtracker.com/games/1727187055
898,506452,Maneater,112000.0,https://twitchtracker.com/games/506452
899,7690,Resident Evil Code: Veronica X HD,112000.0,https://twitchtracker.com/games/7690
900,15681,Kirby 64: The Crystal Shards,112000.0,https://twitchtracker.com/games/15681
901,519165,BPM: BULLETS PER MINUTE,112000.0,https://twitchtracker.com/games/519165
902,19180,FINAL FANTASY XV,112000.0,https://twitchtracker.com/games/19180
903,896525007,Gas Station Simulator,111000.0,https://twitchtracker.com/games/896525007
904,16082,Deus Ex,111000.0,https://twitchtracker.com/games/16082
905,2372,Wario's Woods,111000.0,https://twitchtracker.com/games/2372
906,15594,Alien Soldier,111000.0,https://twitchtracker.com/games/15594
907,459931,Old School RuneScape,111000.0,https://twitchtracker.com/games/459931
908,21785,Halo 3: ODST,111000.0,https://twitchtracker.com/games/21785
909,14880,Riven: The Sequel to Myst,111000.0,https://twitchtracker.com/games/14880
910,1022719138,Evil Dead: The Game,111000.0,https://twitchtracker.com/games/1022719138
911,494184,Mobile Legends: Bang Bang,111000.0,https://twitchtracker.com/games/494184
912,16407,Might and Magic VI: The Mandate of Heaven,111000.0,https://twitchtracker.com/games/16407
913,1760,The Magical Quest Starring Mickey Mouse,111000.0,https://twitchtracker.com/games/1760
914,510100,Blade & Sorcery,111000.0,https://twitchtracker.com/games/510100
915,3642,Jumping Flash!,111000.0,https://twitchtracker.com/games/3642
916,11659,Tony Hawk's Pro Skater 2x,111000.0,https://twitchtracker.com/games/11659
917,10827,Wave Race: Blue Storm,111000.0,https://twitchtracker.com/games/10827
918,8753,Klonoa: Door to Phantomile,111000.0,https://twitchtracker.com/games/8753
919,517528,Labyrinthine,111000.0,https://twitchtracker.com/games/517528
920,879648744,Wordle,111000.0,https://twitchtracker.com/games/879648744
921,330358169,DKO: Divine Knockout,111000.0,https://twitchtracker.com/games/330358169
922,850490686,Pokémon Showdown,111000.0,https://twitchtracker.com/games/850490686
923,68015,Bayonetta 2,111000.0,https://twitchtracker.com/games/68015
924,18304,Cool World,110000.0,https://twitchtracker.com/games/18304
925,505884,PUBG Mobile,110000.0,https://twitchtracker.com/games/505884
926,32503,Quantum Conundrum,110000.0,https://twitchtracker.com/games/32503
927,515482,Senua's Saga: Hellblade II,110000.0,https://twitchtracker.com/games/515482
928,451007760,My Hero Ultra Rumble,110000.0,https://twitchtracker.com/games/451007760
929,12845,Uncharted: Drake's Fortune,110000.0,https://twitchtracker.com/games/12845
930,512708,Mahjong Soul,110000.0,https://twitchtracker.com/games/512708
931,6981,PAC-MAN,110000.0,https://twitchtracker.com/games/6981
932,25087,BattleBlock Theater,110000.0,https://twitchtracker.com/games/25087
933,517406,Madden NFL 21,110000.0,https://twitchtracker.com/games/517406
934,836519689,DEVOUR,110000.0,https://twitchtracker.com/games/836519689
935,1331855755,Darts,110000.0,https://twitchtracker.com/games/1331855755
936,18852,Castlevania: Order of Ecclesia,110000.0,https://twitchtracker.com/games/18852
937,15180,James Bond 007: Agent Under Fire,110000.0,https://twitchtracker.com/games/15180
938,7839,Tomb Raider: Legend,110000.0,https://twitchtracker.com/games/7839
939,1828814242,Super Monkey Ball: Banana Mania,110000.0,https://twitchtracker.com/games/1828814242
940,4488,Splatterhouse: Wanpaku Graffiti,110000.0,https://twitchtracker.com/games/4488
941,491699,Omnibus,110000.0,https://twitchtracker.com/games/491699
942,506429,Just Dance 2019,110000.0,https://twitchtracker.com/games/506429
943,18104,Kirby's Dream Land,109000.0,https://twitchtracker.com/games/18104
944,2010603021,In Silence,109000.0,https://twitchtracker.com/games/2010603021
945,19170,Darksiders,109000.0,https://twitchtracker.com/games/19170
946,511743,Sniper Elite 5,109000.0,https://twitchtracker.com/games/511743
947,965771331,Deltarune,109000.0,https://twitchtracker.com/games/965771331
948,1228709591,A Plague Tale: Requiem,109000.0,https://twitchtracker.com/games/1228709591
949,252812003,Supermarket Simulator,109000.0,https://twitchtracker.com/games/252812003
950,3822,Plok,109000.0,https://twitchtracker.com/games/3822
951,89250567,Grand Theft Auto: San Andreas - The Definitive Edition,109000.0,https://twitchtracker.com/games/89250567
952,6139,Metal Gear,109000.0,https://twitchtracker.com/games/6139
953,547501449,Frostpunk 2,109000.0,https://twitchtracker.com/games/547501449
954,17176,Myst III: Exile,109000.0,https://twitchtracker.com/games/17176
955,1407092475,THE GAME OF LIFE 2,108000.0,https://twitchtracker.com/games/1407092475
956,14443,Ecco: The Tides of Time,108000.0,https://twitchtracker.com/games/14443
957,9113,The Hobbit,108000.0,https://twitchtracker.com/games/9113
958,490500,BlazBlue: Central Fiction,108000.0,https://twitchtracker.com/games/490500
959,1828,Disney's Chip 'n Dale Rescue Rangers,108000.0,https://twitchtracker.com/games/1828
960,1945673289,The Mortuary Assistant,108000.0,https://twitchtracker.com/games/1945673289
961,496916,BattleBit Remastered,108000.0,https://twitchtracker.com/games/496916
962,490897,Hylics,108000.0,https://twitchtracker.com/games/490897
963,22619,Spelunky,108000.0,https://twitchtracker.com/games/22619
964,509394,Assetto Corsa Competizione,108000.0,https://twitchtracker.com/games/509394
965,498983,Holdfast: Nations At War,108000.0,https://twitchtracker.com/games/498983
966,339386743,Mario Golf: Super Rush,108000.0,https://twitchtracker.com/games/339386743
967,497443,Life is Strange: Before the Storm,108000.0,https://twitchtracker.com/games/497443
968,2096,Blood II: The Chosen,108000.0,https://twitchtracker.com/games/2096
969,491169,Who's Your Daddy,108000.0,https://twitchtracker.com/games/491169
970,9381,Zone of the Enders: The 2nd Runner,108000.0,https://twitchtracker.com/games/9381
971,5809,Rocket Knight Adventures,108000.0,https://twitchtracker.com/games/5809
972,2124007713,PICO PARK 2,108000.0,https://twitchtracker.com/games/2124007713
973,8353,Animorphs: Shattered Reality,108000.0,https://twitchtracker.com/games/8353
974,515478,Ruined King: A League of Legends Story,108000.0,https://twitchtracker.com/games/515478
975,2634,Banjo-Tooie,108000.0,https://twitchtracker.com/games/2634
976,490719,Parkitect,108000.0,https://twitchtracker.com/games/490719
977,19328,Michael Jackson's Moonwalker,108000.0,https://twitchtracker.com/games/19328
978,10858,A Nightmare on Elm Street,108000.0,https://twitchtracker.com/games/10858
979,212029556,Metroid Dread,107000.0,https://twitchtracker.com/games/212029556
980,508524,DEVOTION,107000.0,https://twitchtracker.com/games/508524
981,1414211237,House Flipper 2,107000.0,https://twitchtracker.com/games/1414211237
982,492696,Hob,107000.0,https://twitchtracker.com/games/492696
983,499111,Psychonauts 2,107000.0,https://twitchtracker.com/games/499111
984,856465807,A Difficult Game About Climbing,107000.0,https://twitchtracker.com/games/856465807
985,18453,Pac-Man World 2,107000.0,https://twitchtracker.com/games/18453
986,280721,Destiny,107000.0,https://twitchtracker.com/games/280721
987,13826,Dark Messiah of Might and Magic,107000.0,https://twitchtracker.com/games/13826
988,1304,Glover,107000.0,https://twitchtracker.com/games/1304
989,138566,Transistor,107000.0,https://twitchtracker.com/games/138566
990,460644,Plague Inc: Evolved,107000.0,https://twitchtracker.com/games/460644
991,4392,F.E.A.R.,107000.0,https://twitchtracker.com/games/4392
992,17608,Wario Land: Super Mario Land 3,107000.0,https://twitchtracker.com/games/17608
993,13834,Bomberman Hero,107000.0,https://twitchtracker.com/games/13834
994,510202,Contraband Police,106000.0,https://twitchtracker.com/games/510202
995,1540116959,Marvel's Guardians of the Galaxy,106000.0,https://twitchtracker.com/games/1540116959
996,459215,Catlateral Damage,106000.0,https://twitchtracker.com/games/459215
997,1434,Spyro 2: Ripto's Rage!,106000.0,https://twitchtracker.com/games/1434
998,515503,Cats are Cute,106000.0,https://twitchtracker.com/games/515503
999,207,Yu-Gi-Oh! Forbidden Memories,106000.0,https://twitchtracker.com/games/207
1000,512973,CARRION,106000.0,https://twitchtracker.com/games/512973
1001,328,Gargoyles,106000.0,https://twitchtracker.com/games/328
1002,7900,Super Star Wars: The Empire Strikes Back,106000.0,https://twitchtracker.com/games/7900
1003,460041,Borderlands: The Pre-Sequel,106000.0,https://twitchtracker.com/games/460041
1004,514071,HUMANKIND,106000.0,https://twitchtracker.com/games/514071
1005,16400,Ys ORIGIN,106000.0,https://twitchtracker.com/games/16400
1006,14776,Zombies Ate My Neighbors,106000.0,https://twitchtracker.com/games/14776
1007,116422423,Amanda the Adventurer 2,106000.0,https://twitchtracker.com/games/116422423
1008,66402,Battlefield 4,106000.0,https://twitchtracker.com/games/66402
1009,731484269,Retail Royale,105000.0,https://twitchtracker.com/games/731484269
1010,1378799411,Slime Rancher 2,105000.0,https://twitchtracker.com/games/1378799411
1011,460327,Pokémon Omega Ruby/Alpha Sapphire,105000.0,https://twitchtracker.com/games/460327
1012,5529,Medal of Honor: Airborne,105000.0,https://twitchtracker.com/games/5529
1013,11139,Jet Set Radio Future,105000.0,https://twitchtracker.com/games/11139
1014,313258,The Stanley Parable,105000.0,https://twitchtracker.com/games/313258
1015,1119642287,Yu-Gi-Oh! Master Duel,105000.0,https://twitchtracker.com/games/1119642287
1016,29143,Catherine,105000.0,https://twitchtracker.com/games/29143
1017,512525,Olympic Games Tokyo 2020: The Official Video Game,105000.0,https://twitchtracker.com/games/512525
1018,6675,Bigfoot,105000.0,https://twitchtracker.com/games/6675
1019,1762466253,Escape Room: The Sick Colleague,105000.0,https://twitchtracker.com/games/1762466253
1020,460686,Titan Souls,105000.0,https://twitchtracker.com/games/460686
1021,15019,Ristar,104000.0,https://twitchtracker.com/games/15019
1022,13174,Golden Axe,104000.0,https://twitchtracker.com/games/13174
1023,17503,Deadly Towers,104000.0,https://twitchtracker.com/games/17503
1024,488444,Runbow,104000.0,https://twitchtracker.com/games/488444
1025,18585,Gex 3: Deep Cover Gecko,104000.0,https://twitchtracker.com/games/18585
1026,17178,Ratchet: Deadlocked,104000.0,https://twitchtracker.com/games/17178
1027,556660222,Marauders,104000.0,https://twitchtracker.com/games/556660222
1028,15680,Bubsy II,104000.0,https://twitchtracker.com/games/15680
1029,488840,Monster Boy and the Cursed Kingdom,104000.0,https://twitchtracker.com/games/488840
1030,1061,The Firemen,104000.0,https://twitchtracker.com/games/1061
1031,19976,MapleStory,104000.0,https://twitchtracker.com/games/19976
1032,12488,Castle of Dragon,104000.0,https://twitchtracker.com/games/12488
1033,13149,VectorMan,104000.0,https://twitchtracker.com/games/13149
1034,20422,La-Mulana,104000.0,https://twitchtracker.com/games/20422
1035,3977,Contra,104000.0,https://twitchtracker.com/games/3977
1036,1600,Double Dragon,104000.0,https://twitchtracker.com/games/1600
1037,505964,RAGE 2,104000.0,https://twitchtracker.com/games/505964
1038,518222,Crash Bandicoot 4: It's About Time,103000.0,https://twitchtracker.com/games/518222
1039,8658,Tiny Toon Adventures: Buster Busts Loose!,103000.0,https://twitchtracker.com/games/8658
1040,16180,Chasm: The Rift,103000.0,https://twitchtracker.com/games/16180
1041,2120403770,Lost Judgment,103000.0,https://twitchtracker.com/games/2120403770
1042,19471,Deus Ex: Human Revolution,103000.0,https://twitchtracker.com/games/19471
1043,13611,The Lawnmower Man,103000.0,https://twitchtracker.com/games/13611
1044,3412,Grand Theft Auto III,103000.0,https://twitchtracker.com/games/3412
1045,9178,Halo 3,103000.0,https://twitchtracker.com/games/9178
1046,13431,The Addams Family: Pugsley's Scavenger Hunt,103000.0,https://twitchtracker.com/games/13431
1047,514224,"Momotaro Dentetsu: Showa, Heisei, Reiwa mo Teiban!",103000.0,https://twitchtracker.com/games/514224
1048,1158884259,Splatoon 3,103000.0,https://twitchtracker.com/games/1158884259
1049,1494,Call of Duty,103000.0,https://twitchtracker.com/games/1494
1050,1567159253,Saiko no Sutoka,103000.0,https://twitchtracker.com/games/1567159253
1051,518012,FORSPOKEN,103000.0,https://twitchtracker.com/games/518012
1052,494997,Bleed 2,103000.0,https://twitchtracker.com/games/494997
1053,498457,Fe,102000.0,https://twitchtracker.com/games/498457
1054,509208,Touhou Luna Nights,102000.0,https://twitchtracker.com/games/509208
1055,16246,Zelda: The Wand of Gamelon,102000.0,https://twitchtracker.com/games/16246
1056,6336,Dynamite Headdy,102000.0,https://twitchtracker.com/games/6336
1057,14749,Snake Rattle 'n' Roll,102000.0,https://twitchtracker.com/games/14749
1058,490537,Layers of Fear,102000.0,https://twitchtracker.com/games/490537
1059,13900,Kid Icarus,102000.0,https://twitchtracker.com/games/13900
1060,5181,Penumbra: Overture,102000.0,https://twitchtracker.com/games/5181
1061,79231,TrackMania 2: Stadium,102000.0,https://twitchtracker.com/games/79231
1062,490402,Poly Bridge,102000.0,https://twitchtracker.com/games/490402
1063,2133075861,Gaming Late at Night,102000.0,https://twitchtracker.com/games/2133075861
1064,491177,Slime Rancher,101000.0,https://twitchtracker.com/games/491177
1065,13329,Disney's DuckTales 2,101000.0,https://twitchtracker.com/games/13329
1066,23533,Holy Diver,101000.0,https://twitchtracker.com/games/23533
1067,1299144050,Disney Speedstorm,101000.0,https://twitchtracker.com/games/1299144050
1068,12513,Big Nose the Caveman,101000.0,https://twitchtracker.com/games/12513
1069,23904,Serious Sam 3: BFE,101000.0,https://twitchtracker.com/games/23904
1070,514661,The Long Drive,101000.0,https://twitchtracker.com/games/514661
1071,508292,Bloons TD 6,101000.0,https://twitchtracker.com/games/508292
1072,1995842324,Remnant II,101000.0,https://twitchtracker.com/games/1995842324
1073,15667,Bomberman 64: The Second Attack!,101000.0,https://twitchtracker.com/games/15667
1074,517241,Shieldwall,101000.0,https://twitchtracker.com/games/517241
1075,263489,Risk of Rain,100000.0,https://twitchtracker.com/games/263489
1076,67895,A Story About My Uncle,100000.0,https://twitchtracker.com/games/67895
1077,370345,SpeedRunners,100000.0,https://twitchtracker.com/games/370345
1078,16519,Earnest Evans,100000.0,https://twitchtracker.com/games/16519
1079,766247336,Crimson Snow,100000.0,https://twitchtracker.com/games/766247336
1080,27602,Pokémon Black/White,100000.0,https://twitchtracker.com/games/27602
1081,1147745783,Inscryption,100000.0,https://twitchtracker.com/games/1147745783
1082,1369762708,Beast Games,100000.0,https://twitchtracker.com/games/1369762708
1083,2142745232,Rumble Club,100000.0,https://twitchtracker.com/games/2142745232
1084,509511,Marbles on Stream,100000.0,https://twitchtracker.com/games/509511
1085,317,Tomb Raider II,100000.0,https://twitchtracker.com/games/317
1086,599619814,Casino Jackpot,100000.0,https://twitchtracker.com/games/599619814
