,ID,Nombre,Avg_Viewers,Avg_Channels,Hours_Watched,Enlace
0,509658,Just Chatting,390000.0,4700.0,65099999.99999999,https://twitchtracker.com/games/509658
1,21779,League of Legends,170000.0,2300.0,28400000.0,https://twitchtracker.com/games/21779
2,32982,Grand Theft Auto V,146000.0,3200.0,24300000.0,https://twitchtracker.com/games/32982
3,32399,Counter-Strike,102000.0,1800.0,17100000.0,https://twitchtracker.com/games/32399
4,516575,VALORANT,98400.0,3600.0,16399999.999999998,https://twitchtracker.com/games/516575
5,1264310518,Marvel Rivals,81500.0,4100.0,13600000.0,https://twitchtracker.com/games/1264310518
6,33214,Fortnite,65500.0,7600.0,10900000.0,https://twitchtracker.com/games/33214
7,18122,World of Warcraft,65099.99999999999,1100.0,10900000.0,https://twitchtracker.com/games/18122
8,29595,Dota 2,64400.00000000001,1100.0,10800000.0,https://twitchtracker.com/games/29595
9,27471,Minecraft,47000.0,2600.0,7850000.0,https://twitchtracker.com/games/27471
10,2011938005,EA Sports FC 25,49700.0,1200.0,8300000.000000001,https://twitchtracker.com/games/2011938005
11,491931,Escape from Tarkov,38900.0,777.0,6500000.0,https://twitchtracker.com/games/491931
12,0,Variety,26100.0,4500.0,4350000.0,https://twitchtracker.com/games/0
13,512710,Call of Duty: Warzone,25500.0,2600.0,4250000.0,https://twitchtracker.com/games/512710
14,500188,Hunt: Showdown 1896,25000.0,349.0,4170000.0,https://twitchtracker.com/games/500188
15,513143,Teamfight Tactics,24000.0,287.0,4000000.0,https://twitchtracker.com/games/513143
16,491487,Dead by Daylight,21000.0,1400.0,3510000.0,https://twitchtracker.com/games/491487
17,511224,Apex Legends,20400.0,1600.0,3410000.0,https://twitchtracker.com/games/511224
18,509672,IRL,20300.0,302.0,3380000.0,https://twitchtracker.com/games/509672
19,30921,Rocket League,17200.0,843.0,2870000.0,https://twitchtracker.com/games/30921
20,1672324422,Call of Duty: Black Ops 6,15300.0,1400.0,2550000.0,https://twitchtracker.com/games/1672324422
21,460630,Tom Clancy's Rainbow Six Siege,14300.0,1500.0,2400000.0,https://twitchtracker.com/games/460630
22,1702520304,Path of Exile 2,14700.0,645.0,2460000.0,https://twitchtracker.com/games/1702520304
23,29452,Virtual Casino,15500.0,39.0,2600000.0,https://twitchtracker.com/games/29452
24,509659,ASMR,15100.0,157.0,2520000.0,https://twitchtracker.com/games/509659
25,493057,PUBG: BATTLEGROUNDS,12600.0,715.0,2100000.0,https://twitchtracker.com/games/493057
26,31339,Project Zomboid,13600.0,196.0,2270000.0,https://twitchtracker.com/games/31339
27,55453844,Street Fighter 6,13400.0,193.0,2250000.0,https://twitchtracker.com/games/55453844
28,138585,Hearthstone,13100.0,115.0,2180000.0,https://twitchtracker.com/games/138585
29,1282866981,Delta Force,12100.0,497.0,2020000.0,https://twitchtracker.com/games/1282866981
30,515025,Overwatch 2,11800.0,656.0,1970000.0,https://twitchtracker.com/games/515025
31,512953,ELDEN RING,11500.0,661.0,1920000.0,https://twitchtracker.com/games/512953
32,499973,Always On,11700.0,352.0,1950000.0,https://twitchtracker.com/games/499973
33,27546,World of Tanks,11400.0,185.0,1900000.0,https://twitchtracker.com/games/27546
34,509663,Special Events,11400.0,91.0,1900000.0,https://twitchtracker.com/games/509663
35,263490,Rust,10600.0,369.0,1770000.0,https://twitchtracker.com/games/263490
36,26936,Music,10100.0,577.0,1680000.0,https://twitchtracker.com/games/26936
37,509660,Art,9900.0,628.0,1660000.0,https://twitchtracker.com/games/509660
38,518203,Sports,10500.0,139.0,1750000.0,https://twitchtracker.com/games/518203
39,1173950709,Streamer Life Simulator 2,11700.0,40.0,1760000.0,https://twitchtracker.com/games/1173950709
40,1669431183,DJs,9800.0,210.0,1640000.0,https://twitchtracker.com/games/1669431183
41,23020,ROBLOX,7100.0,1400.0,1180000.0,https://twitchtracker.com/games/23020
42,498566,Slots,9600.0,84.0,1600000.0,https://twitchtracker.com/games/498566
43,1398657661,Anime Squad,8300.0,215.0,1390000.0,https://twitchtracker.com/games/1398657661
44,27284,Retro,8000.0,275.0,1340000.0,https://twitchtracker.com/games/27284
45,66082,Games + Demos,7100.0,587.0,1190000.0,https://twitchtracker.com/games/66082
46,499634,Crypto,7700.0,118.0,1280000.0,https://twitchtracker.com/games/499634
47,1494,Call of Duty,3300.0,2300.0,550000.0,https://twitchtracker.com/games/1494
48,515024,Diablo IV,6900.0,403.0,1150000.0,https://twitchtracker.com/games/515024
49,498592,I'm Only Sleeping,7200.0,221.0,1210000.0,https://twitchtracker.com/games/498592
50,2068583461,NBA 2K25,5200.0,1200.0,864000.0,https://twitchtracker.com/games/2068583461
51,1417254279,Ninja Gaiden II Black,7700.0,261.0,1130000.0,https://twitchtracker.com/games/1417254279
52,1863222988,Kings League,6900.0,7.0,1130000.0,https://twitchtracker.com/games/1863222988
53,401587136,Arena Breakout: Infinite,6400.0,177.0,1070000.0,https://twitchtracker.com/games/401587136
54,513181,Genshin Impact,5700.0,501.0,950000.0,https://twitchtracker.com/games/513181
55,65632,DayZ,5600.0,345.0,928000.0,https://twitchtracker.com/games/65632
56,19619,Tibia,5700.0,247.0,959000.0,https://twitchtracker.com/games/19619
57,386821,Black Desert,5800.0,162.0,973000.0,https://twitchtracker.com/games/386821
58,272263131,"Animals, Aquariums, and Zoos",5600.0,251.0,942000.0,https://twitchtracker.com/games/272263131
59,490100,Lost Ark,5800.0,141.0,973000.0,https://twitchtracker.com/games/490100
60,490377,Sea of Thieves,5500.0,257.0,923000.0,https://twitchtracker.com/games/490377
61,458912,Kingdom Come: Deliverance,5700.0,127.0,959000.0,https://twitchtracker.com/games/458912
62,518184,Phasmophobia,4800.0,602.0,796000.0,https://twitchtracker.com/games/518184
63,417752,Talk Shows & Podcasts,5500.0,250.0,912000.0,https://twitchtracker.com/games/417752
64,493959,Red Dead Redemption 2,4900.0,485.0,820000.0,https://twitchtracker.com/games/493959
65,497057,Destiny 2,5100.0,323.0,851000.0,https://twitchtracker.com/games/497057
66,743,Chess,5000.0,64.0,841000.0,https://twitchtracker.com/games/743
67,417528,Albion Online,4800.0,108.0,802000.0,https://twitchtracker.com/games/417528
68,2009321156,Dark and Darker,4600.0,154.0,764000.0,https://twitchtracker.com/games/2009321156
69,24241,FINAL FANTASY XIV ONLINE,4000.0,396.0,672000.0,https://twitchtracker.com/games/24241
70,19801,Throne and Liberty,4400.0,131.0,738000.0,https://twitchtracker.com/games/19801
71,255298418,FINAL FANTASY VII REBIRTH,4100.0,298.0,677000.0,https://twitchtracker.com/games/255298418
72,66170,Warframe,4000.0,276.0,673000.0,https://twitchtracker.com/games/66170
73,459931,Old School RuneScape,4300.0,137.0,719000.0,https://twitchtracker.com/games/459931
74,745589378,Balatro,4300.0,87.0,710000.0,https://twitchtracker.com/games/745589378
75,510218,Among Us,4200.0,79.0,699000.0,https://twitchtracker.com/games/510218
76,511399,Super Mario Maker 2,4200.0,18.0,710000.0,https://twitchtracker.com/games/511399
77,456845141,Zenless Zone Zero,3800.0,226.0,640000.0,https://twitchtracker.com/games/456845141
78,2897,The Simpsons: Hit & Run,4200.0,31.0,695000.0,https://twitchtracker.com/games/2897
79,369418,GeoGuessr,4100.0,36.0,688000.0,https://twitchtracker.com/games/369418
80,12839,Heroes of Might and Magic III: The Restoration of Erathia,4000.0,31.0,675000.0,https://twitchtracker.com/games/12839
81,1320984402,Madden NFL 25,2900.0,610.0,480000.0,https://twitchtracker.com/games/1320984402
82,687129551,Trackmania,3900.0,31.0,658000.0,https://twitchtracker.com/games/687129551
83,499003,VRChat,3700.0,117.0,616000.0,https://twitchtracker.com/games/499003
84,497467,Monster Hunter: World,3500.0,183.0,589000.0,https://twitchtracker.com/games/497467
85,209738946,Wuthering Waves,3500.0,189.0,580000.0,https://twitchtracker.com/games/209738946
86,2094865572,SMITE 2,3300.0,149.0,547000.0,https://twitchtracker.com/games/2094865572
87,271304,7 Days to Die,3100.0,171.0,516000.0,https://twitchtracker.com/games/271304
88,494184,Mobile Legends: Bang Bang,3200.0,120.0,529000.0,https://twitchtracker.com/games/494184
89,65876,Cyberpunk 2077,3000.0,227.0,493000.0,https://twitchtracker.com/games/65876
90,213930085,Honkai: Star Rail,3000.0,184.0,500000.0,https://twitchtracker.com/games/213930085
91,2748,Magic: The Gathering,3200.0,61.0,538000.0,https://twitchtracker.com/games/2748
92,2085980140,Lethal Company,2900.0,191.0,492000.0,https://twitchtracker.com/games/2085980140
93,498417,Vintage Story,3200.0,28.0,540000.0,https://twitchtracker.com/games/498417
94,512923,Baldur's Gate 3,2700.0,249.0,453000.0,https://twitchtracker.com/games/512923
95,232131679,EA Sports College Football 25,1700.0,630.0,284000.0,https://twitchtracker.com/games/232131679
96,737987407,Enshrouded,2800.0,54.0,470000.0,https://twitchtracker.com/games/737987407
97,71375,Star Citizen,2700.0,89.0,452000.0,https://twitchtracker.com/games/71375
98,1036710512,Palworld,2400.0,237.0,399000.0,https://twitchtracker.com/games/1036710512
99,1441208453,Once Human,2400.0,175.0,407000.0,https://twitchtracker.com/games/1441208453
100,505963,Atomic Heart,2700.0,39.0,452000.0,https://twitchtracker.com/games/505963
101,1196356222,MiSide,2500.0,80.0,410000.0,https://twitchtracker.com/games/1196356222
102,1901799151,DYNASTY WARRIORS: ORIGINS,2200.0,180.0,361000.0,https://twitchtracker.com/games/1901799151
103,3151,Tournament Poker,2400.0,32.0,408000.0,https://twitchtracker.com/games/3151
104,497480,Detroit: Become Human,2400.0,50.0,400000.0,https://twitchtracker.com/games/497480
105,497497,Brawl Stars,2200.0,143.0,366000.0,https://twitchtracker.com/games/497497
106,13332,Pokémon FireRed/LeafGreen,2400.0,34.0,396000.0,https://twitchtracker.com/games/13332
107,478407715,Arma Reforger,2100.0,177.0,346000.0,https://twitchtracker.com/games/478407715
108,1469308723,Software and Game Development,2100.0,148.0,353000.0,https://twitchtracker.com/games/1469308723
109,511471,Darkest Dungeon II,2400.0,19.0,394000.0,https://twitchtracker.com/games/511471
110,670867987,Pokémon Scarlet/Violet,2200.0,105.0,365000.0,https://twitchtracker.com/games/670867987
111,509511,Marbles on Stream,2200.0,75.0,372000.0,https://twitchtracker.com/games/509511
112,491878,BeamNG.drive,2300.0,14.0,391000.0,https://twitchtracker.com/games/491878
113,369252,The Sims 4,2100.0,128.0,351000.0,https://twitchtracker.com/games/369252
114,494436328,The Bazaar,2300.0,22.0,386000.0,https://twitchtracker.com/games/494436328
115,1393304883,Mir Tankov,2200.0,67.0,371000.0,https://twitchtracker.com/games/1393304883
116,66366,War Thunder,2000.0,193.0,328000.0,https://twitchtracker.com/games/66366
117,488190,Poker,2200.0,58.0,372000.0,https://twitchtracker.com/games/488190
118,460090,Subnautica,2200.0,85.0,360000.0,https://twitchtracker.com/games/460090
119,538054672,TEKKEN 8,2100.0,114.0,350000.0,https://twitchtracker.com/games/538054672
120,1122982998,Dark Souls: Remastered,2100.0,86.0,353000.0,https://twitchtracker.com/games/1122982998
121,116747788,"Pools, Hot Tubs, and Beaches",2200.0,46.0,366000.0,https://twitchtracker.com/games/116747788
122,502732,Garena Free Fire,2000.0,117.0,341000.0,https://twitchtracker.com/games/502732
123,13389,Age of Empires II,2200.0,40.0,364000.0,https://twitchtracker.com/games/13389
124,12924,Warcraft III,2200.0,30.0,365000.0,https://twitchtracker.com/games/12924
125,460636,Bloodborne,2100.0,63.0,347000.0,https://twitchtracker.com/games/460636
126,983841243,Off The Grid,2000.0,52.0,332000.0,https://twitchtracker.com/games/983841243
127,490422,StarCraft II,2000.0,36.0,337000.0,https://twitchtracker.com/games/490422
128,32502,World of Warships,2000.0,53.0,328000.0,https://twitchtracker.com/games/32502
129,65654,The Elder Scrolls Online,1800.0,110.0,308000.0,https://twitchtracker.com/games/65654
130,490744,Stardew Valley,1700.0,176.0,282000.0,https://twitchtracker.com/games/490744
131,516588,Rise Online,2000.0,19.0,333000.0,https://twitchtracker.com/games/516588
132,2132205352,Deadlock,1900.0,81.0,310000.0,https://twitchtracker.com/games/2132205352
133,512864,Eternal Return,2000.0,29.0,327000.0,https://twitchtracker.com/games/512864
134,1599346425,Co-working & Studying,1800.0,117.0,295000.0,https://twitchtracker.com/games/1599346425
135,115977,The Witcher 3: Wild Hunt,1800.0,117.0,294000.0,https://twitchtracker.com/games/115977
136,1360792487,Fast Food Simulator,1900.0,40.0,319000.0,https://twitchtracker.com/games/1360792487
137,2692,Super Mario 64,1900.0,37.0,318000.0,https://twitchtracker.com/games/2692
138,11557,The Legend of Zelda: Ocarina of Time,1900.0,50.0,312000.0,https://twitchtracker.com/games/11557
139,31336,Metin2,1900.0,36.0,315000.0,https://twitchtracker.com/games/31336
140,486102336,Dragon Quest XI S: Echoes of an Elusive Age - Definitive Edition,1900.0,10.0,323000.0,https://twitchtracker.com/games/486102336
141,1414860634,The Binding of Isaac: Repentance,1800.0,66.0,298000.0,https://twitchtracker.com/games/1414860634
142,75467,Euro Truck Simulator 2,1600.0,143.0,271000.0,https://twitchtracker.com/games/75467
143,505884,PUBG Mobile,1600.0,142.0,269000.0,https://twitchtracker.com/games/505884
144,488634,Don't Starve Together,1800.0,33.0,299000.0,https://twitchtracker.com/games/488634
145,735904419,ARK: Survival Ascended,1500.0,148.0,259000.0,https://twitchtracker.com/games/735904419
146,709400740,The Police Mystery,307000.0,1.0,307000.0,https://twitchtracker.com/games/709400740
147,262437666,Farming Simulator 25,1500.0,137.0,259000.0,https://twitchtracker.com/games/262437666
148,982017546,Palia,1700.0,53.0,284000.0,https://twitchtracker.com/games/982017546
149,19554,iRacing,1600.0,100.0,265000.0,https://twitchtracker.com/games/19554
150,766571430,HELLDIVERS 2,1400.0,182.0,235000.0,https://twitchtracker.com/games/766571430
151,20596,Dofus,1600.0,59.0,273000.0,https://twitchtracker.com/games/20596
152,2134326347,Heroes of Hammerwatch II,1700.0,35.0,280000.0,https://twitchtracker.com/games/2134326347
153,1515015750,Strinova,1600.0,78.0,265000.0,https://twitchtracker.com/games/1515015750
154,508455,Valheim,1500.0,115.0,247000.0,https://twitchtracker.com/games/508455
155,512980,Fall Guys,1500.0,83.0,258000.0,https://twitchtracker.com/games/512980
156,496902,Slay the Spire,1600.0,27.0,274000.0,https://twitchtracker.com/games/496902
157,29307,Path of Exile,1600.0,35.0,270000.0,https://twitchtracker.com/games/29307
158,489405,Dragon Ball Z: Dokkan Battle,1600.0,24.0,272000.0,https://twitchtracker.com/games/489405
159,506416,Halo Infinite,1500.0,100.0,244000.0,https://twitchtracker.com/games/506416
160,19976,MapleStory,1500.0,54.0,258000.0,https://twitchtracker.com/games/19976
161,491168,Clash Royale,1600.0,27.0,264000.0,https://twitchtracker.com/games/491168
162,518186,Party Animals,1500.0,56.0,253000.0,https://twitchtracker.com/games/518186
163,8105,South Park,1600.0,12.0,261000.0,https://twitchtracker.com/games/8105
164,509577,Dungeons & Dragons,1400.0,69.0,240000.0,https://twitchtracker.com/games/509577
165,506415,Sekiro: Shadows Die Twice,1400.0,75.0,238000.0,https://twitchtracker.com/games/506415
166,493597,New World: Aeternum,1400.0,87.0,232000.0,https://twitchtracker.com/games/493597
167,1330093788,Voices of the Void,1500.0,20.0,254000.0,https://twitchtracker.com/games/1330093788
168,21465,osu!,1300.0,141.0,213000.0,https://twitchtracker.com/games/21465
169,514858,League of Legends: Wild Rift,1400.0,72.0,232000.0,https://twitchtracker.com/games/514858
170,2014795392,Infinity Nikki,1300.0,103.0,222000.0,https://twitchtracker.com/games/2014795392
171,490292,DARK SOULS III,1300.0,97.0,221000.0,https://twitchtracker.com/games/490292
172,9618,Pokémon Trading Card Game,1400.0,36.0,238000.0,https://twitchtracker.com/games/9618
173,509667,Food & Drink,1400.0,36.0,236000.0,https://twitchtracker.com/games/509667
174,509538,Animal Crossing: New Horizons,1400.0,44.0,227000.0,https://twitchtracker.com/games/509538
175,497509,Ashes of Creation,1400.0,18.0,234000.0,https://twitchtracker.com/games/497509
176,385462765,Realities,4000.0,1.0,238000.0,https://twitchtracker.com/games/385462765
177,948446385,Unicorn Overlord,1400.0,5.0,236000.0,https://twitchtracker.com/games/948446385
178,1499221970,Eternal Strands,1400.0,20.0,231000.0,https://twitchtracker.com/games/1499221970
179,322503446,Resident Evil 4,1200.0,106.0,202000.0,https://twitchtracker.com/games/322503446
180,30028,The Elder Scrolls V: Skyrim,1200.0,119.0,196000.0,https://twitchtracker.com/games/30028
181,1397606945,Indiana Jones and the Great Circle,1300.0,81.0,209000.0,https://twitchtracker.com/games/1397606945
182,1119642287,Yu-Gi-Oh! Master Duel,1300.0,62.0,214000.0,https://twitchtracker.com/games/1119642287
183,2128139746,The Quinfall,1500.0,38.0,222000.0,https://twitchtracker.com/games/2128139746
184,509673,Makers & Crafting,1200.0,88.0,202000.0,https://twitchtracker.com/games/509673
185,298860868,Age of Darkness: Final Stand,1300.0,13.0,225000.0,https://twitchtracker.com/games/298860868
186,375403621,Pokémon Trading Card Game Pocket,1300.0,34.0,215000.0,https://twitchtracker.com/games/375403621
187,195053862,Resident Evil 2,1200.0,57.0,206000.0,https://twitchtracker.com/games/195053862
188,966704637,MIR 4,1300.0,28.0,211000.0,https://twitchtracker.com/games/966704637
189,1471610418,Super Mario Party Jamboree,1300.0,22.0,212000.0,https://twitchtracker.com/games/1471610418
190,669337588,Microsoft Flight Simulator 2024,1200.0,38.0,204000.0,https://twitchtracker.com/games/669337588
191,799246612,Aloft,1200.0,46.0,199000.0,https://twitchtracker.com/games/799246612
192,29056,Knight Online,1200.0,27.0,202000.0,https://twitchtracker.com/games/29056
193,34054,El Chavo,1200.0,17.0,203000.0,https://twitchtracker.com/games/34054
194,6521,Grand Theft Auto: San Andreas,1100.0,49.0,191000.0,https://twitchtracker.com/games/6521
195,394568,RimWorld,1200.0,41.0,192000.0,https://twitchtracker.com/games/394568
196,504461,Super Smash Bros. Ultimate,1100.0,68.0,183000.0,https://twitchtracker.com/games/504461
197,18846,Garry's Mod,1200.0,30.0,194000.0,https://twitchtracker.com/games/18846
198,616657652,Orcs Must Die! Deathtrap,3200.0,54.0,194000.0,https://twitchtracker.com/games/616657652
199,2104758320,The First Descendant,948.0,121.0,158000.0,https://twitchtracker.com/games/2104758320
200,1250647518,Sniper Elite: Resistance,2300.0,25.0,194000.0,https://twitchtracker.com/games/1250647518
201,889177802,Drug Dealer Simulator 2,1500.0,4.0,194000.0,https://twitchtracker.com/games/889177802
202,1313790173,Tokyo Xtreme Racer,1000.0,59.0,172000.0,https://twitchtracker.com/games/1313790173
203,102007682,God of War Ragnarök,677.0,233.0,113000.0,https://twitchtracker.com/games/102007682
204,68351,Mount & Blade II: Bannerlord,1100.0,26.0,182000.0,https://twitchtracker.com/games/68351
205,2058570718,Silent Hill 2,986.0,74.0,165000.0,https://twitchtracker.com/games/2058570718
206,1050003477,The Elder Scrolls V: Skyrim - Special Edition,968.0,83.0,162000.0,https://twitchtracker.com/games/1050003477
207,493174,Jackbox Party Packs,1100.0,24.0,179000.0,https://twitchtracker.com/games/493174
208,518379,Pokémon UNITE,1000.0,58.0,168000.0,https://twitchtracker.com/games/518379
209,519291,Black Myth: Wukong,881.0,111.0,147000.0,https://twitchtracker.com/games/519291
210,490147,Hollow Knight,899.0,99.0,150000.0,https://twitchtracker.com/games/490147
211,458641,Uncharted 4: A Thief's End,1100.0,11.0,177000.0,https://twitchtracker.com/games/458641
212,16937,Artifact,1000.0,22.0,173000.0,https://twitchtracker.com/games/16937
213,512821,Words On Stream,977.0,48.0,163000.0,https://twitchtracker.com/games/512821
214,685022220,Amenti,1000.0,16.0,168000.0,https://twitchtracker.com/games/685022220
215,512708,Mahjong Soul,989.0,25.0,165000.0,https://twitchtracker.com/games/512708
216,479977659,Make Good Choices,1200.0,3.0,173000.0,https://twitchtracker.com/games/479977659
217,904864974,Mortal Kombat 1,893.0,69.0,149000.0,https://twitchtracker.com/games/904864974
218,329951934,Pokémon Community Game,921.0,54.0,154000.0,https://twitchtracker.com/games/329951934
219,1095275650,Hogwarts Legacy,738.0,140.0,123000.0,https://twitchtracker.com/games/1095275650
220,941530474,Mario Kart 8 Deluxe,904.0,53.0,151000.0,https://twitchtracker.com/games/941530474
221,31376,Terraria,774.0,106.0,129000.0,https://twitchtracker.com/games/31376
222,838184267,ENDER MAGNOLIA: Bloom in the Mist,805.0,88.0,134000.0,https://twitchtracker.com/games/838184267
223,1496435078,Casino Simulator 2024,983.0,5.0,159000.0,https://twitchtracker.com/games/1496435078
224,15631,Grand Theft Auto: Vice City,915.0,23.0,153000.0,https://twitchtracker.com/games/15631
225,488910,American Truck Simulator,852.0,54.0,142000.0,https://twitchtracker.com/games/488910
226,1853781077,The Headliners,5500.0,8.0,159000.0,https://twitchtracker.com/games/1853781077
227,89250567,Grand Theft Auto: San Andreas - The Definitive Edition,936.0,8.0,156000.0,https://twitchtracker.com/games/89250567
228,498482,Age of Empires IV,889.0,22.0,148000.0,https://twitchtracker.com/games/498482
229,489170,DARK SOULS II: Scholar of the First Sin,827.0,50.0,138000.0,https://twitchtracker.com/games/489170
230,509670,Science & Technology,809.0,59.0,135000.0,https://twitchtracker.com/games/509670
231,490713,UNDERTALE,864.0,31.0,144000.0,https://twitchtracker.com/games/490713
232,130942,Factorio,839.0,38.0,140000.0,https://twitchtracker.com/games/130942
233,627798963,F1 24,704.0,105.0,118000.0,https://twitchtracker.com/games/627798963
234,1506110656,Casino Simulator,918.0,3.0,151000.0,https://twitchtracker.com/games/1506110656
235,13263,EVE Online,865.0,23.0,144000.0,https://twitchtracker.com/games/13263
236,1910103699,THE FINALS,660.0,125.0,110000.0,https://twitchtracker.com/games/1910103699
237,294724507,The Last of Us Part I,755.0,62.0,126000.0,https://twitchtracker.com/games/294724507
238,819884489,Paranormal Night Shift,2100.0,1.0,146000.0,https://twitchtracker.com/games/819884489
239,512998,The Legend of Zelda: Tears of the Kingdom,794.0,38.0,133000.0,https://twitchtracker.com/games/512998
240,24438,MU Online,789.0,38.0,132000.0,https://twitchtracker.com/games/24438
241,506456,Satisfactory,731.0,67.0,122000.0,https://twitchtracker.com/games/506456
242,15229,Ragnarok Online,781.0,41.0,130000.0,https://twitchtracker.com/games/15229
243,1269041770,Liar's Bar,817.0,20.0,136000.0,https://twitchtracker.com/games/1269041770
244,1868356881,Zort,859.0,12.0,138000.0,https://twitchtracker.com/games/1868356881
245,2023243190,Granny: Escape Together,921.0,4.0,139000.0,https://twitchtracker.com/games/2023243190
246,177157840,Schoolboy Runaway,806.0,14.0,135000.0,https://twitchtracker.com/games/177157840
247,1000184693,NHL 25,662.0,82.0,111000.0,https://twitchtracker.com/games/1000184693
248,144418804,LOCKDOWN Protocol,748.0,36.0,125000.0,https://twitchtracker.com/games/144418804
249,278888515,Gartic Phone,755.0,31.0,126000.0,https://twitchtracker.com/games/278888515
250,490382,For Honor,657.0,80.0,110000.0,https://twitchtracker.com/games/490382
251,2015656787,Get To Work,792.0,10.0,132000.0,https://twitchtracker.com/games/2015656787
252,417969,Halo: The Master Chief Collection,654.0,78.0,109000.0,https://twitchtracker.com/games/417969
253,1941249372,Half Sword,792.0,8.0,132000.0,https://twitchtracker.com/games/1941249372
254,513501,Standoff 2,697.0,53.0,116000.0,https://twitchtracker.com/games/513501
255,23857,Pokémon HeartGold/SoulSilver,763.0,18.0,127000.0,https://twitchtracker.com/games/23857
256,497440,Hell Let Loose,627.0,85.0,105000.0,https://twitchtracker.com/games/497440
257,1982955044,Storage Hunter Simulator,788.0,6.0,131000.0,https://twitchtracker.com/games/1982955044
258,2274,The Sims 2,883.0,4.0,131000.0,https://twitchtracker.com/games/2274
259,1743359147,Marvel Snap,745.0,17.0,124000.0,https://twitchtracker.com/games/1743359147
260,14842174,Chained Together,730.0,24.0,122000.0,https://twitchtracker.com/games/14842174
261,34135,God of War: Ascension,2000.0,1.0,129000.0,https://twitchtracker.com/games/34135
262,415409,Pantheon: Rise of the Fallen,728.0,23.0,122000.0,https://twitchtracker.com/games/415409
263,252812003,Supermarket Simulator,717.0,25.0,120000.0,https://twitchtracker.com/games/252812003
264,1331855755,Darts,734.0,16.0,122000.0,https://twitchtracker.com/games/1331855755
265,515214,Politics,711.0,24.0,119000.0,https://twitchtracker.com/games/515214
266,517159,Guilty Gear: Strive,709.0,20.0,118000.0,https://twitchtracker.com/games/517159
267,1757732267,Forza Horizon 5,554.0,94.0,92600.0,https://twitchtracker.com/games/1757732267
268,110758,The Legend of Zelda: Breath of the Wild,685.0,28.0,114000.0,https://twitchtracker.com/games/110758
269,32959,Heroes of the Storm,682.0,29.0,114000.0,https://twitchtracker.com/games/32959
270,890558948,Torchlight: Infinite,684.0,23.0,114000.0,https://twitchtracker.com/games/890558948
271,1780647523,HITMAN World of Assassination,682.0,24.0,114000.0,https://twitchtracker.com/games/1780647523
272,653624336,Lies of P,597.0,65.0,99700.0,https://twitchtracker.com/games/653624336
273,2009742488,BioShock Remastered,712.0,8.0,118000.0,https://twitchtracker.com/games/2009742488
274,6369,God of War,567.0,77.0,94600.0,https://twitchtracker.com/games/6369
275,510389,Shakes and Fidget,829.0,3.0,118000.0,https://twitchtracker.com/games/510389
276,1363642627,Taiko no Tatsujin: Rhythm Festival,906.0,3.0,118000.0,https://twitchtracker.com/games/1363642627
277,2090279789,FINAL FANTASY XVI,623.0,40.0,104000.0,https://twitchtracker.com/games/2090279789
278,400407464,DRAGON BALL: Sparking! ZERO,448.0,127.0,74900.0,https://twitchtracker.com/games/400407464
279,515349,Lineage II,620.0,36.0,104000.0,https://twitchtracker.com/games/515349
280,515479,Sons of the Forest,530.0,81.0,88500.0,https://twitchtracker.com/games/515479
281,2091165871,Football Manager 2024,632.0,30.0,106000.0,https://twitchtracker.com/games/2091165871
282,489635,ARK: Survival Evolved,485.0,98.0,81100.0,https://twitchtracker.com/games/489635
283,1075593745,Synduality: Echo of Ada,618.0,30.0,103000.0,https://twitchtracker.com/games/1075593745
284,743214338,Brotato,644.0,15.0,108000.0,https://twitchtracker.com/games/743214338
285,1115711128,PlateUp!,636.0,18.0,106000.0,https://twitchtracker.com/games/1115711128
286,460316,Brawlhalla,557.0,57.0,93000.0,https://twitchtracker.com/games/460316
287,490359,FINAL FANTASY VII REMAKE,532.0,67.0,88900.0,https://twitchtracker.com/games/490359
288,1248633549,Poppy Playtime: Chapter 3 - Deep Sleep,648.0,12.0,107000.0,https://twitchtracker.com/games/1248633549
289,1968997035,Persona 3 Reload,589.0,35.0,98400.0,https://twitchtracker.com/games/1968997035
290,497456,Days Gone,550.0,46.0,91800.0,https://twitchtracker.com/games/497456
291,506246,Fallout 76,502.0,68.0,83800.0,https://twitchtracker.com/games/506246
292,504463,Tom Clancy's The Division 2,427.0,103.0,71300.0,https://twitchtracker.com/games/504463
293,490105,Fran Bow,740.0,3.0,105000.0,https://twitchtracker.com/games/490105
294,19357,Guild Wars 2,555.0,38.0,92600.0,https://twitchtracker.com/games/19357
295,494925,Raft,520.0,55.0,86900.0,https://twitchtracker.com/games/494925
296,490655,Pokémon GO,592.0,16.0,98900.0,https://twitchtracker.com/games/490655
297,512818,Call of Duty: Mobile,411.0,106.0,68700.0,https://twitchtracker.com/games/512818
298,16282,Super Smash Bros. Melee,578.0,16.0,96600.0,https://twitchtracker.com/games/16282
299,603456890,Cursed Digicam,613.0,5.0,100000.0,https://twitchtracker.com/games/603456890
300,5784346,For the King II,586.0,10.0,97800.0,https://twitchtracker.com/games/5784346
301,516866,STALCRAFT: X,514.0,43.0,85900.0,https://twitchtracker.com/games/516866
302,515474,NARAKA: BLADEPOINT,507.0,46.0,84800.0,https://twitchtracker.com/games/515474
303,1568081763,Mass Effect Legendary Edition,511.0,43.0,85300.0,https://twitchtracker.com/games/1568081763
304,489111,Summoners War: Sky Arena,566.0,13.0,94600.0,https://twitchtracker.com/games/489111
305,511230,Stream Raiders,537.0,27.0,89700.0,https://twitchtracker.com/games/511230
306,331373906,eFootball,439.0,75.0,73300.0,https://twitchtracker.com/games/331373906
307,17000,Ninja Gaiden Sigma,566.0,15.0,93100.0,https://twitchtracker.com/games/17000
308,29106,S.T.A.L.K.E.R. 2: Heart of Chornobyl,443.0,71.0,74000.0,https://twitchtracker.com/games/29106
309,1208208142,Puck,825.0,3.0,95600.0,https://twitchtracker.com/games/1208208142
310,1229,Super Mario World,533.0,20.0,89000.0,https://twitchtracker.com/games/1229
311,499856,Ghost of Tsushima,397.0,88.0,66200.0,https://twitchtracker.com/games/499856
312,715052357,Nine Sols,499.0,35.0,83300.0,https://twitchtracker.com/games/715052357
313,2043627368,WWE 2K24,398.0,85.0,66500.0,https://twitchtracker.com/games/2043627368
314,691357727,Amagami,2600.0,1.0,94400.0,https://twitchtracker.com/games/691357727
315,81660490,Greed Stays Home,958.0,2.0,93100.0,https://twitchtracker.com/games/81660490
316,1185403782,MLB The Show 24,474.0,41.0,79200.0,https://twitchtracker.com/games/1185403782
317,1158884259,Splatoon 3,452.0,51.0,75500.0,https://twitchtracker.com/games/1158884259
318,489776,Fallout 4,366.0,93.0,61100.0,https://twitchtracker.com/games/489776
319,12482,The Legend of Zelda: Majora's Mask,515.0,17.0,86000.0,https://twitchtracker.com/games/12482
320,492553,Sid Meier's Civilization VI,488.0,30.0,81600.0,https://twitchtracker.com/games/492553
321,494099,Kingdom Hearts HD 1.5 + 2.5 ReMIX,458.0,41.0,76400.0,https://twitchtracker.com/games/494099
322,1348809580,Assetto Corsa Competizione,430.0,55.0,71900.0,https://twitchtracker.com/games/1348809580
323,1514558606,Tempest Rising,537.0,5.0,87400.0,https://twitchtracker.com/games/1514558606
324,24193,Left 4 Dead 2,414.0,58.0,69100.0,https://twitchtracker.com/games/24193
325,460951,Geometry Dash,423.0,53.0,70600.0,https://twitchtracker.com/games/460951
326,1673899638,Nuclear Nightmare,497.0,17.0,82600.0,https://twitchtracker.com/games/1673899638
327,1397210469,Miniatures & Models,463.0,32.0,77400.0,https://twitchtracker.com/games/1397210469
328,2083,RuneScape,469.0,29.0,78300.0,https://twitchtracker.com/games/2083
329,530998549,Coin Pusher World,477.0,24.0,79600.0,https://twitchtracker.com/games/530998549
330,357604454,Grande Fratello: Il Gioco,677.0,1.0,87300.0,https://twitchtracker.com/games/357604454
331,1913410799,Total War: WARHAMMER III,481.0,21.0,80300.0,https://twitchtracker.com/games/1913410799
332,497304,Russian Fishing 4,456.0,33.0,76100.0,https://twitchtracker.com/games/497304
333,518014,Gran Turismo 7,359.0,81.0,59900.0,https://twitchtracker.com/games/518014
334,478131056,Donkey Kong Country Returns HD,485.0,16.0,80900.0,https://twitchtracker.com/games/478131056
335,344714178,Virtua Fighter 5 R.E.V.O.,706.0,16.0,82500.0,https://twitchtracker.com/games/344714178
336,10609,Pokémon Emerald Version,462.0,24.0,77200.0,https://twitchtracker.com/games/10609
337,91419,Metal Gear Solid V: The Phantom Pain,482.0,13.0,80500.0,https://twitchtracker.com/games/91419
338,15013,Prey,494.0,6.0,82000.0,https://twitchtracker.com/games/15013
339,1057274213,Gaggl,1100.0,2.0,83600.0,https://twitchtracker.com/games/1057274213
340,1075600787,Backrooms: Escape Together,464.0,19.0,77000.0,https://twitchtracker.com/games/1075600787
341,494806,Metaphor: ReFantazio,377.0,60.0,62900.0,https://twitchtracker.com/games/494806
342,489767,XCOM 2,470.0,13.0,78500.0,https://twitchtracker.com/games/489767
343,518213,It Takes Two,386.0,54.0,64400.00000000001,https://twitchtracker.com/games/518213
344,1515862749,Disney Dreamlight Valley,407.0,43.0,68000.0,https://twitchtracker.com/games/1515862749
345,182632692,Kiosk,2600.0,8.0,81800.0,https://twitchtracker.com/games/182632692
346,516173984,Cult of the Lamb,408.0,41.0,68100.0,https://twitchtracker.com/games/516173984
347,11988,FINAL FANTASY VII,446.0,20.0,74400.0,https://twitchtracker.com/games/11988
348,505980,Stoneshard,463.0,10.0,77300.0,https://twitchtracker.com/games/505980
349,2133072147,Mir Korabley,465.0,9.0,77600.0,https://twitchtracker.com/games/2133072147
350,470560304,The Inn-Sanity,491.0,5.0,79000.0,https://twitchtracker.com/games/470560304
351,497388,A Way Out,435.0,23.0,72700.0,https://twitchtracker.com/games/497388
352,1275666892,Monster Hunter Rise,372.0,52.0,62100.0,https://twitchtracker.com/games/1275666892
353,9435,The Legend of Zelda: A Link to the Past,427.0,22.0,71300.0,https://twitchtracker.com/games/9435
354,338715930,Maitre des Fleurs,6500.0,2.0,78600.0,https://twitchtracker.com/games/338715930
355,2034923573,Driving Is Hard,1100.0,2.0,78200.0,https://twitchtracker.com/games/2034923573
356,667377300,Life is Strange: Double Exposure,449.0,10.0,75000.0,https://twitchtracker.com/games/667377300
357,1133341572,The First Berserker: Khazan,422.0,21.0,70500.0,https://twitchtracker.com/games/1133341572
358,20050,Perfect World,416.0,23.0,69500.0,https://twitchtracker.com/games/20050
359,505705,Noita,430.0,14.0,71800.0,https://twitchtracker.com/games/505705
360,38278967,Tales Beyond The Tomb: The Farm's Secret,687.0,2.0,75400.0,https://twitchtracker.com/games/38278967
361,495811,SCUM,377.0,37.0,62900.0,https://twitchtracker.com/games/495811
362,493125,My Summer Car,426.0,12.0,71200.0,https://twitchtracker.com/games/493125
363,1447325110,The Texas Chain Saw Massacre,371.0,39.0,61900.0,https://twitchtracker.com/games/1447325110
364,290075012,Sword of Justice,420.0,15.0,69900.0,https://twitchtracker.com/games/290075012
365,491381,Golf With Your Friends,416.0,15.0,69300.0,https://twitchtracker.com/games/491381
366,271329153,Jötunnslayer: Hordes of Hel,430.0,7.0,71600.0,https://twitchtracker.com/games/271329153
367,502829,R2 Online: Reign of Revolution,392.0,25.0,65400.00000000001,https://twitchtracker.com/games/502829
368,515066,SnowRunner,320.0,59.0,53400.0,https://twitchtracker.com/games/515066
369,1494074023,Lycans,1700.0,7.0,71900.0,https://twitchtracker.com/games/1494074023
370,978058451,Dreamcore,450.0,6.0,70300.0,https://twitchtracker.com/games/978058451
371,7022,The Forest,296.0,65.0,49500.0,https://twitchtracker.com/games/7022
372,512033,GODDESS OF VICTORY: NIKKE,396.0,14.0,66100.0,https://twitchtracker.com/games/512033
373,8645,Resident Evil 2,421.0,7.0,68500.0,https://twitchtracker.com/games/8645
374,100599372,MISTERY,2500.0,2.0,70000.0,https://twitchtracker.com/games/100599372
375,506410,Dying Light 2: Stay Human,330.0,44.0,55100.0,https://twitchtracker.com/games/506410
376,509664,Tabletop RPGs,366.0,27.0,60700.0,https://twitchtracker.com/games/509664
377,1108011868,DOKAPON! Sword of Fury,493.0,3.0,68300.0,https://twitchtracker.com/games/1108011868
378,41272850,GTA: La Heist,140.0,137.0,23300.0,https://twitchtracker.com/games/41272850
379,418016,The Long Dark,362.0,26.0,60500.0,https://twitchtracker.com/games/418016
380,458781,No Man's Sky,321.0,46.0,53500.0,https://twitchtracker.com/games/458781
381,1788326126,Diablo II: Resurrected,367.0,23.0,61300.0,https://twitchtracker.com/games/1788326126
382,721156300,SUPERVIVE,359.0,26.0,59900.0,https://twitchtracker.com/games/721156300
383,494683,theHunter: Call of the Wild,272.0,69.0,45500.0,https://twitchtracker.com/games/494683
384,458443,Alien: Isolation,356.0,26.0,59400.0,https://twitchtracker.com/games/458443
385,490948,The Isle,365.0,21.0,61000.0,https://twitchtracker.com/games/490948
386,19217,Dokapon Kingdom,1200.0,2.0,67700.0,https://twitchtracker.com/games/19217
387,7595,Super Metroid,385.0,10.0,64300.0,https://twitchtracker.com/games/7595
388,511295,Predecessor,325.0,40.0,54300.0,https://twitchtracker.com/games/511295
389,1230742965,TCG Card Shop Simulator,345.0,30.0,57600.0,https://twitchtracker.com/games/1230742965
390,1819887434,Tomb Raider I•II•III Remastered,366.0,19.0,61000.0,https://twitchtracker.com/games/1819887434
391,550574460,Butcher's Creek,464.0,5.0,65800.0,https://twitchtracker.com/games/550574460
392,518017,Resident Evil Village,331.0,36.0,55300.0,https://twitchtracker.com/games/518017
393,8259,TV Station Manager,266.0,68.0,44500.0,https://twitchtracker.com/games/8259
394,493618,Hello Neighbor,410.0,4.0,65700.0,https://twitchtracker.com/games/493618
395,416015,Hero Siege,398.0,4.0,65600.0,https://twitchtracker.com/games/416015
396,2143844298,BioShock 2 Remastered,482.0,3.0,65600.0,https://twitchtracker.com/games/2143844298
397,1641202444,Until Dawn,365.0,16.0,61000.0,https://twitchtracker.com/games/1641202444
398,1956928026,Metel: Horror Escape,501.0,2.0,65400.00000000001,https://twitchtracker.com/games/1956928026
399,942317893,Supermarket Together,298.0,47.0,49800.0,https://twitchtracker.com/games/942317893
400,143106037,EA Sports FC 24,223.0,83.0,37300.0,https://twitchtracker.com/games/143106037
401,510056,Epic Seven,375.0,7.0,62700.0,https://twitchtracker.com/games/510056
402,2109314477,Lonely Mountains: Snow Riders,365.0,9.0,60100.0,https://twitchtracker.com/games/2109314477
403,23453,Fallout: New Vegas,312.0,33.0,52000.0,https://twitchtracker.com/games/23453
404,459064,Cuphead,324.0,27.0,54200.0,https://twitchtracker.com/games/459064
405,1337444628,Call of Duty: Modern Warfare III,246.0,65.0,41100.0,https://twitchtracker.com/games/1337444628
406,492934,Resident Evil 7: Biohazard,321.0,27.0,53500.0,https://twitchtracker.com/games/492934
407,518624,SCP: Fragmented Minds,1100.0,7.0,60900.0,https://twitchtracker.com/games/518624
408,489401,Call of Duty: Black Ops III,248.0,60.0,41400.0,https://twitchtracker.com/games/489401
409,340920845,Backpack Battles,348.0,7.0,58100.0,https://twitchtracker.com/games/340920845
410,2113043143,PAYDAY 3,336.0,13.0,56000.0,https://twitchtracker.com/games/2113043143
411,1143870014,For Sale,750.0,2.0,59900.0,https://twitchtracker.com/games/1143870014
412,492535,Celeste,298.0,29.0,49700.0,https://twitchtracker.com/games/492535
413,493036,Worms W.M.D,526.0,3.0,58500.0,https://twitchtracker.com/games/493036
414,43579844,Lego & Brickbuilding,320.0,16.0,53400.0,https://twitchtracker.com/games/43579844
415,515881069,Mechabellum,336.0,8.0,56100.0,https://twitchtracker.com/games/515881069
416,451007760,My Hero Ultra Rumble,238.0,56.0,39700.0,https://twitchtracker.com/games/451007760
417,32345,Borderlands 2,290.0,29.0,48400.0,https://twitchtracker.com/games/32345
418,508948,Raid: Shadow Legends,313.0,17.0,52300.0,https://twitchtracker.com/games/508948
419,509671,Fitness & Health,310.0,18.0,51700.0,https://twitchtracker.com/games/509671
420,393329718,Old Market Simulator,367.0,4.0,56500.0,https://twitchtracker.com/games/393329718
421,514974,Battlefield 2042,220.0,62.0,36800.0,https://twitchtracker.com/games/514974
422,623291583,Ghosts of Tabor,295.0,24.0,49300.0,https://twitchtracker.com/games/623291583
423,514888,Crusader Kings III,310.0,16.0,51800.0,https://twitchtracker.com/games/514888
424,518015,Horizon Forbidden West,282.0,30.0,47100.0,https://twitchtracker.com/games/518015
425,1654,Gothic II,313.0,14.0,52100.0,https://twitchtracker.com/games/1654
426,459327,Hearts of Iron IV,308.0,16.0,51500.0,https://twitchtracker.com/games/459327
427,223869970,"Warhammer 40,000: Space Marine II",237.0,51.0,39500.0,https://twitchtracker.com/games/223869970
428,1185958139,Murky Divers,345.0,8.0,54000.0,https://twitchtracker.com/games/1185958139
429,489335,Outer Wilds,293.0,22.0,48900.0,https://twitchtracker.com/games/489335
430,511701,Ready or Not,277.0,30.0,46300.0,https://twitchtracker.com/games/511701
431,80607,Elite: Dangerous,284.0,26.0,47500.0,https://twitchtracker.com/games/80607
432,516086,Grounded,208.0,62.0,34700.0,https://twitchtracker.com/games/516086
433,1763293114,Guessr.tv,36900.0,1.0,55300.0,https://twitchtracker.com/games/1763293114
434,29433,Dark Souls,315.0,9.0,52200.0,https://twitchtracker.com/games/29433
435,1335943195,The Cabin Factory,312.0,7.0,51300.0,https://twitchtracker.com/games/1335943195
436,1849266533,Full Throttle Remastered,3000.0,1.0,53400.0,https://twitchtracker.com/games/1849266533
437,980679052,Dead Space,255.0,32.0,42500.0,https://twitchtracker.com/games/980679052
438,518144,The Outlast Trials,223.0,48.0,37200.0,https://twitchtracker.com/games/518144
439,2109666737,ASTRO BOT,277.0,21.0,46300.0,https://twitchtracker.com/games/2109666737
440,16676,Team Fortress 2,256.0,31.0,42700.0,https://twitchtracker.com/games/16676
441,506407,Gears 5,234.0,42.0,39100.0,https://twitchtracker.com/games/506407
442,493815,Oxygen Not Included,292.0,12.0,48800.0,https://twitchtracker.com/games/493815
443,528918758,Shatterline,292.0,12.0,48700.0,https://twitchtracker.com/games/528918758
444,18707,Grand Theft Auto IV,239.0,38.0,39900.0,https://twitchtracker.com/games/18707
445,125264560,Clone Hero,282.0,16.0,47200.0,https://twitchtracker.com/games/125264560
446,776413376,Stronghold: Definitive Edition,479.0,2.0,52000.0,https://twitchtracker.com/games/776413376
447,519495,The Stone of Madness,719.0,3.0,51500.0,https://twitchtracker.com/games/519495
448,13765,Donkey Kong 64,332.0,7.0,49800.0,https://twitchtracker.com/games/13765
449,481479876,Cursed Feed,1300.0,1.0,51500.0,https://twitchtracker.com/games/481479876
450,519103,PowerWash Simulator,262.0,23.0,43700.0,https://twitchtracker.com/games/519103
451,517769,Mafia: Definitive Edition,264.0,21.0,44100.0,https://twitchtracker.com/games/517769
452,343455332,Crime Scene Cleaner,282.0,12.0,47000.0,https://twitchtracker.com/games/343455332
453,251880403,Tales of Graces f Remastered,235.0,35.0,39200.0,https://twitchtracker.com/games/251880403
454,313197,Assetto Corsa,220.0,42.0,36800.0,https://twitchtracker.com/games/313197
455,493997,Super Mario Odyssey,270.0,17.0,45100.0,https://twitchtracker.com/games/493997
456,6959,Eco,287.0,8.0,47900.0,https://twitchtracker.com/games/6959
457,1982936547,Pokémon,283.0,10.0,47200.0,https://twitchtracker.com/games/1982936547
458,514661,The Long Drive,291.0,6.0,48400.0,https://twitchtracker.com/games/514661
459,1312214340,Stumble Guys,250.0,26.0,41700.0,https://twitchtracker.com/games/1312214340
460,714257518,Lull Away,301000.0,1.0,50200.0,https://twitchtracker.com/games/714257518
461,960705568,Assassin's Creed Shadows,2100.0,4.0,49800.0,https://twitchtracker.com/games/960705568
462,11989,StarCraft,273.0,13.0,45500.0,https://twitchtracker.com/games/11989
463,1420,Half-Life 2,274.0,12.0,45800.0,https://twitchtracker.com/games/1420
464,8090,FINAL FANTASY IX,275.0,11.0,46000.0,https://twitchtracker.com/games/8090
465,770229477,60 Seconds! Reatomized,327.0,3.0,48700.0,https://twitchtracker.com/games/770229477
466,476269,Yakuza 0,250.0,23.0,41700.0,https://twitchtracker.com/games/476269
467,706931076,Pic-Me!,944.0,2.0,49100.0,https://twitchtracker.com/games/706931076
468,503233,Dragon Age: The Veilguard,219.0,38.0,36600.0,https://twitchtracker.com/games/503233
469,511864,Persona 5 Royal,229.0,33.0,38200.0,https://twitchtracker.com/games/511864
470,511748,Auto Chess,282.0,6.0,47200.0,https://twitchtracker.com/games/511748
471,2271,Sonic The Hedgehog,283.0,5.0,47200.0,https://twitchtracker.com/games/2271
472,504921,Dragon Ball Legends,273.0,9.0,45600.0,https://twitchtracker.com/games/504921
473,5899,Stocks and Bonds,262.0,13.0,43700.0,https://twitchtracker.com/games/5899
474,1222194375,Icarus,206.0,40.0,34400.0,https://twitchtracker.com/games/1222194375
475,599619814,Casino Jackpot,424.0,1.0,47500.0,https://twitchtracker.com/games/599619814
476,1246071024,Capybara Go!,972.0,2.0,47500.0,https://twitchtracker.com/games/1246071024
477,772157971,Writing & Reading,243.0,21.0,40600.0,https://twitchtracker.com/games/772157971
478,597258098,Dale & Dawson Stationery Supplies,339.0,9.0,45100.0,https://twitchtracker.com/games/597258098
479,330654616,Rivals of Aether II,266.0,10.0,43900.0,https://twitchtracker.com/games/330654616
480,497301,Honor of Kings,241.0,21.0,40200.0,https://twitchtracker.com/games/497301
481,1732010235,BREAD,283000.0,1.0,47200.0,https://twitchtracker.com/games/1732010235
482,498302,Arena of Valor,257.0,12.0,42900.0,https://twitchtracker.com/games/498302
483,993910146,TrickShot Simulator,340.0,2.0,46100.0,https://twitchtracker.com/games/993910146
484,31750,Arma 3,215.0,32.0,35900.0,https://twitchtracker.com/games/31750
485,1535286692,White Knuckle,800.0,1.0,46400.0,https://twitchtracker.com/games/1535286692
486,14333696,Goose Goose Duck,242.0,18.0,40100.0,https://twitchtracker.com/games/14333696
487,27103,Sid Meier's Civilization V,260.0,7.0,43500.0,https://twitchtracker.com/games/27103
488,2120367505,Geo-Political Simulator 5,2200.0,1.0,45400.0,https://twitchtracker.com/games/2120367505
489,497583,Mystery Science Theater 3000,267.0,2.0,44400.0,https://twitchtracker.com/games/497583
490,955166543,Dark Hours,254.0,12.0,41200.0,https://twitchtracker.com/games/955166543
491,506274,Assassin's Creed Odyssey,167.0,51.0,27900.0,https://twitchtracker.com/games/506274
492,67584,Europa Universalis IV,255.0,7.0,42500.0,https://twitchtracker.com/games/67584
493,17179,Star Wars: Knights of the Old Republic,283.0,4.0,43500.0,https://twitchtracker.com/games/17179
494,8882,Pinball,261.0,4.0,43400.0,https://twitchtracker.com/games/8882
495,461389,Life is Strange,254.0,8.0,42000.0,https://twitchtracker.com/games/461389
496,506442,DOOM Eternal,200.0,33.0,33300.0,https://twitchtracker.com/games/506442
497,503116,Beat Saber,219.0,22.0,36600.0,https://twitchtracker.com/games/503116
498,2058220722,Poppy Playtime,238.0,12.0,39400.0,https://twitchtracker.com/games/2058220722
499,495202,Fire Emblem: Three Houses,256.0,5.0,41500.0,https://twitchtracker.com/games/495202
500,493217,Gwent: The Witcher Card Game,243.0,6.0,40500.0,https://twitchtracker.com/games/493217
501,517330,Assassin's Creed Valhalla,133.0,61.0,22200.0,https://twitchtracker.com/games/517330
502,1286840579,Demonologist,205.0,25.0,34300.0,https://twitchtracker.com/games/1286840579
503,1094044362,WEBFISHING,229.0,12.0,38300.0,https://twitchtracker.com/games/1094044362
504,1668881185,The Lord of the Rings: Return to Moria,191.0,31.0,31800.0,https://twitchtracker.com/games/1668881185
505,512525,Olympic Games Tokyo 2020: The Official Video Game,3100.0,1.0,41800.0,https://twitchtracker.com/games/512525
506,22848,Red Dead Redemption,206.0,22.0,34300.0,https://twitchtracker.com/games/22848
507,9178,Halo 3,393.0,2.0,41100.0,https://twitchtracker.com/games/9178
508,493551,Conan Exiles,192.0,28.0,32100.0,https://twitchtracker.com/games/493551
509,255386500,Luma Island,216.0,15.0,36100.0,https://twitchtracker.com/games/255386500
510,988100999,Demon's Souls,239.0,5.0,39100.0,https://twitchtracker.com/games/988100999
511,375828022,Food Delivery Simulator,482.0,2.0,40400.0,https://twitchtracker.com/games/375828022
512,498289,CarX Drift Racing Online,159.0,42.0,26500.0,https://twitchtracker.com/games/498289
513,490432,Mafia III,232.0,6.0,38600.0,https://twitchtracker.com/games/490432
514,73586,Outlast,188.0,27.0,31400.0,https://twitchtracker.com/games/73586
515,799680308,Casino Island Simulator,245.0,3.0,39300.0,https://twitchtracker.com/games/799680308
516,37567722,Romancing SaGa 2: Revenge of the Seven,224.0,9.0,37100.0,https://twitchtracker.com/games/37567722
517,494508,Yu-Gi-Oh! Duel Links,222.0,9.0,36900.0,https://twitchtracker.com/games/494508
518,73914,Clash of Clans,211.0,14.0,35200.0,https://twitchtracker.com/games/73914
519,367176203,Ale & Tale Tavern,218.0,9.0,36500.0,https://twitchtracker.com/games/367176203
520,344035090,Kingdom Come: Deliverance II,539.0,1.0,39300.0,https://twitchtracker.com/games/344035090
521,155409827,Pokémon Trading Card Game Live,206.0,14.0,34400.0,https://twitchtracker.com/games/155409827
522,1846293708,Fields of Mistria,208.0,13.0,34800.0,https://twitchtracker.com/games/1846293708
523,490413,Board Games,217.0,8.0,36200.0,https://twitchtracker.com/games/490413
524,488500,Battlefield 1,188.0,22.0,31300.0,https://twitchtracker.com/games/488500
525,1067830406,Love and Deepspace,214.0,9.0,35700.0,https://twitchtracker.com/games/1067830406
526,2052811872,Tyrant's Realm,255.0,3.0,37800.0,https://twitchtracker.com/games/2052811872
527,987277565,Stronghold: Crusader - Definitive Edition,425.0,2.0,38200.0,https://twitchtracker.com/games/987277565
528,509549,Pummel Party,216.0,13.0,34300.0,https://twitchtracker.com/games/509549
529,512121,Yakuza: Like a Dragon,200.0,15.0,33400.0,https://twitchtracker.com/games/512121
530,1241582824,Farming Simulator 22,146.0,42.0,24400.0,https://twitchtracker.com/games/1241582824
531,518873,"Warhammer 40,000: Darktide",168.0,30.0,28100.0,https://twitchtracker.com/games/518873
532,394758168,Content Warning,174.0,27.0,29100.0,https://twitchtracker.com/games/394758168
533,1904996652,Mouthwashing,227.0,7.0,35700.0,https://twitchtracker.com/games/1904996652
534,2060730947,Le Mans Ultimate,216.0,13.0,33600.0,https://twitchtracker.com/games/2060730947
535,519492,Medieval Dynasty,169.0,28.0,28200.0,https://twitchtracker.com/games/519492
536,1584745140,Pokémon Brilliant Diamond/Shining Pearl,204.0,10.0,34000.0,https://twitchtracker.com/games/1584745140
537,2085883200,Mark of the Deep,270.0,5.0,36100.0,https://twitchtracker.com/games/2085883200
538,868771782,Tales Beyond The Tomb: Pineville Night Stalker,309.0,2.0,36700.0,https://twitchtracker.com/games/868771782
539,17828,The Legend of Zelda: Twilight Princess,203.0,10.0,33800.0,https://twitchtracker.com/games/17828
540,493388,Foxhole,201.0,11.0,33600.0,https://twitchtracker.com/games/493388
541,34025,Kenshi,204.0,9.0,34000.0,https://twitchtracker.com/games/34025
542,489668,Granblue Fantasy,190.0,17.0,31400.0,https://twitchtracker.com/games/489668
543,1534124527,Five Hearts Under One Roof,251.0,3.0,36000.0,https://twitchtracker.com/games/1534124527
544,508509,Codenames,227.0,6.0,34900.0,https://twitchtracker.com/games/508509
545,1728683467,Core Keeper,174.0,23.0,29100.0,https://twitchtracker.com/games/1728683467
546,1057431629,Tails of Iron II: Whiskers of Winter,578.0,24.0,33900.0,https://twitchtracker.com/games/1057431629
547,1712837864,PANICORE,199.0,11.0,32800.0,https://twitchtracker.com/games/1712837864
548,508798,Warhammer,200.0,9.0,33400.0,https://twitchtracker.com/games/508798
549,1940679946,Cine2Nerdle,707.0,1.0,36300.0,https://twitchtracker.com/games/1940679946
550,818770426,Granblue Fantasy Versus: Rising,202.0,8.0,33700.0,https://twitchtracker.com/games/818770426
551,30740,The Walking Dead,180.0,18.0,30000.0,https://twitchtracker.com/games/30740
552,418410192,One Piece Card Game,211.0,7.0,33700.0,https://twitchtracker.com/games/418410192
553,491318,Borderlands 3,143.0,36.0,23900.0,https://twitchtracker.com/games/491318
554,2092725748,Horizon Zero Dawn Remastered,185.0,15.0,31000.0,https://twitchtracker.com/games/2092725748
555,107100764,AI2U: With You ‘Till The End,261.0,4.0,34800.0,https://twitchtracker.com/games/107100764
556,458738,Desert Bus,3200.0,1.0,35600.0,https://twitchtracker.com/games/458738
557,1448964995,Arknights: Endfield,196.0,8.0,32600.0,https://twitchtracker.com/games/1448964995
558,666511413,The Crew: Motorfest,148.0,31.0,24700.0,https://twitchtracker.com/games/666511413
559,504462,Call of Duty: Black Ops 4,156.0,27.0,26100.0,https://twitchtracker.com/games/504462
560,18871,Mario Kart Wii,191.0,11.0,31500.0,https://twitchtracker.com/games/18871
561,1945673289,The Mortuary Assistant,187.0,12.0,31100.0,https://twitchtracker.com/games/1945673289
562,1937002451,KLETKA,208.0,7.0,32500.0,https://twitchtracker.com/games/1937002451
563,1975639786,Like a Dragon: Infinite Wealth,168.0,20.0,28000.0,https://twitchtracker.com/games/1975639786
564,2066107586,Escape the Backrooms,170.0,19.0,28400.0,https://twitchtracker.com/games/2066107586
565,33180,The Last of Us,163.0,22.0,27200.0,https://twitchtracker.com/games/33180
566,504199,Battlefield V,157.0,25.0,26200.0,https://twitchtracker.com/games/504199
567,1679626099,World of Football,7700.0,2.0,34500.0,https://twitchtracker.com/games/1679626099
568,1985775240,Unrailed 2: Back on Track,333.0,2.0,34200.0,https://twitchtracker.com/games/1985775240
569,24664,Heroes of Newerth,193.0,7.0,32299.999999999996,https://twitchtracker.com/games/24664
570,1262047844,Marvel's Spider-Man Remastered,176.0,15.0,29400.0,https://twitchtracker.com/games/1262047844
571,494839,Deep Rock Galactic,147.0,29.0,24600.0,https://twitchtracker.com/games/494839
572,561013832,Pokémon Legends: Arceus,171.0,15.0,28500.0,https://twitchtracker.com/games/561013832
573,1967084783,Marvel's Spider-Man 2,137.0,32.0,23000.0,https://twitchtracker.com/games/1967084783
574,575269630,Just Dance 2025 Edition,193.0,4.0,32100.0,https://twitchtracker.com/games/575269630
575,10322,FINAL FANTASY X,166.0,17.0,27800.0,https://twitchtracker.com/games/10322
576,18763,Fallout 3,172.0,14.0,28700.0,https://twitchtracker.com/games/18763
577,518630,Manor Lords,178.0,11.0,29800.0,https://twitchtracker.com/games/518630
578,105736009,Chaos Express,1400.0,1.0,33300.0,https://twitchtracker.com/games/105736009
579,31552,777 Casino,822.0,1.0,33300.0,https://twitchtracker.com/games/31552
580,518146,The Last Faith,251.0,2.0,32700.000000000004,https://twitchtracker.com/games/518146
581,2755,Half-Life,185.0,7.0,30900.0,https://twitchtracker.com/games/2755
582,492035,Resident Evil,183.0,8.0,30600.0,https://twitchtracker.com/games/492035
583,369380,Dying Light,128.0,35.0,21400.0,https://twitchtracker.com/games/369380
584,1407096487,Star Wars Jedi: Survivor,120.0,39.0,20000.0,https://twitchtracker.com/games/1407096487
585,461246,The Walking Dead: A New Frontier,203.0,4.0,31800.0,https://twitchtracker.com/games/461246
586,509110,Risk of Rain 2,147.0,25.0,24600.0,https://twitchtracker.com/games/509110
587,1162901384,Fears to Fathom: Ironbark Lookout,235.0,3.0,32000.0,https://twitchtracker.com/games/1162901384
588,370472,Wreckfest,176.0,11.0,29200.0,https://twitchtracker.com/games/370472
589,498215,UFO 50,180.0,8.0,30000.0,https://twitchtracker.com/games/498215
590,19731,Portal 2,165.0,15.0,27500.0,https://twitchtracker.com/games/19731
591,21934,Star Wars: The Old Republic,149.0,23.0,24900.0,https://twitchtracker.com/games/21934
592,649775967,Resident Evil 3,147.0,24.0,24500.0,https://twitchtracker.com/games/649775967
593,1470211036,Dave the Diver,167.0,13.0,28000.0,https://twitchtracker.com/games/1470211036
594,6715,DOOM,171.0,11.0,28600.0,https://twitchtracker.com/games/6715
595,491220,EA Sports UFC 2,67.0,63.0,11200.0,https://twitchtracker.com/games/491220
596,1937599489,The Quarry,165.0,14.0,27600.0,https://twitchtracker.com/games/1937599489
597,28867,Vindictus,179.0,7.0,29900.0,https://twitchtracker.com/games/28867
598,518402,Earth Defense Force 6,192.0,5.0,30500.0,https://twitchtracker.com/games/518402
599,506089309,SIFU,150.0,21.0,25000.0,https://twitchtracker.com/games/506089309
600,477529029,Dwarf Fortress,181.0,6.0,30100.0,https://twitchtracker.com/games/477529029
601,1244970157,Undisputed,137.0,27.0,22900.0,https://twitchtracker.com/games/1244970157
602,15943,The Elder Scrolls III: Morrowind,177.0,7.0,29600.0,https://twitchtracker.com/games/15943
603,15062,Vampire: The Masquerade - Bloodlines,207.0,3.0,31000.0,https://twitchtracker.com/games/15062
604,10229,FINAL FANTASY XI ONLINE,160.0,15.0,26700.0,https://twitchtracker.com/games/10229
605,1741566793,Dragon Quest III: HD-2D Remake,170.0,10.0,28400.0,https://twitchtracker.com/games/1741566793
606,499379,Stick Fight: The Game,282.0,2.0,31100.0,https://twitchtracker.com/games/499379
607,264231625,Contractors Showdown,165.0,12.0,27600.0,https://twitchtracker.com/games/264231625
608,813958293,BombParty,745.0,1.0,31400.0,https://twitchtracker.com/games/813958293
609,380978759,Escape from Tarkov: Arena,140.0,24.0,23400.0,https://twitchtracker.com/games/380978759
610,1444831815,Space Engineers 2,463.0,15.0,29400.0,https://twitchtracker.com/games/1444831815
611,29329,Space Station 13,314.0,2.0,30800.0,https://twitchtracker.com/games/29329
612,1846570260,Planet Coaster 2,172.0,7.0,28700.0,https://twitchtracker.com/games/1846570260
613,678842894,Arena Breakout,153.0,16.0,25500.0,https://twitchtracker.com/games/678842894
614,499132,They Are Billions,178.0,5.0,29200.0,https://twitchtracker.com/games/499132
615,1260,Age of Mythology,166.0,9.0,27700.0,https://twitchtracker.com/games/1260
616,457975278,PokeMMO,142.0,21.0,23700.0,https://twitchtracker.com/games/457975278
617,505473,Granny,187.0,4.0,29500.0,https://twitchtracker.com/games/505473
618,1332509020,Seifuku Kanojo: School Girlfriend,845.0,1.0,30600.0,https://twitchtracker.com/games/1332509020
619,995720898,God Of War (2005),199.0,3.0,29500.0,https://twitchtracker.com/games/995720898
620,24239,Super Mario Galaxy 2,193.0,3.0,29500.0,https://twitchtracker.com/games/24239
621,1749671014,Magicraft,189.0,4.0,29000.0,https://twitchtracker.com/games/1749671014
622,32736074,Blood Strike,129.0,26.0,21500.0,https://twitchtracker.com/games/32736074
623,494552,The Last of Us Part II,121.0,30.0,20100.0,https://twitchtracker.com/games/494552
624,562880001,Moving Out 2,372.0,2.0,29700.0,https://twitchtracker.com/games/562880001
625,556907291,Cities: Skylines II,162.0,9.0,27100.0,https://twitchtracker.com/games/556907291
626,7193,Microsoft Flight Simulator,112.0,34.0,18700.0,https://twitchtracker.com/games/7193
627,2043745353,Homicipher,230.0,3.0,29200.0,https://twitchtracker.com/games/2043745353
628,2108477062,Beyond Citadel,307.0,2.0,29500.0,https://twitchtracker.com/games/2108477062
629,3408,ObsCure,545.0,1.0,29800.0,https://twitchtracker.com/games/3408
630,1074044196,Alan Wake II,137.0,21.0,22800.0,https://twitchtracker.com/games/1074044196
631,492178,Tower Unite,309.0,2.0,29400.0,https://twitchtracker.com/games/492178
632,369591,Donkey Kong Country: Tropical Freeze,203.0,2.0,29200.0,https://twitchtracker.com/games/369591
633,113749,Prime World,167.0,6.0,27700.0,https://twitchtracker.com/games/113749
634,19423,Heavy Rain,168.0,6.0,27800.0,https://twitchtracker.com/games/19423
635,16967,The Legend of Zelda: The Wind Waker,169.0,7.0,27400.0,https://twitchtracker.com/games/16967
636,836519689,DEVOUR,163.0,9.0,26600.0,https://twitchtracker.com/games/836519689
637,369509,Fable Anniversary,179.0,4.0,28000.0,https://twitchtracker.com/games/369509
638,1628434805,EA Sports UFC 5,106.0,34.0,17700.0,https://twitchtracker.com/games/1628434805
639,1462834331,Soulmask,151.0,11.0,25200.0,https://twitchtracker.com/games/1462834331
640,391475,Space Engineers,135.0,19.0,22500.0,https://twitchtracker.com/games/391475
641,488479,Squad,123.0,25.0,20600.0,https://twitchtracker.com/games/488479
642,1214355831,In Sink,245.0,3.0,28200.0,https://twitchtracker.com/games/1214355831
643,458353,Darkest Dungeon,148.0,12.0,24700.0,https://twitchtracker.com/games/458353
644,175650911,Hello Love: 18 Again,694.0,1.0,28600.0,https://twitchtracker.com/games/175650911
645,11103,UNO,162.0,6.0,26700.0,https://twitchtracker.com/games/11103
646,1457155279,Tails of Iron,176.0,3.0,27700.0,https://twitchtracker.com/games/1457155279
647,20061,CABAL Online,143.0,14.0,23900.0,https://twitchtracker.com/games/20061
648,498523,Conqueror's Blade,145.0,13.0,24200.0,https://twitchtracker.com/games/498523
649,1975302275,Shawarma Legend,317.0,2.0,28100.0,https://twitchtracker.com/games/1975302275
650,10710,Counter-Strike 1.6,146.0,12.0,24400.0,https://twitchtracker.com/games/10710
651,491572,Stellaris,151.0,10.0,25000.0,https://twitchtracker.com/games/491572
652,1468190144,Aion,143.0,13.0,23900.0,https://twitchtracker.com/games/1468190144
653,18786,Ninja Gaiden II,196.0,4.0,27200.0,https://twitchtracker.com/games/18786
654,975920470,BUCKSHOT ROULETTE,145.0,12.0,24200.0,https://twitchtracker.com/games/975920470
655,654160306,Lost Castle 2,195.0,2.0,27700.0,https://twitchtracker.com/games/654160306
656,4667,Bully: Scholarship Edition,152.0,9.0,25200.0,https://twitchtracker.com/games/4667
657,1063665418,Out of the Park Baseball 25,182.0,2.0,27400.0,https://twitchtracker.com/games/1063665418
658,512782,Need for Speed: Heat,81.0,43.0,13500.0,https://twitchtracker.com/games/512782
659,518764,Kukoro: Stream Chat Games,149.0,9.0,24800.0,https://twitchtracker.com/games/518764
660,1010237123,Super Sorry,330.0,2.0,27500.0,https://twitchtracker.com/games/1010237123
661,508662,Identity V,135.0,16.0,22400.0,https://twitchtracker.com/games/508662
662,432578399,Dreamless,620.0,1.0,27700.0,https://twitchtracker.com/games/432578399
663,460637,Dead Island 2,90.0,38.0,15000.0,https://twitchtracker.com/games/460637
664,1176313681,Pilgrim,246.0,2.0,27000.0,https://twitchtracker.com/games/1176313681
665,1290989747,The Legend of Zelda: Echoes of Wisdom,132.0,16.0,22100.0,https://twitchtracker.com/games/1290989747
666,1579743743,ALL WILL FALL,162.0,5.0,25500.0,https://twitchtracker.com/games/1579743743
667,497451,Pokémon Sword/Shield,130.0,16.0,21700.0,https://twitchtracker.com/games/497451
668,511212,Subnautica: Below Zero,130.0,16.0,21600.0,https://twitchtracker.com/games/511212
669,10384,God of War II,154.0,5.0,25300.0,https://twitchtracker.com/games/10384
670,842266336,Saleblazers,153.0,5.0,25300.0,https://twitchtracker.com/games/842266336
671,511743,Sniper Elite 5,133.0,14.0,22200.0,https://twitchtracker.com/games/511743
672,512070,Jump King,149.0,6.0,24900.0,https://twitchtracker.com/games/512070
673,516789,Sea of Stars,156.0,5.0,25200.0,https://twitchtracker.com/games/516789
674,1735523241,Resident Evil 4,116.0,22.0,19400.0,https://twitchtracker.com/games/1735523241
675,467024621,Ōkami HD,131.0,14.0,21900.0,https://twitchtracker.com/games/467024621
676,509529,Super Animal Royale,139.0,10.0,23200.0,https://twitchtracker.com/games/509529
677,19589,L.A. Noire,168.0,4.0,25300.0,https://twitchtracker.com/games/19589
678,1997107609,Mad Games Tycoon 2,375.0,1.0,26100.0,https://twitchtracker.com/games/1997107609
679,1581126534,DREDGE,129.0,14.0,21600.0,https://twitchtracker.com/games/1581126534
680,460620,Rise of the Tomb Raider,131.0,13.0,21800.0,https://twitchtracker.com/games/460620
681,880825863,Pacific Drive,141.0,8.0,23400.0,https://twitchtracker.com/games/880825863
682,1995842324,Remnant II,106.0,25.0,17700.0,https://twitchtracker.com/games/1995842324
683,512034,Stellar Blade,108.0,24.0,18100.0,https://twitchtracker.com/games/512034
684,302698348,Bunker Invaders,2500.0,1.0,26000.0,https://twitchtracker.com/games/302698348
685,1538476028,Road 96,121.0,17.0,20200.0,https://twitchtracker.com/games/1538476028
686,862505933,Who Wants to Be a Millionaire,1400.0,1.0,25800.0,https://twitchtracker.com/games/862505933
687,1147745783,Inscryption,126.0,14.0,21100.0,https://twitchtracker.com/games/1147745783
688,1535225577,The Last of Us Part II: Remastered,136.0,9.0,22700.0,https://twitchtracker.com/games/1535225577
689,18526,The Elder Scrolls IV: Oblivion,129.0,12.0,21500.0,https://twitchtracker.com/games/18526
690,515381,Necesse,123.0,16.0,20200.0,https://twitchtracker.com/games/515381
691,511229,Pogostuck: Rage With Your Friends,144.0,5.0,23700.0,https://twitchtracker.com/games/511229
692,8489,Chrono Trigger,140.0,6.0,23400.0,https://twitchtracker.com/games/8489
693,1102857083,Doomsday: Last Survivors,837.0,1.0,25200.0,https://twitchtracker.com/games/1102857083
694,1074401885,Fears to Fathom: Woodbury Getaway,165.0,3.0,24400.0,https://twitchtracker.com/games/1074401885
695,1156954371,Unpossess,161.0,5.0,23800.0,https://twitchtracker.com/games/1156954371
696,1106398281,Drop Duchy,988.0,1.0,25000.0,https://twitchtracker.com/games/1106398281
697,34176,Family Guy: Uncensored,182.0,2.0,24600.0,https://twitchtracker.com/games/34176
698,512709,Call of Duty: Black Ops Cold War,72.0,39.0,12000.0,https://twitchtracker.com/games/512709
699,13050,Castlevania: Symphony of the Night,160.0,4.0,23700.0,https://twitchtracker.com/games/13050
700,493048,Fate/Grand Order,132.0,9.0,22000.0,https://twitchtracker.com/games/493048
701,32542,Persona 4 Golden,121.0,14.0,20100.0,https://twitchtracker.com/games/32542
702,491115,Paladins,115.0,17.0,19100.0,https://twitchtracker.com/games/491115
703,32507,SMITE,96.0,26.0,16100.000000000002,https://twitchtracker.com/games/32507
704,492113,Crossout,120.0,14.0,20100.0,https://twitchtracker.com/games/492113
705,497410,Metro Exodus,116.0,16.0,19400.0,https://twitchtracker.com/games/497410
706,468880140,PGA TOUR 2K23,108.0,20.0,18000.0,https://twitchtracker.com/games/468880140
707,1156876593,Clank!,4900.0,2.0,24700.0,https://twitchtracker.com/games/1156876593
708,957103328,Grand Theft Auto: Vice City - The Definitive Edition,136.0,7.0,22300.0,https://twitchtracker.com/games/957103328
709,9954,EverQuest,127.0,10.0,21300.0,https://twitchtracker.com/games/9954
710,18775,Mafia II,159.0,3.0,23700.0,https://twitchtracker.com/games/18775
711,1411398523,Vampire: The Masquerade - Bloodhunt,124.0,11.0,20700.0,https://twitchtracker.com/games/1411398523
712,459676,Batman: Arkham Knight,91.0,27.0,15200.0,https://twitchtracker.com/games/459676
713,107194810,Phoenix Wright: Ace Attorney Trilogy,128.0,8.0,21300.0,https://twitchtracker.com/games/107194810
714,510590,Hades,107.0,18.0,17900.0,https://twitchtracker.com/games/510590
715,467401856,The Motel,1700.0,1.0,23800.0,https://twitchtracker.com/games/467401856
716,1280007947,Limbus Company,122.0,11.0,20100.0,https://twitchtracker.com/games/1280007947
717,61451904,Liminalcore,597.0,1.0,23700.0,https://twitchtracker.com/games/61451904
718,313331,DCS World,121.0,11.0,20100.0,https://twitchtracker.com/games/313331
719,23894,Call of Duty: Black Ops,102.0,20.0,17100.0,https://twitchtracker.com/games/23894
720,440494608,THE MUTE HOUSE,594.0,4.0,23300.0,https://twitchtracker.com/games/440494608
721,780037970,Star Wars Outlaws,107.0,17.0,17800.0,https://twitchtracker.com/games/780037970
722,1767132907,Suicide Squad: Kill the Justice League,61.0,40.0,10200.0,https://twitchtracker.com/games/1767132907
723,19714,Entropia Universe,127.0,7.0,21200.0,https://twitchtracker.com/games/19714
724,19180,FINAL FANTASY XV,117.0,12.0,19500.0,https://twitchtracker.com/games/19180
725,177569847,Trombone Champ,223.0,1.0,23300.0,https://twitchtracker.com/games/177569847
726,27602,Pokémon Black/White,128.0,6.0,21400.0,https://twitchtracker.com/games/27602
727,636432195,This Bed We Made,328.0,2.0,22900.0,https://twitchtracker.com/games/636432195
728,1580396182,EA Sports WRC,100.0,19.0,16700.0,https://twitchtracker.com/games/1580396182
729,1678052513,Call of Duty: Modern Warfare II,102.0,18.0,17000.0,https://twitchtracker.com/games/1678052513
730,491180,Twitch Plays,108.0,15.0,18100.0,https://twitchtracker.com/games/491180
731,1414211237,House Flipper 2,125.0,9.0,20000.0,https://twitchtracker.com/games/1414211237
732,673760473,Crab Game,147.0,5.0,21400.0,https://twitchtracker.com/games/673760473
733,3951,RF Online,121.0,8.0,20200.0,https://twitchtracker.com/games/3951
734,214624087,Brain Show,725.0,2.0,22700.0,https://twitchtracker.com/games/214624087
735,510588,Journey to the Savage Planet,173.0,3.0,22100.0,https://twitchtracker.com/games/510588
736,511195,DRAGON BALL Z: KAKAROT,110.0,13.0,18400.0,https://twitchtracker.com/games/511195
737,2106425216,Gray Zone Warfare,104.0,16.0,17300.0,https://twitchtracker.com/games/2106425216
738,65950,Beyond: Two Souls,122.0,7.0,20300.0,https://twitchtracker.com/games/65950
739,733103714,Hero's Land,131.0,3.0,21600.0,https://twitchtracker.com/games/733103714
740,492361,My Candy Love,252.0,5.0,21700.0,https://twitchtracker.com/games/492361
741,95998382,Blue Archive,118.0,9.0,19500.0,https://twitchtracker.com/games/95998382
742,413569,The Lord of the Rings Online,113.0,11.0,18800.0,https://twitchtracker.com/games/413569
743,516944,Corepunk,128.0,4.0,21100.0,https://twitchtracker.com/games/516944
744,513553,Sky: Children of the Light,103.0,16.0,17200.0,https://twitchtracker.com/games/513553
745,494131,Little Nightmares,111.0,12.0,18500.0,https://twitchtracker.com/games/494131
746,950189725,MultiVersus,98.0,18.0,16300.0,https://twitchtracker.com/games/950189725
747,1418594934,Placid Plastic Duck Simulator,114.0,10.0,19000.0,https://twitchtracker.com/games/1418594934
748,1960341762,Coral Island,110.0,12.0,18400.0,https://twitchtracker.com/games/1960341762
749,1667555869,Castlevania: Symphony of the Night,1700.0,1.0,22300.0,https://twitchtracker.com/games/1667555869
750,1549167076,S.T.A.L.K.E.R.: Anomaly,113.0,10.0,18900.0,https://twitchtracker.com/games/1549167076
751,506438,Starfield,79.0,27.0,13300.0,https://twitchtracker.com/games/506438
752,2044618072,Zoochosis,220.0,2.0,21800.0,https://twitchtracker.com/games/2044618072
753,766548668,V Rising,96.0,18.0,16000.0,https://twitchtracker.com/games/766548668
754,598247080,Stardeus,267.0,1.0,21800.0,https://twitchtracker.com/games/598247080
755,417749,Tabletop Simulator,126.0,7.0,19900.0,https://twitchtracker.com/games/417749
756,6086,Super Mario Sunshine,122.0,6.0,19900.0,https://twitchtracker.com/games/6086
757,6263,Sonic Adventure 2: Battle,113.0,9.0,18900.0,https://twitchtracker.com/games/6263
758,118198,Assassin's Creed IV Black Flag,99.0,16.0,16500.0,https://twitchtracker.com/games/118198
759,516984,Radio General,89.0,21.0,14900.0,https://twitchtracker.com/games/516984
760,1292354152,Poppy Playtime: Chapter 2 - Fly in a Web,121.0,6.0,19900.0,https://twitchtracker.com/games/1292354152
761,446808397,Carry The Glass,157.0,3.0,21100.0,https://twitchtracker.com/games/446808397
762,533344586,Solo Leveling: Arise,102.0,14.0,17100.0,https://twitchtracker.com/games/533344586
763,498000,House Flipper,106.0,12.0,17700.0,https://twitchtracker.com/games/498000
764,516921,Automobilista 2,134.0,6.0,19900.0,https://twitchtracker.com/games/516921
765,235198385,Nunholy,120.0,5.0,20000.0,https://twitchtracker.com/games/235198385
766,1519193002,Slice & Dice,427.0,1.0,21500.0,https://twitchtracker.com/games/1519193002
767,1767350976,ANIMAL WELL,134.0,4.0,20400.0,https://twitchtracker.com/games/1767350976
768,1311010677,Planet Crafter,99.0,15.0,16500.0,https://twitchtracker.com/games/1311010677
769,20941,Wizard101,99.0,15.0,16500.0,https://twitchtracker.com/games/20941
770,494162,NieR: Automata,105.0,12.0,17500.0,https://twitchtracker.com/games/494162
771,513589,Path of Titans,75.0,27.0,12500.0,https://twitchtracker.com/games/513589
772,138847148,Casino World,744.0,1.0,21500.0,https://twitchtracker.com/games/138847148
773,11282,FINAL FANTASY VIII,127.0,5.0,19900.0,https://twitchtracker.com/games/11282
774,499550,Poker Tournament,180.0,3.0,20600.0,https://twitchtracker.com/games/499550
775,91423,Dark Souls II,114.0,7.0,19000.0,https://twitchtracker.com/games/91423
776,509862,We Were Here Together,128.0,6.0,19500.0,https://twitchtracker.com/games/509862
777,483277575,PokéRogue,117.0,7.0,19000.0,https://twitchtracker.com/games/483277575
778,10033,Banjo-Kazooie,123.0,5.0,19700.0,https://twitchtracker.com/games/10033
779,513753,THE KING OF FIGHTERS XV,111.0,8.0,18600.0,https://twitchtracker.com/games/513753
780,2132752782,Aion Classic,134.0,6.0,19300.0,https://twitchtracker.com/games/2132752782
781,1109059789,RetroMMO,98.0,14.0,16400.0,https://twitchtracker.com/games/1109059789
782,1505767674,Mario & Luigi: Brothership,94.0,16.0,15700.0,https://twitchtracker.com/games/1505767674
783,461410,Hellblade: Senua's Sacrifice,120.0,5.0,19400.0,https://twitchtracker.com/games/461410
784,509959,Nun Massacre,390.0,1.0,20900.0,https://twitchtracker.com/games/509959
785,21222,Max Payne 3,133.0,3.0,20100.0,https://twitchtracker.com/games/21222
786,6410,Hitman 2: Silent Assassin,152.0,2.0,20300.0,https://twitchtracker.com/games/6410
787,1229495794,Nine-Ball Roulette,457.0,2.0,20700.0,https://twitchtracker.com/games/1229495794
788,1299090006,Baptisterio,1400.0,1.0,20900.0,https://twitchtracker.com/games/1299090006
789,5360,Resident Evil,109.0,8.0,18300.0,https://twitchtracker.com/games/5360
790,7830,Age of Empires III,110.0,7.0,18300.0,https://twitchtracker.com/games/7830
791,490702,Yakuza Kiwami,110.0,7.0,18400.0,https://twitchtracker.com/games/490702
792,506462,Control,100.0,12.0,16800.0,https://twitchtracker.com/games/506462
793,1471416868,UFL,98.0,13.0,16400.0,https://twitchtracker.com/games/1471416868
794,517282,Mortal Online 2,114.0,5.0,19000.0,https://twitchtracker.com/games/517282
795,493887283,Casino,127.0,2.0,20100.0,https://twitchtracker.com/games/493887283
796,14543,Pokémon Crystal Version,109.0,7.0,18200.0,https://twitchtracker.com/games/14543
797,18808,Resident Evil 5,93.0,15.0,15500.0,https://twitchtracker.com/games/18808
798,495122,State of Decay 2,75.0,24.0,12500.0,https://twitchtracker.com/games/495122
799,418063,Five Nights at Freddy's,98.0,12.0,16300.0,https://twitchtracker.com/games/418063
800,1274672891,Spirit City: Lofi Sessions,104.0,9.0,17400.0,https://twitchtracker.com/games/1274672891
801,502682,Simple 2000 Series Vol. 92: The Noroi no Game,822.0,1.0,20300.0,https://twitchtracker.com/games/502682
802,21812,Demon's Souls,95.0,13.0,15900.0,https://twitchtracker.com/games/21812
803,2124007713,PICO PARK 2,124.0,6.0,18400.0,https://twitchtracker.com/games/2124007713
804,1238739089,Town of Salem 2,183.0,2.0,19600.0,https://twitchtracker.com/games/1238739089
805,686119195,Armored Core VI: Fires of Rubicon,94.0,13.0,15700.0,https://twitchtracker.com/games/686119195
806,369579,Tom Clancy's The Division,80.0,20.0,13400.0,https://twitchtracker.com/games/369579
807,496960,Assassin's Creed Origins,74.0,23.0,12300.0,https://twitchtracker.com/games/496960
808,491327,The Legend of Zelda: Twilight Princess HD,124.0,4.0,18700.0,https://twitchtracker.com/games/491327
809,33437,Resident Evil 6,83.0,18.0,13900.0,https://twitchtracker.com/games/33437
810,932336633,Undead Realm: Ego,360.0,1.0,19800.0,https://twitchtracker.com/games/932336633
811,506458,Overcooked! 2,90.0,14.0,15100.0,https://twitchtracker.com/games/506458
812,1703278625,Dollmare,116.0,4.0,18500.0,https://twitchtracker.com/games/1703278625
813,510530,Star Trek Fleet Command,108.0,5.0,18000.0,https://twitchtracker.com/games/510530
814,506430,Trials Rising,138.0,2.0,19000.0,https://twitchtracker.com/games/506430
815,504508,Disco Elysium,95.0,11.0,15900.0,https://twitchtracker.com/games/504508
816,506078,Green Hell,85.0,16.0,14200.0,https://twitchtracker.com/games/506078
817,863451903,Phantasy Star Online 2 New Genesis,85.0,16.0,14200.0,https://twitchtracker.com/games/863451903
818,20810,Assassin's Creed II,108.0,5.0,17800.0,https://twitchtracker.com/games/20810
819,23239,Plants vs. Zombies,103.0,7.0,17200.0,https://twitchtracker.com/games/23239
820,518006,Stray,88.0,14.0,14800.0,https://twitchtracker.com/games/518006
821,207,Yu-Gi-Oh! Forbidden Memories,106.0,5.0,17700.0,https://twitchtracker.com/games/207
822,18446,Snooker,149.0,2.0,18900.0,https://twitchtracker.com/games/18446
823,417892,Z1: Battle Royale,108.0,5.0,17700.0,https://twitchtracker.com/games/417892
824,1366210635,Ranch Simulator,125.0,3.0,18400.0,https://twitchtracker.com/games/1366210635
825,242996276,Backrooms Society,151.0,4.0,18300.0,https://twitchtracker.com/games/242996276
826,2018903128,Fear & Hunger 2: Termina,106.0,5.0,17500.0,https://twitchtracker.com/games/2018903128
827,1500238812,King of the Castle,118.0,2.0,18600.0,https://twitchtracker.com/games/1500238812
828,509968,Rocket Boots Mania,856.0,1.0,19100.0,https://twitchtracker.com/games/509968
829,33331,XCOM: Enemy Unknown,108.0,4.0,17800.0,https://twitchtracker.com/games/33331
830,485100017,Tiny Glade,110.0,4.0,17900.0,https://twitchtracker.com/games/485100017
831,502825,We Were Here Too,112.0,2.0,18300.0,https://twitchtracker.com/games/502825
832,512534,Tom Clancy's Ghost Recon: Breakpoint,58.0,28.0,9700.0,https://twitchtracker.com/games/512534
833,499551,World of Tanks Console,96.0,9.0,16100.000000000002,https://twitchtracker.com/games/499551
834,1192605928,Speed,184.0,1.0,18800.0,https://twitchtracker.com/games/1192605928
835,18181,FINAL FANTASY TACTICS,110.0,2.0,18300.0,https://twitchtracker.com/games/18181
836,19745,Pokémon Platinum Version,93.0,10.0,15600.0,https://twitchtracker.com/games/19745
837,497437,The Evil Within 2,96.0,9.0,15600.0,https://twitchtracker.com/games/497437
838,5416,Futurama,113.0,2.0,17900.0,https://twitchtracker.com/games/5416
839,490374,Horizon Zero Dawn,91.0,10.0,15200.0,https://twitchtracker.com/games/490374
840,655697363,Abiotic Factor,91.0,10.0,15200.0,https://twitchtracker.com/games/655697363
841,505371,Marvel's Spider-Man,75.0,17.0,12500.0,https://twitchtracker.com/games/505371
842,511554,Arknights,87.0,11.0,14500.0,https://twitchtracker.com/games/511554
843,5804,Silent Hill 4: The Room,127.0,2.0,17600.0,https://twitchtracker.com/games/5804
844,1034527557,Nightmare of Decay,809.0,1.0,18100.0,https://twitchtracker.com/games/1034527557
845,35442864,Last Train Outta' Wormtown,264.0,2.0,17800.0,https://twitchtracker.com/games/35442864
846,489594,Agar.io,118.0,1.0,17700.0,https://twitchtracker.com/games/489594
847,83418,Tarot,94.0,7.0,15800.0,https://twitchtracker.com/games/83418
848,461492,Keep Talking and Nobody Explodes,96.0,6.0,16100.000000000002,https://twitchtracker.com/games/461492
849,512971,Chivalry 2,72.0,18.0,11900.0,https://twitchtracker.com/games/512971
850,2015434764,LEGO Fortnite: Odyssey,82.0,13.0,13800.0,https://twitchtracker.com/games/2015434764
851,695642082,CAPTURED,229.0,1.0,17700.0,https://twitchtracker.com/games/695642082
852,494082,Visage,94.0,7.0,15500.0,https://twitchtracker.com/games/494082
853,1747174592,Rounds,123.0,3.0,16900.0,https://twitchtracker.com/games/1747174592
854,33882,FTL: Faster Than Light,98.0,4.0,16300.0,https://twitchtracker.com/games/33882
855,508292,Bloons TD 6,77.0,14.0,12900.0,https://twitchtracker.com/games/508292
856,518692,Far Cry 6,49.0,28.0,8200.0,https://twitchtracker.com/games/518692
857,955833519,Brighter Shores,89.0,8.0,14800.0,https://twitchtracker.com/games/955833519
858,547501449,Frostpunk 2,114.0,3.0,16600.0,https://twitchtracker.com/games/547501449
859,29918,Warface,77.0,14.0,12800.0,https://twitchtracker.com/games/29918
860,500405,MX Bikes,92.0,8.0,14800.0,https://twitchtracker.com/games/500405
861,2504,Star Wars: Episode I - Jedi Power Battles,162.0,3.0,16800.0,https://twitchtracker.com/games/2504
862,1584758405,Xenoblade Chronicles 3,107.0,3.0,16400.0,https://twitchtracker.com/games/1584758405
863,1001481454,Only Up: Lizards Must Fall,167.0,2.0,17000.0,https://twitchtracker.com/games/1001481454
864,1617903053,Like a Dragon Gaiden: The Man Who Erased His Name,68.0,18.0,11400.0,https://twitchtracker.com/games/1617903053
865,512341,Planet Zoo,86.0,9.0,14300.0,https://twitchtracker.com/games/512341
866,1768423951,Victoria 3,114.0,3.0,16500.0,https://twitchtracker.com/games/1768423951
867,34134,Call of Duty: Black Ops II,73.0,15.0,12200.0,https://twitchtracker.com/games/34134
868,497078,Far Cry 5,53.0,25.0,8800.0,https://twitchtracker.com/games/497078
869,1829367372,The Legend of Zelda: Skyward Sword HD,91.0,6.0,15200.0,https://twitchtracker.com/games/1829367372
870,33734,Pokémon Black/White Version 2,94.0,5.0,15400.0,https://twitchtracker.com/games/33734
871,509249,The Dark Pictures Anthology: Man of Medan,93.0,6.0,15200.0,https://twitchtracker.com/games/509249
872,458881234,Embervale.TV,90.0,6.0,15000.0,https://twitchtracker.com/games/458881234
873,1029754927,Stay Out of the House,268.0,1.0,16900.0,https://twitchtracker.com/games/1029754927
874,1639504976,Squirrel with a Gun,105.0,3.0,16100.000000000002,https://twitchtracker.com/games/1639504976
875,510117,Outlast II,74.0,14.0,12300.0,https://twitchtracker.com/games/510117
876,519528,Ravenfall,69.0,16.0,11500.0,https://twitchtracker.com/games/519528
877,450732811,Night Crows,83.0,9.0,13800.0,https://twitchtracker.com/games/450732811
878,989907596,OHV,362.0,1.0,16800.0,https://twitchtracker.com/games/989907596
879,86442345,Archero 2,262.0,1.0,16700.0,https://twitchtracker.com/games/86442345
880,1295777437,Airport X-Ray Simulator,332.0,1.0,16700.0,https://twitchtracker.com/games/1295777437
881,976324957,Fears to Fathom: Carson House,146.0,2.0,16300.0,https://twitchtracker.com/games/976324957
882,2099118364,Fears to Fathom: Norwood Hitchhike,169.0,2.0,16300.0,https://twitchtracker.com/games/2099118364
883,5288,Ultima Online,80.0,10.0,13400.0,https://twitchtracker.com/games/5288
884,17500,Monster Rancher 2,129.0,1.0,16400.0,https://twitchtracker.com/games/17500
885,509998,Rat Hunter,123.0,5.0,15400.0,https://twitchtracker.com/games/509998
886,1570280660,Zeepkist,231.0,2.0,16400.0,https://twitchtracker.com/games/1570280660
887,514207,The Dark Pictures Anthology: Little Hope,88.0,7.0,14300.0,https://twitchtracker.com/games/514207
888,422208436,Shiren the Wanderer: The Mystery Dungeon of Serpentcoil Island,94.0,6.0,14700.0,https://twitchtracker.com/games/422208436
889,2146039317,Farlight 84,75.0,12.0,12500.0,https://twitchtracker.com/games/2146039317
890,513949,Little Nightmares II,77.0,11.0,12900.0,https://twitchtracker.com/games/513949
891,8793,Metal Gear Solid: The Twin Snakes,265.0,2.0,16200.0,https://twitchtracker.com/games/8793
892,31836,Metro: Last Light,129.0,2.0,16000.0,https://twitchtracker.com/games/31836
893,460327,Pokémon Omega Ruby/Alpha Sapphire,87.0,6.0,14600.0,https://twitchtracker.com/games/460327
894,489729,Caves of Qud,98.0,3.0,15500.0,https://twitchtracker.com/games/489729
895,346078625,Blood on the Clocktower,159.0,3.0,15800.0,https://twitchtracker.com/games/346078625
896,527382238,Go Home Annie,135.0,2.0,15900.0,https://twitchtracker.com/games/527382238
897,3130,Mario Party 5,355.0,1.0,16100.000000000002,https://twitchtracker.com/games/3130
898,491117,Fishing Planet,67.0,15.0,11100.0,https://twitchtracker.com/games/491117
899,288839742,The Stanley Parable: Ultra Deluxe,63.0,17.0,10600.0,https://twitchtracker.com/games/288839742
900,633454324,Rush Royale,85.0,6.0,14200.0,https://twitchtracker.com/games/633454324
901,1174970507,Pairs & Perils,316.0,1.0,16100.000000000002,https://twitchtracker.com/games/1174970507
902,491467,Guilty Gear XX Accent Core Plus R,95.0,2.0,15400.0,https://twitchtracker.com/games/491467
903,505257,Enlisted,58.0,19.0,9600.0,https://twitchtracker.com/games/505257
904,376617167,PAL,32.0,32.0,5400.0,https://twitchtracker.com/games/376617167
905,1757,Heroes of Might and Magic V,109.0,4.0,15000.0,https://twitchtracker.com/games/1757
906,5126,Resident Evil 3: Nemesis,92.0,5.0,14500.0,https://twitchtracker.com/games/5126
907,13732,Table Tennis,88.0,6.0,14100.0,https://twitchtracker.com/games/13732
908,460695,Mass Effect: Andromeda,82.0,7.0,13600.0,https://twitchtracker.com/games/460695
909,1521014956,Metroid Planets,772.0,2.0,15800.0,https://twitchtracker.com/games/1521014956
910,1431587018,The Roottrees Are Dead,108.0,3.0,15000.0,https://twitchtracker.com/games/1431587018
911,18780559,Monopoly Go!,96.0,3.0,14900.0,https://twitchtracker.com/games/18780559
912,1438678100,Madden NFL 24,37.0,29.0,6200.0,https://twitchtracker.com/games/1438678100
913,506468,Nioh 2,75.0,10.0,12500.0,https://twitchtracker.com/games/506468
914,518007,Marvel's Spider-Man: Miles Morales,57.0,19.0,9500.0,https://twitchtracker.com/games/518007
915,1787091957,UNDER NIGHT IN-BIRTH II Sys:Celes,100.0,3.0,14900.0,https://twitchtracker.com/games/1787091957
916,519433,Blood Bowl III,88.0,4.0,14400.0,https://twitchtracker.com/games/519433
917,512226,World of Warships: Legends,62.0,17.0,10200.0,https://twitchtracker.com/games/512226
918,517447,TETR.IO,86.0,5.0,14200.0,https://twitchtracker.com/games/517447
919,495764,Golf It!,124.0,3.0,15000.0,https://twitchtracker.com/games/495764
920,68000,The Evil Within,70.0,12.0,11600.0,https://twitchtracker.com/games/68000
921,490379,Tom Clancy's Ghost Recon: Wildlands,46.0,24.0,7700.0,https://twitchtracker.com/games/490379
922,623879571,NBA 2K24,34.0,30.0,5700.0,https://twitchtracker.com/games/623879571
923,642114582,Anime City,90.0,2.0,15000.0,https://twitchtracker.com/games/642114582
924,18958,Dragon Age: Origins,74.0,10.0,12300.0,https://twitchtracker.com/games/18958
925,1044890345,Pokémon Infinite Fusion,74.0,10.0,12200.0,https://twitchtracker.com/games/1044890345
926,496253,Quake Champions,86.0,5.0,14000.0,https://twitchtracker.com/games/496253
927,493091,FIFA 17,92.0,2.0,14900.0,https://twitchtracker.com/games/493091
928,497659,Derail Valley,128.0,2.0,15100.0,https://twitchtracker.com/games/497659
929,33482702,Spinshot Party,31200.0,2.0,15600.0,https://twitchtracker.com/games/33482702
930,1131512463,Mystic Rest Stop,464.0,1.0,15500.0,https://twitchtracker.com/games/1131512463
931,494364,Death Stranding,69.0,12.0,11500.0,https://twitchtracker.com/games/494364
932,14766,Super Mario Galaxy,85.0,6.0,13600.0,https://twitchtracker.com/games/14766
933,7100,Gothic 3,127.0,4.0,14500.0,https://twitchtracker.com/games/7100
934,491177,Slime Rancher,74.0,10.0,12100.0,https://twitchtracker.com/games/491177
935,782322359,Forza Motorsport,68.0,12.0,11400.0,https://twitchtracker.com/games/782322359
936,2128929587,Radio Station,54.0,19.0,9000.0,https://twitchtracker.com/games/2128929587
937,780943616,Motor Town: Behind the Wheel,83.0,6.0,13400.0,https://twitchtracker.com/games/780943616
938,2028408685,Escape Simulator,82.0,6.0,13300.0,https://twitchtracker.com/games/2028408685
939,16782,Xenogears,85.0,3.0,14200.0,https://twitchtracker.com/games/16782
940,1775804061,Sonic X Shadow Generations,65.0,13.0,10800.0,https://twitchtracker.com/games/1775804061
941,102379163,Umineko When They Cry: Question Arcs,260.0,1.0,15100.0,https://twitchtracker.com/games/102379163
942,133897,"Papers, Please",98.0,3.0,14200.0,https://twitchtracker.com/games/133897
943,506489,Vigor,60.0,15.0,10000.0,https://twitchtracker.com/games/506489
944,511746,Back 4 Blood,60.0,15.0,10100.0,https://twitchtracker.com/games/511746
945,1833694612,Vampire Survivors,64.0,13.0,10700.0,https://twitchtracker.com/games/1833694612
946,497412,Ori and the Will of the Wisps,78.0,6.0,13000.0,https://twitchtracker.com/games/497412
947,621254945,Dyson Sphere Program,83.0,4.0,13600.0,https://twitchtracker.com/games/621254945
948,511780,Workers & Resources: Soviet Republic,86.0,4.0,13600.0,https://twitchtracker.com/games/511780
949,493280,Rec Room,55.0,17.0,9300.0,https://twitchtracker.com/games/493280
950,928412879,Need for Speed: Unbound,57.0,16.0,9500.0,https://twitchtracker.com/games/928412879
951,15387281,Snowbreak: Containment Zone,71.0,9.0,11800.0,https://twitchtracker.com/games/15387281
952,565407844,Diplomacy is Not an Option,103.0,2.0,14300.0,https://twitchtracker.com/games/565407844
953,18231,Paper Mario,98.0,4.0,13600.0,https://twitchtracker.com/games/18231
954,489201,Titanfall 2,56.0,16.0,9300.0,https://twitchtracker.com/games/489201
955,498668,Warhammer: Vermintide 2,66.0,11.0,10900.0,https://twitchtracker.com/games/498668
956,317912951,Dragon Ball,82.0,3.0,13700.0,https://twitchtracker.com/games/317912951
957,1804231074,MapleStory Worlds,76.0,6.0,12700.0,https://twitchtracker.com/games/1804231074
958,18703,God of War III,111.0,2.0,14200.0,https://twitchtracker.com/games/18703
959,2138496020,Turok,452.0,1.0,14500.0,https://twitchtracker.com/games/2138496020
960,1885901697,Spyro the Dragon,76.0,6.0,12600.0,https://twitchtracker.com/games/1885901697
961,2070085717,Store Wars: Multiplayer Shop Simulator,843.0,3.0,14500.0,https://twitchtracker.com/games/2070085717
962,33175,South Park: The Stick of Truth,69.0,9.0,11600.0,https://twitchtracker.com/games/33175
963,489297,Lords of the Fallen,63.0,12.0,10600.0,https://twitchtracker.com/games/489297
964,500627,GTFO,68.0,10.0,11200.0,https://twitchtracker.com/games/500627
965,1833197007,Tower of Fantasy,77.0,5.0,12800.0,https://twitchtracker.com/games/1833197007
966,633272614,Split Brain,280.0,2.0,14300.0,https://twitchtracker.com/games/633272614
967,25751086,ASKA,79.0,5.0,12800.0,https://twitchtracker.com/games/25751086
968,29099,BioShock Infinite,77.0,6.0,12400.0,https://twitchtracker.com/games/29099
969,2634,Banjo-Tooie,99.0,3.0,13600.0,https://twitchtracker.com/games/2634
970,140035,World of Tanks: Blitz,54.0,16.0,9100.0,https://twitchtracker.com/games/140035
971,21842902,Banishers: Ghosts of New Eden,70.0,8.0,11700.0,https://twitchtracker.com/games/21842902
972,103828,Pokémon X/Y,88.0,5.0,12900.0,https://twitchtracker.com/games/103828
973,5492,Diablo,85.0,4.0,13000.0,https://twitchtracker.com/games/5492
974,503446,Star Wars Jedi: Fallen Order,49.0,18.0,8100.0,https://twitchtracker.com/games/503446
975,506412,Devil May Cry 5,67.0,9.0,11200.0,https://twitchtracker.com/games/506412
976,369585,Kingdom Hearts III,65.0,10.0,10800.0,https://twitchtracker.com/games/369585
977,654543582,The Dark Pictures Anthology: The Devil in Me,67.0,9.0,11200.0,https://twitchtracker.com/games/654543582
978,1198379037,Cuisineer,142.0,3.0,13500.0,https://twitchtracker.com/games/1198379037
979,30367,EarthBound,87.0,3.0,13100.0,https://twitchtracker.com/games/30367
980,1732431919,Sonic Frontiers,60.0,12.0,10000.0,https://twitchtracker.com/games/1732431919
981,1935520090,IdleOn,76.0,4.0,12700.0,https://twitchtracker.com/games/1935520090
982,31761,Dragon Age: Inquisition,62.0,11.0,10400.0,https://twitchtracker.com/games/31761
983,497432,TUNIC,68.0,8.0,11300.0,https://twitchtracker.com/games/497432
984,368205,The Legend of Zelda: The Wind Waker HD,80.0,4.0,12700.0,https://twitchtracker.com/games/368205
985,497248,Yu-Gi-Oh! TRADING CARD GAME,87.0,4.0,12800.0,https://twitchtracker.com/games/497248
986,512746,War by Grow Games,785.0,1.0,13900.0,https://twitchtracker.com/games/512746
987,10209,LEGO Star Wars: The Complete Saga,95.0,2.0,13400.0,https://twitchtracker.com/games/10209
988,492546,Star Wars Battlefront II,51.0,16.0,8500.0,https://twitchtracker.com/games/492546
989,2058566581,Mafia II: Definitive Edition,55.0,14.0,9300.0,https://twitchtracker.com/games/2058566581
990,963008843,Loddlenaut,229.0,1.0,13700.0,https://twitchtracker.com/games/963008843
991,1432406535,DOOM,69.0,7.0,11500.0,https://twitchtracker.com/games/1432406535
992,620146360,Another Crab's Treasure,67.0,8.0,11100.0,https://twitchtracker.com/games/620146360
993,17794,Shadow the Hedgehog,109.0,3.0,13100.0,https://twitchtracker.com/games/17794
994,787116983,Kanji de GO!,125.0,3.0,13000.0,https://twitchtracker.com/games/787116983
995,357223907,Kebab Chefs!: Restaurant Simulator,122.0,3.0,13000.0,https://twitchtracker.com/games/357223907
996,595729278,Metal Gear Solid Master Collection: Volume 1,93.0,2.0,13000.0,https://twitchtracker.com/games/595729278
997,1803004109,Yield! Fall of Rome,650.0,1.0,13500.0,https://twitchtracker.com/games/1803004109
998,497439,Wolfenstein II: The New Colossus,70.0,6.0,11700.0,https://twitchtracker.com/games/497439
999,561028012,Call of Dragons,78.0,3.0,12600.0,https://twitchtracker.com/games/561028012
