,ID,Nombre,Hours_Watched,7-Day Change,Twitch Share,Enlace
0,509658,Just Chatting,65099999.99999999,-4.2,15.619,https://twitchtracker.com/games/509658
1,21779,League of Legends,28400000.0,4.3,6.802,https://twitchtracker.com/games/21779
2,32982,Grand Theft Auto V,24300000.0,7.4,5.833,https://twitchtracker.com/games/32982
3,32399,Counter-Strike,17100000.0,11.3,4.104,https://twitchtracker.com/games/32399
4,516575,VALORANT,16399999.999999998,-14.3,3.942,https://twitchtracker.com/games/516575
5,1264310518,Marvel Rivals,13600000.0,-26.8,3.265,https://twitchtracker.com/games/1264310518
6,33214,Fortnite,10900000.0,-8.3,2.624,https://twitchtracker.com/games/33214
7,18122,World of Warcraft,10900000.0,1.1,2.609,https://twitchtracker.com/games/18122
8,29595,Dota 2,10800000.0,24.7,2.58,https://twitchtracker.com/games/29595
9,2011938005,EA Sports FC 25,8300000.000000001,-9.1,1.99,https://twitchtracker.com/games/2011938005
10,27471,Minecraft,7850000.0,10.6,1.884,https://twitchtracker.com/games/27471
11,491931,Escape from Tarkov,6500000.0,-8.9,1.559,https://twitchtracker.com/games/491931
12,0,Variety,4350000.0,-5.3,1.044,https://twitchtracker.com/games/0
13,512710,Call of Duty: Warzone,4250000.0,5.7,1.019,https://twitchtracker.com/games/512710
14,500188,Hunt: Showdown 1896,4170000.0,674.0,0.999,https://twitchtracker.com/games/500188
15,513143,Teamfight Tactics,4000000.0,10.7,0.959,https://twitchtracker.com/games/513143
16,491487,Dead by Daylight,3510000.0,-4.4,0.841,https://twitchtracker.com/games/491487
17,511224,Apex Legends,3410000.0,20.6,0.818,https://twitchtracker.com/games/511224
18,509672,IRL,3380000.0,38.3,0.811,https://twitchtracker.com/games/509672
19,30921,Rocket League,2870000.0,50.9,0.689,https://twitchtracker.com/games/30921
20,29452,Virtual Casino,2600000.0,3.9,0.623,https://twitchtracker.com/games/29452
21,1672324422,Call of Duty: Black Ops 6,2550000.0,8.4,0.612,https://twitchtracker.com/games/1672324422
22,509659,ASMR,2520000.0,9.4,0.604,https://twitchtracker.com/games/509659
23,1702520304,Path of Exile 2,2460000.0,-50.9,0.589,https://twitchtracker.com/games/1702520304
24,460630,Tom Clancy's Rainbow Six Siege,2400000.0,-5.1,0.574,https://twitchtracker.com/games/460630
25,31339,Project Zomboid,2270000.0,-9.2,0.544,https://twitchtracker.com/games/31339
26,55453844,Street Fighter 6,2250000.0,20.3,0.538,https://twitchtracker.com/games/55453844
27,138585,Hearthstone,2180000.0,16.3,0.523,https://twitchtracker.com/games/138585
28,493057,PUBG: BATTLEGROUNDS,2100000.0,15.6,0.503,https://twitchtracker.com/games/493057
29,1282866981,Delta Force,2020000.0,-27.9,0.485,https://twitchtracker.com/games/1282866981
30,515025,Overwatch 2,1970000.0,50.5,0.472,https://twitchtracker.com/games/515025
31,499973,Always On,1950000.0,-4.8,0.467,https://twitchtracker.com/games/499973
32,512953,ELDEN RING,1920000.0,7.2,0.46,https://twitchtracker.com/games/512953
33,509663,Special Events,1900000.0,-80.8,0.456,https://twitchtracker.com/games/509663
34,27546,World of Tanks,1900000.0,41.6,0.455,https://twitchtracker.com/games/27546
35,263490,Rust,1770000.0,-16.4,0.424,https://twitchtracker.com/games/263490
36,1173950709,Streamer Life Simulator 2,1760000.0,0.0,0.423,https://twitchtracker.com/games/1173950709
37,518203,Sports,1750000.0,-4.1,0.421,https://twitchtracker.com/games/518203
38,26936,Music,1680000.0,-8.2,0.403,https://twitchtracker.com/games/26936
39,509660,Art,1660000.0,-2.9,0.397,https://twitchtracker.com/games/509660
40,1669431183,DJs,1640000.0,4.4,0.392,https://twitchtracker.com/games/1669431183
41,498566,Slots,1600000.0,-5.7,0.383,https://twitchtracker.com/games/498566
42,1398657661,Anime Squad,1390000.0,-4.7,0.334,https://twitchtracker.com/games/1398657661
43,27284,Retro,1340000.0,5.3,0.322,https://twitchtracker.com/games/27284
44,499634,Crypto,1280000.0,-8.9,0.308,https://twitchtracker.com/games/499634
45,498592,I'm Only Sleeping,1210000.0,-38.1,0.289,https://twitchtracker.com/games/498592
46,66082,Games + Demos,1190000.0,13.2,0.286,https://twitchtracker.com/games/66082
47,23020,ROBLOX,1180000.0,-10.4,0.283,https://twitchtracker.com/games/23020
48,515024,Diablo IV,1150000.0,28.3,0.275,https://twitchtracker.com/games/515024
49,1417254279,Ninja Gaiden II Black,1130000.0,0.0,0.272,https://twitchtracker.com/games/1417254279
50,1863222988,Kings League,1130000.0,22.4,0.27,https://twitchtracker.com/games/1863222988
51,401587136,Arena Breakout: Infinite,1070000.0,29.4,0.256,https://twitchtracker.com/games/401587136
52,490100,Lost Ark,973000.0,66.6,0.233,https://twitchtracker.com/games/490100
53,386821,Black Desert,973000.0,4.7,0.233,https://twitchtracker.com/games/386821
54,19619,Tibia,959000.0,0.7,0.23,https://twitchtracker.com/games/19619
55,458912,Kingdom Come: Deliverance,959000.0,-7.8,0.23,https://twitchtracker.com/games/458912
56,513181,Genshin Impact,950000.0,-19.2,0.228,https://twitchtracker.com/games/513181
57,272263131,"Animals, Aquariums, and Zoos",942000.0,3.6,0.226,https://twitchtracker.com/games/272263131
58,65632,DayZ,928000.0,-0.5,0.222,https://twitchtracker.com/games/65632
59,490377,Sea of Thieves,923000.0,37.0,0.221,https://twitchtracker.com/games/490377
60,417752,Talk Shows & Podcasts,912000.0,4.1,0.219,https://twitchtracker.com/games/417752
61,2068583461,NBA 2K25,864000.0,-7.8,0.207,https://twitchtracker.com/games/2068583461
62,497057,Destiny 2,851000.0,47.3,0.204,https://twitchtracker.com/games/497057
63,743,Chess,841000.0,-3.1,0.202,https://twitchtracker.com/games/743
64,493959,Red Dead Redemption 2,820000.0,-5.9,0.197,https://twitchtracker.com/games/493959
65,417528,Albion Online,802000.0,-5.0,0.192,https://twitchtracker.com/games/417528
66,518184,Phasmophobia,796000.0,8.8,0.191,https://twitchtracker.com/games/518184
67,2009321156,Dark and Darker,764000.0,2.7,0.183,https://twitchtracker.com/games/2009321156
68,19801,Throne and Liberty,738000.0,157.0,0.177,https://twitchtracker.com/games/19801
69,459931,Old School RuneScape,719000.0,-4.2,0.172,https://twitchtracker.com/games/459931
70,745589378,Balatro,710000.0,97.6,0.17,https://twitchtracker.com/games/745589378
71,511399,Super Mario Maker 2,710000.0,92.1,0.17,https://twitchtracker.com/games/511399
72,510218,Among Us,699000.0,-31.8,0.168,https://twitchtracker.com/games/510218
73,2897,The Simpsons: Hit & Run,695000.0,-13.2,0.167,https://twitchtracker.com/games/2897
74,369418,GeoGuessr,688000.0,133.0,0.165,https://twitchtracker.com/games/369418
75,255298418,FINAL FANTASY VII REBIRTH,677000.0,1200.0,0.162,https://twitchtracker.com/games/255298418
76,12839,Heroes of Might and Magic III: The Restoration of Erathia,675000.0,15.7,0.162,https://twitchtracker.com/games/12839
77,66170,Warframe,673000.0,-6.1,0.161,https://twitchtracker.com/games/66170
78,24241,FINAL FANTASY XIV ONLINE,672000.0,-8.3,0.161,https://twitchtracker.com/games/24241
79,687129551,Trackmania,658000.0,88.9,0.158,https://twitchtracker.com/games/687129551
80,456845141,Zenless Zone Zero,640000.0,27.4,0.153,https://twitchtracker.com/games/456845141
81,499003,VRChat,616000.0,-5.2,0.148,https://twitchtracker.com/games/499003
82,497467,Monster Hunter: World,589000.0,-29.6,0.141,https://twitchtracker.com/games/497467
83,209738946,Wuthering Waves,580000.0,42.6,0.139,https://twitchtracker.com/games/209738946
84,1494,Call of Duty,550000.0,0.6,0.132,https://twitchtracker.com/games/1494
85,2094865572,SMITE 2,547000.0,-56.1,0.131,https://twitchtracker.com/games/2094865572
86,498417,Vintage Story,540000.0,1400.0,0.129,https://twitchtracker.com/games/498417
87,2748,Magic: The Gathering,538000.0,10.3,0.129,https://twitchtracker.com/games/2748
88,494184,Mobile Legends: Bang Bang,529000.0,4.9,0.127,https://twitchtracker.com/games/494184
89,271304,7 Days to Die,516000.0,0.7,0.124,https://twitchtracker.com/games/271304
90,213930085,Honkai: Star Rail,500000.0,-52.2,0.12,https://twitchtracker.com/games/213930085
91,65876,Cyberpunk 2077,493000.0,54.1,0.118,https://twitchtracker.com/games/65876
92,2085980140,Lethal Company,492000.0,-22.3,0.118,https://twitchtracker.com/games/2085980140
93,1320984402,Madden NFL 25,480000.0,1.3,0.115,https://twitchtracker.com/games/1320984402
94,737987407,Enshrouded,470000.0,691.0,0.113,https://twitchtracker.com/games/737987407
95,512923,Baldur's Gate 3,453000.0,11.5,0.109,https://twitchtracker.com/games/512923
96,71375,Star Citizen,452000.0,2.3,0.108,https://twitchtracker.com/games/71375
97,505963,Atomic Heart,452000.0,3800.0,0.108,https://twitchtracker.com/games/505963
98,1196356222,MiSide,410000.0,-38.4,0.098,https://twitchtracker.com/games/1196356222
99,3151,Tournament Poker,408000.0,-10.5,0.098,https://twitchtracker.com/games/3151
100,1441208453,Once Human,407000.0,-45.6,0.098,https://twitchtracker.com/games/1441208453
101,497480,Detroit: Become Human,400000.0,29.6,0.096,https://twitchtracker.com/games/497480
102,1036710512,Palworld,399000.0,-16.8,0.096,https://twitchtracker.com/games/1036710512
103,13332,Pokémon FireRed/LeafGreen,396000.0,-7.2,0.095,https://twitchtracker.com/games/13332
104,511471,Darkest Dungeon II,394000.0,3200.0,0.094,https://twitchtracker.com/games/511471
105,491878,BeamNG.drive,391000.0,2300.0,0.094,https://twitchtracker.com/games/491878
106,494436328,The Bazaar,386000.0,75.4,0.093,https://twitchtracker.com/games/494436328
107,488190,Poker,372000.0,20.4,0.089,https://twitchtracker.com/games/488190
108,509511,Marbles on Stream,372000.0,9.1,0.089,https://twitchtracker.com/games/509511
109,1393304883,Mir Tankov,371000.0,10.2,0.089,https://twitchtracker.com/games/1393304883
110,116747788,"Pools, Hot Tubs, and Beaches",366000.0,-15.9,0.088,https://twitchtracker.com/games/116747788
111,497497,Brawl Stars,366000.0,-20.9,0.088,https://twitchtracker.com/games/497497
112,12924,Warcraft III,365000.0,-53.7,0.088,https://twitchtracker.com/games/12924
113,670867987,Pokémon Scarlet/Violet,365000.0,-15.0,0.087,https://twitchtracker.com/games/670867987
114,13389,Age of Empires II,364000.0,15.0,0.087,https://twitchtracker.com/games/13389
115,1901799151,DYNASTY WARRIORS: ORIGINS,361000.0,-72.2,0.086,https://twitchtracker.com/games/1901799151
116,460090,Subnautica,360000.0,24.7,0.086,https://twitchtracker.com/games/460090
117,1122982998,Dark Souls: Remastered,353000.0,108.0,0.085,https://twitchtracker.com/games/1122982998
118,1469308723,Software and Game Development,353000.0,2.0,0.085,https://twitchtracker.com/games/1469308723
119,369252,The Sims 4,351000.0,-14.1,0.084,https://twitchtracker.com/games/369252
120,538054672,TEKKEN 8,350000.0,-1.7,0.084,https://twitchtracker.com/games/538054672
121,460636,Bloodborne,347000.0,53.3,0.083,https://twitchtracker.com/games/460636
122,478407715,Arma Reforger,346000.0,5.0,0.083,https://twitchtracker.com/games/478407715
123,502732,Garena Free Fire,341000.0,-4.7,0.082,https://twitchtracker.com/games/502732
124,490422,StarCraft II,337000.0,5.8,0.081,https://twitchtracker.com/games/490422
125,516588,Rise Online,333000.0,2.5,0.08,https://twitchtracker.com/games/516588
126,983841243,Off The Grid,332000.0,17.6,0.08,https://twitchtracker.com/games/983841243
127,66366,War Thunder,328000.0,26.7,0.079,https://twitchtracker.com/games/66366
128,32502,World of Warships,328000.0,-6.5,0.079,https://twitchtracker.com/games/32502
129,512864,Eternal Return,327000.0,-11.0,0.078,https://twitchtracker.com/games/512864
130,486102336,Dragon Quest XI S: Echoes of an Elusive Age - Definitive Edition,323000.0,-10.1,0.077,https://twitchtracker.com/games/486102336
131,1360792487,Fast Food Simulator,319000.0,-46.6,0.076,https://twitchtracker.com/games/1360792487
132,2692,Super Mario 64,318000.0,-31.4,0.076,https://twitchtracker.com/games/2692
133,31336,Metin2,315000.0,-66.7,0.076,https://twitchtracker.com/games/31336
134,11557,The Legend of Zelda: Ocarina of Time,312000.0,46.8,0.075,https://twitchtracker.com/games/11557
135,2132205352,Deadlock,310000.0,-18.9,0.074,https://twitchtracker.com/games/2132205352
136,65654,The Elder Scrolls Online,308000.0,8.4,0.074,https://twitchtracker.com/games/65654
137,709400740,The Police Mystery,307000.0,30700000.0,0.074,https://twitchtracker.com/games/709400740
138,488634,Don't Starve Together,299000.0,687.0,0.072,https://twitchtracker.com/games/488634
139,1414860634,The Binding of Isaac: Repentance,298000.0,-1.6,0.071,https://twitchtracker.com/games/1414860634
140,1599346425,Co-working & Studying,295000.0,1.4,0.071,https://twitchtracker.com/games/1599346425
141,115977,The Witcher 3: Wild Hunt,294000.0,-10.5,0.07,https://twitchtracker.com/games/115977
142,232131679,EA Sports College Football 25,284000.0,-33.5,0.068,https://twitchtracker.com/games/232131679
143,982017546,Palia,284000.0,427.0,0.068,https://twitchtracker.com/games/982017546
144,490744,Stardew Valley,282000.0,-6.9,0.068,https://twitchtracker.com/games/490744
145,2134326347,Heroes of Hammerwatch II,280000.0,-45.1,0.067,https://twitchtracker.com/games/2134326347
146,496902,Slay the Spire,274000.0,39.4,0.066,https://twitchtracker.com/games/496902
147,20596,Dofus,273000.0,-10.3,0.066,https://twitchtracker.com/games/20596
148,489405,Dragon Ball Z: Dokkan Battle,272000.0,266.0,0.065,https://twitchtracker.com/games/489405
149,75467,Euro Truck Simulator 2,271000.0,7.2,0.065,https://twitchtracker.com/games/75467
150,29307,Path of Exile,270000.0,508.0,0.065,https://twitchtracker.com/games/29307
151,505884,PUBG Mobile,269000.0,1.3,0.064,https://twitchtracker.com/games/505884
152,1515015750,Strinova,265000.0,-49.7,0.064,https://twitchtracker.com/games/1515015750
153,19554,iRacing,265000.0,-62.7,0.063,https://twitchtracker.com/games/19554
154,491168,Clash Royale,264000.0,11.7,0.063,https://twitchtracker.com/games/491168
155,8105,South Park,261000.0,-9.5,0.063,https://twitchtracker.com/games/8105
156,735904419,ARK: Survival Ascended,259000.0,-6.7,0.062,https://twitchtracker.com/games/735904419
157,262437666,Farming Simulator 25,259000.0,0.7,0.062,https://twitchtracker.com/games/262437666
158,19976,MapleStory,258000.0,0.9,0.062,https://twitchtracker.com/games/19976
159,512980,Fall Guys,258000.0,-19.5,0.062,https://twitchtracker.com/games/512980
160,1330093788,Voices of the Void,254000.0,33.5,0.061,https://twitchtracker.com/games/1330093788
161,518186,Party Animals,253000.0,523.0,0.061,https://twitchtracker.com/games/518186
162,508455,Valheim,247000.0,2.6,0.059,https://twitchtracker.com/games/508455
163,506416,Halo Infinite,244000.0,42.5,0.059,https://twitchtracker.com/games/506416
164,509577,Dungeons & Dragons,240000.0,-1.1,0.057,https://twitchtracker.com/games/509577
165,9618,Pokémon Trading Card Game,238000.0,-7.1,0.057,https://twitchtracker.com/games/9618
166,506415,Sekiro: Shadows Die Twice,238000.0,66.3,0.057,https://twitchtracker.com/games/506415
167,385462765,Realities,238000.0,0.0,0.057,https://twitchtracker.com/games/385462765
168,509667,Food & Drink,236000.0,-10.9,0.057,https://twitchtracker.com/games/509667
169,948446385,Unicorn Overlord,236000.0,5600.0,0.057,https://twitchtracker.com/games/948446385
170,766571430,HELLDIVERS 2,235000.0,3.4,0.056,https://twitchtracker.com/games/766571430
171,497509,Ashes of Creation,234000.0,-48.7,0.056,https://twitchtracker.com/games/497509
172,514858,League of Legends: Wild Rift,232000.0,6.0,0.056,https://twitchtracker.com/games/514858
173,493597,New World: Aeternum,232000.0,-21.1,0.056,https://twitchtracker.com/games/493597
174,1499221970,Eternal Strands,231000.0,2300.0,0.055,https://twitchtracker.com/games/1499221970
175,509538,Animal Crossing: New Horizons,227000.0,-0.8,0.054,https://twitchtracker.com/games/509538
176,298860868,Age of Darkness: Final Stand,225000.0,-9.3,0.054,https://twitchtracker.com/games/298860868
177,2128139746,The Quinfall,222000.0,396000.0,0.053,https://twitchtracker.com/games/2128139746
178,2014795392,Infinity Nikki,222000.0,68.0,0.053,https://twitchtracker.com/games/2014795392
179,490292,DARK SOULS III,221000.0,12.2,0.053,https://twitchtracker.com/games/490292
180,375403621,Pokémon Trading Card Game Pocket,215000.0,23.3,0.051,https://twitchtracker.com/games/375403621
181,1119642287,Yu-Gi-Oh! Master Duel,214000.0,-10.3,0.051,https://twitchtracker.com/games/1119642287
182,21465,osu!,213000.0,-18.6,0.051,https://twitchtracker.com/games/21465
183,1471610418,Super Mario Party Jamboree,212000.0,-48.3,0.051,https://twitchtracker.com/games/1471610418
184,966704637,MIR 4,211000.0,-12.4,0.051,https://twitchtracker.com/games/966704637
185,1397606945,Indiana Jones and the Great Circle,209000.0,-6.8,0.05,https://twitchtracker.com/games/1397606945
186,195053862,Resident Evil 2,206000.0,150.0,0.049,https://twitchtracker.com/games/195053862
187,669337588,Microsoft Flight Simulator 2024,204000.0,107.0,0.049,https://twitchtracker.com/games/669337588
188,34054,El Chavo,203000.0,-8.1,0.049,https://twitchtracker.com/games/34054
189,29056,Knight Online,202000.0,-11.9,0.048,https://twitchtracker.com/games/29056
190,509673,Makers & Crafting,202000.0,16.3,0.048,https://twitchtracker.com/games/509673
191,322503446,Resident Evil 4,202000.0,27.3,0.048,https://twitchtracker.com/games/322503446
192,799246612,Aloft,199000.0,-75.1,0.048,https://twitchtracker.com/games/799246612
193,30028,The Elder Scrolls V: Skyrim,196000.0,-4.9,0.047,https://twitchtracker.com/games/30028
194,18846,Garry's Mod,194000.0,16.2,0.047,https://twitchtracker.com/games/18846
195,889177802,Drug Dealer Simulator 2,194000.0,5700.0,0.047,https://twitchtracker.com/games/889177802
196,1250647518,Sniper Elite: Resistance,194000.0,1620000.0,0.046,https://twitchtracker.com/games/1250647518
197,616657652,Orcs Must Die! Deathtrap,194000.0,569000.0,0.046,https://twitchtracker.com/games/616657652
198,394568,RimWorld,192000.0,1.5,0.046,https://twitchtracker.com/games/394568
199,6521,Grand Theft Auto: San Andreas,191000.0,-29.1,0.046,https://twitchtracker.com/games/6521
200,504461,Super Smash Bros. Ultimate,183000.0,5.3,0.044,https://twitchtracker.com/games/504461
201,68351,Mount & Blade II: Bannerlord,182000.0,5.8,0.044,https://twitchtracker.com/games/68351
202,493174,Jackbox Party Packs,179000.0,-8.2,0.043,https://twitchtracker.com/games/493174
203,458641,Uncharted 4: A Thief's End,177000.0,33.6,0.042,https://twitchtracker.com/games/458641
204,479977659,Make Good Choices,173000.0,249.0,0.041,https://twitchtracker.com/games/479977659
205,16937,Artifact,173000.0,0.3,0.041,https://twitchtracker.com/games/16937
206,1313790173,Tokyo Xtreme Racer,172000.0,464000.0,0.041,https://twitchtracker.com/games/1313790173
207,685022220,Amenti,168000.0,-45.3,0.04,https://twitchtracker.com/games/685022220
208,518379,Pokémon UNITE,168000.0,16.8,0.04,https://twitchtracker.com/games/518379
209,512708,Mahjong Soul,165000.0,338.0,0.04,https://twitchtracker.com/games/512708
210,2058570718,Silent Hill 2,165000.0,-14.0,0.039,https://twitchtracker.com/games/2058570718
211,512821,Words On Stream,163000.0,10.9,0.039,https://twitchtracker.com/games/512821
212,1050003477,The Elder Scrolls V: Skyrim - Special Edition,162000.0,9.6,0.039,https://twitchtracker.com/games/1050003477
213,1853781077,The Headliners,159000.0,0.0,0.038,https://twitchtracker.com/games/1853781077
214,1496435078,Casino Simulator 2024,159000.0,10.5,0.038,https://twitchtracker.com/games/1496435078
215,2104758320,The First Descendant,158000.0,-60.9,0.038,https://twitchtracker.com/games/2104758320
216,89250567,Grand Theft Auto: San Andreas - The Definitive Edition,156000.0,845.0,0.037,https://twitchtracker.com/games/89250567
217,329951934,Pokémon Community Game,154000.0,1.3,0.037,https://twitchtracker.com/games/329951934
218,15631,Grand Theft Auto: Vice City,153000.0,503.0,0.037,https://twitchtracker.com/games/15631
219,1506110656,Casino Simulator,151000.0,-11.4,0.036,https://twitchtracker.com/games/1506110656
220,941530474,Mario Kart 8 Deluxe,151000.0,-36.9,0.036,https://twitchtracker.com/games/941530474
221,490147,Hollow Knight,150000.0,6.1,0.036,https://twitchtracker.com/games/490147
222,904864974,Mortal Kombat 1,149000.0,-2.6,0.036,https://twitchtracker.com/games/904864974
223,498482,Age of Empires IV,148000.0,-28.1,0.036,https://twitchtracker.com/games/498482
224,519291,Black Myth: Wukong,147000.0,-20.8,0.035,https://twitchtracker.com/games/519291
225,819884489,Paranormal Night Shift,146000.0,8100.0,0.035,https://twitchtracker.com/games/819884489
226,13263,EVE Online,144000.0,8.0,0.035,https://twitchtracker.com/games/13263
227,490713,UNDERTALE,144000.0,81.3,0.035,https://twitchtracker.com/games/490713
228,488910,American Truck Simulator,142000.0,91.4,0.034,https://twitchtracker.com/games/488910
229,130942,Factorio,140000.0,-39.1,0.034,https://twitchtracker.com/games/130942
230,2023243190,Granny: Escape Together,139000.0,378.0,0.033,https://twitchtracker.com/games/2023243190
231,489170,DARK SOULS II: Scholar of the First Sin,138000.0,-24.9,0.033,https://twitchtracker.com/games/489170
232,1868356881,Zort,138000.0,14.7,0.033,https://twitchtracker.com/games/1868356881
233,1269041770,Liar's Bar,136000.0,126.0,0.033,https://twitchtracker.com/games/1269041770
234,509670,Science & Technology,135000.0,4.2,0.032,https://twitchtracker.com/games/509670
235,177157840,Schoolboy Runaway,135000.0,-55.5,0.032,https://twitchtracker.com/games/177157840
236,838184267,ENDER MAGNOLIA: Bloom in the Mist,134000.0,1800.0,0.032,https://twitchtracker.com/games/838184267
237,512998,The Legend of Zelda: Tears of the Kingdom,133000.0,-8.4,0.032,https://twitchtracker.com/games/512998
238,2015656787,Get To Work,132000.0,-60.8,0.032,https://twitchtracker.com/games/2015656787
239,24438,MU Online,132000.0,-15.8,0.032,https://twitchtracker.com/games/24438
240,1941249372,Half Sword,132000.0,-69.8,0.032,https://twitchtracker.com/games/1941249372
241,2274,The Sims 2,131000.0,835.0,0.031,https://twitchtracker.com/games/2274
242,1982955044,Storage Hunter Simulator,131000.0,72.2,0.031,https://twitchtracker.com/games/1982955044
243,15229,Ragnarok Online,130000.0,-18.9,0.031,https://twitchtracker.com/games/15229
244,34135,God of War: Ascension,129000.0,40500.0,0.031,https://twitchtracker.com/games/34135
245,31376,Terraria,129000.0,12.9,0.031,https://twitchtracker.com/games/31376
246,23857,Pokémon HeartGold/SoulSilver,127000.0,-26.1,0.031,https://twitchtracker.com/games/23857
247,294724507,The Last of Us Part I,126000.0,2.8,0.03,https://twitchtracker.com/games/294724507
248,278888515,Gartic Phone,126000.0,-25.8,0.03,https://twitchtracker.com/games/278888515
249,144418804,LOCKDOWN Protocol,125000.0,-9.4,0.03,https://twitchtracker.com/games/144418804
250,1743359147,Marvel Snap,124000.0,-69.1,0.03,https://twitchtracker.com/games/1743359147
251,1095275650,Hogwarts Legacy,123000.0,-5.2,0.03,https://twitchtracker.com/games/1095275650
252,1331855755,Darts,122000.0,-12.0,0.029,https://twitchtracker.com/games/1331855755
253,506456,Satisfactory,122000.0,-10.3,0.029,https://twitchtracker.com/games/506456
254,14842174,Chained Together,122000.0,163.0,0.029,https://twitchtracker.com/games/14842174
255,415409,Pantheon: Rise of the Fallen,122000.0,63.4,0.029,https://twitchtracker.com/games/415409
256,252812003,Supermarket Simulator,120000.0,58.9,0.029,https://twitchtracker.com/games/252812003
257,515214,Politics,119000.0,-73.2,0.028,https://twitchtracker.com/games/515214
258,2009742488,BioShock Remastered,118000.0,62.2,0.028,https://twitchtracker.com/games/2009742488
259,517159,Guilty Gear: Strive,118000.0,145.0,0.028,https://twitchtracker.com/games/517159
260,1363642627,Taiko no Tatsujin: Rhythm Festival,118000.0,4000.0,0.028,https://twitchtracker.com/games/1363642627
261,627798963,F1 24,118000.0,7.1,0.028,https://twitchtracker.com/games/627798963
262,510389,Shakes and Fidget,118000.0,13.1,0.028,https://twitchtracker.com/games/510389
263,513501,Standoff 2,116000.0,-17.6,0.028,https://twitchtracker.com/games/513501
264,110758,The Legend of Zelda: Breath of the Wild,114000.0,82.6,0.027,https://twitchtracker.com/games/110758
265,890558948,Torchlight: Infinite,114000.0,-53.4,0.027,https://twitchtracker.com/games/890558948
266,32959,Heroes of the Storm,114000.0,-39.6,0.027,https://twitchtracker.com/games/32959
267,1780647523,HITMAN World of Assassination,114000.0,1.4,0.027,https://twitchtracker.com/games/1780647523
268,102007682,God of War Ragnarök,113000.0,45.9,0.027,https://twitchtracker.com/games/102007682
269,1000184693,NHL 25,111000.0,36.8,0.027,https://twitchtracker.com/games/1000184693
270,1910103699,THE FINALS,110000.0,-17.2,0.026,https://twitchtracker.com/games/1910103699
271,490382,For Honor,110000.0,106.0,0.026,https://twitchtracker.com/games/490382
272,417969,Halo: The Master Chief Collection,109000.0,19.3,0.026,https://twitchtracker.com/games/417969
273,743214338,Brotato,108000.0,-58.1,0.026,https://twitchtracker.com/games/743214338
274,1248633549,Poppy Playtime: Chapter 3 - Deep Sleep,107000.0,1300.0,0.026,https://twitchtracker.com/games/1248633549
275,1115711128,PlateUp!,106000.0,39.4,0.025,https://twitchtracker.com/games/1115711128
276,2091165871,Football Manager 2024,106000.0,23.4,0.025,https://twitchtracker.com/games/2091165871
277,497440,Hell Let Loose,105000.0,-40.8,0.025,https://twitchtracker.com/games/497440
278,490105,Fran Bow,105000.0,2900.0,0.025,https://twitchtracker.com/games/490105
279,2090279789,FINAL FANTASY XVI,104000.0,-28.5,0.025,https://twitchtracker.com/games/2090279789
280,515349,Lineage II,104000.0,-0.3,0.025,https://twitchtracker.com/games/515349
281,1075593745,Synduality: Echo of Ada,103000.0,4.2,0.025,https://twitchtracker.com/games/1075593745
282,603456890,Cursed Digicam,100000.0,-7.1,0.024,https://twitchtracker.com/games/603456890
283,653624336,Lies of P,99700.0,7.9,0.024,https://twitchtracker.com/games/653624336
284,490655,Pokémon GO,98900.0,-0.5,0.024,https://twitchtracker.com/games/490655
285,1968997035,Persona 3 Reload,98400.0,-0.9,0.024,https://twitchtracker.com/games/1968997035
286,5784346,For the King II,97800.0,2000.0,0.023,https://twitchtracker.com/games/5784346
287,16282,Super Smash Bros. Melee,96600.0,-22.4,0.023,https://twitchtracker.com/games/16282
288,1208208142,Puck,95600.0,16.3,0.023,https://twitchtracker.com/games/1208208142
289,6369,God of War,94600.0,-25.7,0.023,https://twitchtracker.com/games/6369
290,489111,Summoners War: Sky Arena,94600.0,-4.1,0.023,https://twitchtracker.com/games/489111
291,691357727,Amagami,94400.0,-63.7,0.023,https://twitchtracker.com/games/691357727
292,17000,Ninja Gaiden Sigma,93100.0,5900.0,0.022,https://twitchtracker.com/games/17000
293,81660490,Greed Stays Home,93100.0,0.0,0.022,https://twitchtracker.com/games/81660490
294,460316,Brawlhalla,93000.0,12.8,0.022,https://twitchtracker.com/games/460316
295,19357,Guild Wars 2,92600.0,16.8,0.022,https://twitchtracker.com/games/19357
296,1757732267,Forza Horizon 5,92600.0,-51.3,0.022,https://twitchtracker.com/games/1757732267
297,497456,Days Gone,91800.0,50.1,0.022,https://twitchtracker.com/games/497456
298,511230,Stream Raiders,89700.0,-6.7,0.022,https://twitchtracker.com/games/511230
299,1229,Super Mario World,89000.0,-9.7,0.021,https://twitchtracker.com/games/1229
300,490359,FINAL FANTASY VII REMAKE,88900.0,-49.3,0.021,https://twitchtracker.com/games/490359
301,515479,Sons of the Forest,88500.0,-12.0,0.021,https://twitchtracker.com/games/515479
302,1514558606,Tempest Rising,87400.0,139.0,0.021,https://twitchtracker.com/games/1514558606
303,357604454,Grande Fratello: Il Gioco,87300.0,582.0,0.021,https://twitchtracker.com/games/357604454
304,494925,Raft,86900.0,86.1,0.021,https://twitchtracker.com/games/494925
305,12482,The Legend of Zelda: Majora's Mask,86000.0,-42.9,0.021,https://twitchtracker.com/games/12482
306,516866,STALCRAFT: X,85900.0,29.4,0.021,https://twitchtracker.com/games/516866
307,1568081763,Mass Effect Legendary Edition,85300.0,9.5,0.02,https://twitchtracker.com/games/1568081763
308,515474,NARAKA: BLADEPOINT,84800.0,-12.1,0.02,https://twitchtracker.com/games/515474
309,506246,Fallout 76,83800.0,-10.5,0.02,https://twitchtracker.com/games/506246
310,1057274213,Gaggl,83600.0,266.0,0.02,https://twitchtracker.com/games/1057274213
311,715052357,Nine Sols,83300.0,-22.8,0.02,https://twitchtracker.com/games/715052357
312,1673899638,Nuclear Nightmare,82600.0,88.3,0.02,https://twitchtracker.com/games/1673899638
313,344714178,Virtua Fighter 5 R.E.V.O.,82500.0,2100.0,0.02,https://twitchtracker.com/games/344714178
314,15013,Prey,82000.0,1200.0,0.02,https://twitchtracker.com/games/15013
315,182632692,Kiosk,81800.0,7600.0,0.02,https://twitchtracker.com/games/182632692
316,492553,Sid Meier's Civilization VI,81600.0,-50.4,0.02,https://twitchtracker.com/games/492553
317,489635,ARK: Survival Evolved,81100.0,-19.8,0.019,https://twitchtracker.com/games/489635
318,478131056,Donkey Kong Country Returns HD,80900.0,-78.2,0.019,https://twitchtracker.com/games/478131056
319,91419,Metal Gear Solid V: The Phantom Pain,80500.0,3.0,0.019,https://twitchtracker.com/games/91419
320,1913410799,Total War: WARHAMMER III,80300.0,-4.3,0.019,https://twitchtracker.com/games/1913410799
321,530998549,Coin Pusher World,79600.0,-4.5,0.019,https://twitchtracker.com/games/530998549
322,1185403782,MLB The Show 24,79200.0,104.0,0.019,https://twitchtracker.com/games/1185403782
323,470560304,The Inn-Sanity,79000.0,56.0,0.019,https://twitchtracker.com/games/470560304
324,338715930,Maitre des Fleurs,78600.0,124.0,0.019,https://twitchtracker.com/games/338715930
325,489767,XCOM 2,78500.0,-4.9,0.019,https://twitchtracker.com/games/489767
326,2083,RuneScape,78300.0,-1.0,0.019,https://twitchtracker.com/games/2083
327,2034923573,Driving Is Hard,78200.0,10300.0,0.019,https://twitchtracker.com/games/2034923573
328,2133072147,Mir Korabley,77600.0,-9.0,0.019,https://twitchtracker.com/games/2133072147
329,1397210469,Miniatures & Models,77400.0,-4.0,0.019,https://twitchtracker.com/games/1397210469
330,505980,Stoneshard,77300.0,-32.0,0.019,https://twitchtracker.com/games/505980
331,10609,Pokémon Emerald Version,77200.0,46.6,0.019,https://twitchtracker.com/games/10609
332,1075600787,Backrooms: Escape Together,77000.0,122.0,0.018,https://twitchtracker.com/games/1075600787
333,494099,Kingdom Hearts HD 1.5 + 2.5 ReMIX,76400.0,-2.7,0.018,https://twitchtracker.com/games/494099
334,497304,Russian Fishing 4,76100.0,3.6,0.018,https://twitchtracker.com/games/497304
335,1158884259,Splatoon 3,75500.0,-5.1,0.018,https://twitchtracker.com/games/1158884259
336,38278967,Tales Beyond The Tomb: The Farm's Secret,75400.0,575.0,0.018,https://twitchtracker.com/games/38278967
337,667377300,Life is Strange: Double Exposure,75000.0,523.0,0.018,https://twitchtracker.com/games/667377300
338,400407464,DRAGON BALL: Sparking! ZERO,74900.0,-39.3,0.018,https://twitchtracker.com/games/400407464
339,11988,FINAL FANTASY VII,74400.0,-44.1,0.018,https://twitchtracker.com/games/11988
340,29106,S.T.A.L.K.E.R. 2: Heart of Chornobyl,74000.0,-20.5,0.018,https://twitchtracker.com/games/29106
341,331373906,eFootball,73300.0,-5.6,0.018,https://twitchtracker.com/games/331373906
342,497388,A Way Out,72700.0,46.3,0.017,https://twitchtracker.com/games/497388
343,1494074023,Lycans,71900.0,4800.0,0.017,https://twitchtracker.com/games/1494074023
344,1348809580,Assetto Corsa Competizione,71900.0,35.9,0.017,https://twitchtracker.com/games/1348809580
345,505705,Noita,71800.0,23.3,0.017,https://twitchtracker.com/games/505705
346,271329153,Jötunnslayer: Hordes of Hel,71600.0,-34.7,0.017,https://twitchtracker.com/games/271329153
347,9435,The Legend of Zelda: A Link to the Past,71300.0,-7.6,0.017,https://twitchtracker.com/games/9435
348,504463,Tom Clancy's The Division 2,71300.0,20.0,0.017,https://twitchtracker.com/games/504463
349,493125,My Summer Car,71200.0,-14.3,0.017,https://twitchtracker.com/games/493125
350,460951,Geometry Dash,70600.0,-31.5,0.017,https://twitchtracker.com/games/460951
351,1133341572,The First Berserker: Khazan,70500.0,-82.3,0.017,https://twitchtracker.com/games/1133341572
352,978058451,Dreamcore,70300.0,119000.0,0.017,https://twitchtracker.com/games/978058451
353,100599372,MISTERY,70000.0,44.6,0.017,https://twitchtracker.com/games/100599372
354,290075012,Sword of Justice,69900.0,123.0,0.017,https://twitchtracker.com/games/290075012
355,20050,Perfect World,69500.0,-26.0,0.017,https://twitchtracker.com/games/20050
356,491381,Golf With Your Friends,69300.0,83.6,0.017,https://twitchtracker.com/games/491381
357,24193,Left 4 Dead 2,69100.0,14.1,0.017,https://twitchtracker.com/games/24193
358,512818,Call of Duty: Mobile,68700.0,7.6,0.016,https://twitchtracker.com/games/512818
359,8645,Resident Evil 2,68500.0,-12.9,0.016,https://twitchtracker.com/games/8645
360,1108011868,DOKAPON! Sword of Fury,68300.0,1300.0,0.016,https://twitchtracker.com/games/1108011868
361,516173984,Cult of the Lamb,68100.0,-30.6,0.016,https://twitchtracker.com/games/516173984
362,1515862749,Disney Dreamlight Valley,68000.0,-37.4,0.016,https://twitchtracker.com/games/1515862749
363,19217,Dokapon Kingdom,67700.0,239.0,0.016,https://twitchtracker.com/games/19217
364,2043627368,WWE 2K24,66500.0,-9.9,0.016,https://twitchtracker.com/games/2043627368
365,499856,Ghost of Tsushima,66200.0,-3.8,0.016,https://twitchtracker.com/games/499856
366,512033,GODDESS OF VICTORY: NIKKE,66100.0,0.2,0.016,https://twitchtracker.com/games/512033
367,550574460,Butcher's Creek,65800.0,346000.0,0.016,https://twitchtracker.com/games/550574460
368,493618,Hello Neighbor,65700.0,4900.0,0.016,https://twitchtracker.com/games/493618
369,2143844298,BioShock 2 Remastered,65600.0,802.0,0.016,https://twitchtracker.com/games/2143844298
370,416015,Hero Siege,65600.0,1600.0,0.016,https://twitchtracker.com/games/416015
371,502829,R2 Online: Reign of Revolution,65400.00000000001,-26.6,0.016,https://twitchtracker.com/games/502829
372,1956928026,Metel: Horror Escape,65400.00000000001,-53.4,0.016,https://twitchtracker.com/games/1956928026
373,518213,It Takes Two,64400.00000000001,5.0,0.015,https://twitchtracker.com/games/518213
374,7595,Super Metroid,64300.0,3.2,0.015,https://twitchtracker.com/games/7595
375,495811,SCUM,62900.0,27.0,0.015,https://twitchtracker.com/games/495811
376,494806,Metaphor: ReFantazio,62900.0,-21.8,0.015,https://twitchtracker.com/games/494806
377,510056,Epic Seven,62700.0,17.3,0.015,https://twitchtracker.com/games/510056
378,1275666892,Monster Hunter Rise,62100.0,50.4,0.015,https://twitchtracker.com/games/1275666892
379,1447325110,The Texas Chain Saw Massacre,61900.0,27.4,0.015,https://twitchtracker.com/games/1447325110
380,1788326126,Diablo II: Resurrected,61300.0,-23.8,0.015,https://twitchtracker.com/games/1788326126
381,489776,Fallout 4,61100.0,-20.2,0.015,https://twitchtracker.com/games/489776
382,1819887434,Tomb Raider I•II•III Remastered,61000.0,1.9,0.015,https://twitchtracker.com/games/1819887434
383,490948,The Isle,61000.0,-21.9,0.015,https://twitchtracker.com/games/490948
384,1641202444,Until Dawn,61000.0,-55.9,0.015,https://twitchtracker.com/games/1641202444
385,518624,SCP: Fragmented Minds,60900.0,0.0,0.015,https://twitchtracker.com/games/518624
386,509664,Tabletop RPGs,60700.0,8.1,0.015,https://twitchtracker.com/games/509664
387,418016,The Long Dark,60500.0,-27.5,0.014,https://twitchtracker.com/games/418016
388,2109314477,Lonely Mountains: Snow Riders,60100.0,527.0,0.014,https://twitchtracker.com/games/2109314477
389,518014,Gran Turismo 7,59900.0,7.3,0.014,https://twitchtracker.com/games/518014
390,721156300,SUPERVIVE,59900.0,-4.1,0.014,https://twitchtracker.com/games/721156300
391,1143870014,For Sale,59900.0,-42.2,0.014,https://twitchtracker.com/games/1143870014
392,458443,Alien: Isolation,59400.0,14.5,0.014,https://twitchtracker.com/games/458443
393,493036,Worms W.M.D,58500.0,1600.0,0.014,https://twitchtracker.com/games/493036
394,340920845,Backpack Battles,58100.0,-10.4,0.014,https://twitchtracker.com/games/340920845
395,1230742965,TCG Card Shop Simulator,57600.0,4.4,0.014,https://twitchtracker.com/games/1230742965
396,393329718,Old Market Simulator,56500.0,808.0,0.014,https://twitchtracker.com/games/393329718
397,515881069,Mechabellum,56100.0,-11.3,0.013,https://twitchtracker.com/games/515881069
398,2113043143,PAYDAY 3,56000.0,1.6,0.013,https://twitchtracker.com/games/2113043143
399,518017,Resident Evil Village,55300.0,15.7,0.013,https://twitchtracker.com/games/518017
400,1763293114,Guessr.tv,55300.0,3200.0,0.013,https://twitchtracker.com/games/1763293114
401,506410,Dying Light 2: Stay Human,55100.0,137.0,0.013,https://twitchtracker.com/games/506410
402,511295,Predecessor,54300.0,-6.1,0.013,https://twitchtracker.com/games/511295
403,459064,Cuphead,54200.0,-19.1,0.013,https://twitchtracker.com/games/459064
404,1185958139,Murky Divers,54000.0,103.0,0.013,https://twitchtracker.com/games/1185958139
405,458781,No Man's Sky,53500.0,61.5,0.013,https://twitchtracker.com/games/458781
406,492934,Resident Evil 7: Biohazard,53500.0,41.1,0.013,https://twitchtracker.com/games/492934
407,515066,SnowRunner,53400.0,18.7,0.013,https://twitchtracker.com/games/515066
408,1849266533,Full Throttle Remastered,53400.0,55500.0,0.013,https://twitchtracker.com/games/1849266533
409,43579844,Lego & Brickbuilding,53400.0,-41.2,0.013,https://twitchtracker.com/games/43579844
410,508948,Raid: Shadow Legends,52300.0,-11.9,0.013,https://twitchtracker.com/games/508948
411,29433,Dark Souls,52200.0,-27.6,0.013,https://twitchtracker.com/games/29433
412,1654,Gothic II,52100.0,-27.0,0.012,https://twitchtracker.com/games/1654
413,23453,Fallout: New Vegas,52000.0,-8.5,0.012,https://twitchtracker.com/games/23453
414,776413376,Stronghold: Definitive Edition,52000.0,2000.0,0.012,https://twitchtracker.com/games/776413376
415,514888,Crusader Kings III,51800.0,-44.1,0.012,https://twitchtracker.com/games/514888
416,509671,Fitness & Health,51700.0,-43.6,0.012,https://twitchtracker.com/games/509671
417,519495,The Stone of Madness,51500.0,147000.0,0.012,https://twitchtracker.com/games/519495
418,481479876,Cursed Feed,51500.0,62700.0,0.012,https://twitchtracker.com/games/481479876
419,459327,Hearts of Iron IV,51500.0,-31.8,0.012,https://twitchtracker.com/games/459327
420,1335943195,The Cabin Factory,51300.0,-44.6,0.012,https://twitchtracker.com/games/1335943195
421,714257518,Lull Away,50200.0,0.0,0.012,https://twitchtracker.com/games/714257518
422,960705568,Assassin's Creed Shadows,49800.0,0.0,0.012,https://twitchtracker.com/games/960705568
423,942317893,Supermarket Together,49800.0,-0.7,0.012,https://twitchtracker.com/games/942317893
424,13765,Donkey Kong 64,49800.0,19.5,0.012,https://twitchtracker.com/games/13765
425,492535,Celeste,49700.0,-1.3,0.012,https://twitchtracker.com/games/492535
426,7022,The Forest,49500.0,31.7,0.012,https://twitchtracker.com/games/7022
427,623291583,Ghosts of Tabor,49300.0,127.0,0.012,https://twitchtracker.com/games/623291583
428,706931076,Pic-Me!,49100.0,479.0,0.012,https://twitchtracker.com/games/706931076
429,489335,Outer Wilds,48900.0,7.5,0.012,https://twitchtracker.com/games/489335
430,493815,Oxygen Not Included,48800.0,20.4,0.012,https://twitchtracker.com/games/493815
431,770229477,60 Seconds! Reatomized,48700.0,39.8,0.012,https://twitchtracker.com/games/770229477
432,528918758,Shatterline,48700.0,-1.2,0.012,https://twitchtracker.com/games/528918758
433,514661,The Long Drive,48400.0,-80.5,0.012,https://twitchtracker.com/games/514661
434,32345,Borderlands 2,48400.0,23.8,0.012,https://twitchtracker.com/games/32345
435,6959,Eco,47900.0,-31.0,0.011,https://twitchtracker.com/games/6959
436,599619814,Casino Jackpot,47500.0,62.2,0.011,https://twitchtracker.com/games/599619814
437,80607,Elite: Dangerous,47500.0,-7.4,0.011,https://twitchtracker.com/games/80607
438,1246071024,Capybara Go!,47500.0,113000.0,0.011,https://twitchtracker.com/games/1246071024
439,1982936547,Pokémon,47200.0,-35.5,0.011,https://twitchtracker.com/games/1982936547
440,2271,Sonic The Hedgehog,47200.0,-32.2,0.011,https://twitchtracker.com/games/2271
441,1732010235,BREAD,47200.0,0.0,0.011,https://twitchtracker.com/games/1732010235
442,511748,Auto Chess,47200.0,16.4,0.011,https://twitchtracker.com/games/511748
443,125264560,Clone Hero,47200.0,31.3,0.011,https://twitchtracker.com/games/125264560
444,518015,Horizon Forbidden West,47100.0,92.4,0.011,https://twitchtracker.com/games/518015
445,343455332,Crime Scene Cleaner,47000.0,137.0,0.011,https://twitchtracker.com/games/343455332
446,1535286692,White Knuckle,46400.0,3100.0,0.011,https://twitchtracker.com/games/1535286692
447,511701,Ready or Not,46300.0,-27.3,0.011,https://twitchtracker.com/games/511701
448,2109666737,ASTRO BOT,46300.0,6.2,0.011,https://twitchtracker.com/games/2109666737
449,993910146,TrickShot Simulator,46100.0,-76.5,0.011,https://twitchtracker.com/games/993910146
450,8090,FINAL FANTASY IX,46000.0,31.4,0.011,https://twitchtracker.com/games/8090
451,1420,Half-Life 2,45800.0,16.4,0.011,https://twitchtracker.com/games/1420
452,504921,Dragon Ball Legends,45600.0,46.8,0.011,https://twitchtracker.com/games/504921
453,11989,StarCraft,45500.0,4.7,0.011,https://twitchtracker.com/games/11989
454,494683,theHunter: Call of the Wild,45500.0,-1.9,0.011,https://twitchtracker.com/games/494683
455,2120367505,Geo-Political Simulator 5,45400.0,79600.0,0.011,https://twitchtracker.com/games/2120367505
456,597258098,Dale & Dawson Stationery Supplies,45100.0,83.2,0.011,https://twitchtracker.com/games/597258098
457,493997,Super Mario Odyssey,45100.0,-37.5,0.011,https://twitchtracker.com/games/493997
458,8259,TV Station Manager,44500.0,0.6,0.011,https://twitchtracker.com/games/8259
459,497583,Mystery Science Theater 3000,44400.0,2.9,0.011,https://twitchtracker.com/games/497583
460,517769,Mafia: Definitive Edition,44100.0,-1.8,0.011,https://twitchtracker.com/games/517769
461,330654616,Rivals of Aether II,43900.0,32.9,0.011,https://twitchtracker.com/games/330654616
462,519103,PowerWash Simulator,43700.0,-4.3,0.01,https://twitchtracker.com/games/519103
463,5899,Stocks and Bonds,43700.0,26.9,0.01,https://twitchtracker.com/games/5899
464,17179,Star Wars: Knights of the Old Republic,43500.0,663.0,0.01,https://twitchtracker.com/games/17179
465,27103,Sid Meier's Civilization V,43500.0,44.3,0.01,https://twitchtracker.com/games/27103
466,8882,Pinball,43400.0,89.6,0.01,https://twitchtracker.com/games/8882
467,498302,Arena of Valor,42900.0,-0.2,0.01,https://twitchtracker.com/games/498302
468,16676,Team Fortress 2,42700.0,11.0,0.01,https://twitchtracker.com/games/16676
469,67584,Europa Universalis IV,42500.0,-21.5,0.01,https://twitchtracker.com/games/67584
470,980679052,Dead Space,42500.0,-30.5,0.01,https://twitchtracker.com/games/980679052
471,461389,Life is Strange,42000.0,151.0,0.01,https://twitchtracker.com/games/461389
472,512525,Olympic Games Tokyo 2020: The Official Video Game,41800.0,9000.0,0.01,https://twitchtracker.com/games/512525
473,476269,Yakuza 0,41700.0,15.7,0.01,https://twitchtracker.com/games/476269
474,1312214340,Stumble Guys,41700.0,6.0,0.01,https://twitchtracker.com/games/1312214340
475,495202,Fire Emblem: Three Houses,41500.0,457.0,0.01,https://twitchtracker.com/games/495202
476,489401,Call of Duty: Black Ops III,41400.0,20.0,0.01,https://twitchtracker.com/games/489401
477,955166543,Dark Hours,41200.0,75.2,0.01,https://twitchtracker.com/games/955166543
478,9178,Halo 3,41100.0,6400.0,0.01,https://twitchtracker.com/games/9178
479,1337444628,Call of Duty: Modern Warfare III,41100.0,-17.7,0.01,https://twitchtracker.com/games/1337444628
480,772157971,Writing & Reading,40600.0,-21.8,0.01,https://twitchtracker.com/games/772157971
481,493217,Gwent: The Witcher Card Game,40500.0,-10.1,0.01,https://twitchtracker.com/games/493217
482,375828022,Food Delivery Simulator,40400.0,264.0,0.01,https://twitchtracker.com/games/375828022
483,497301,Honor of Kings,40200.0,-7.9,0.01,https://twitchtracker.com/games/497301
484,14333696,Goose Goose Duck,40100.0,4.8,0.01,https://twitchtracker.com/games/14333696
485,18707,Grand Theft Auto IV,39900.0,15.0,0.01,https://twitchtracker.com/games/18707
486,451007760,My Hero Ultra Rumble,39700.0,32.5,0.01,https://twitchtracker.com/games/451007760
487,223869970,"Warhammer 40,000: Space Marine II",39500.0,-26.3,0.009,https://twitchtracker.com/games/223869970
488,2058220722,Poppy Playtime,39400.0,82.1,0.009,https://twitchtracker.com/games/2058220722
489,344035090,Kingdom Come: Deliverance II,39300.0,1000.0,0.009,https://twitchtracker.com/games/344035090
490,799680308,Casino Island Simulator,39300.0,14.6,0.009,https://twitchtracker.com/games/799680308
491,251880403,Tales of Graces f Remastered,39200.0,-51.4,0.009,https://twitchtracker.com/games/251880403
492,988100999,Demon's Souls,39100.0,156.0,0.009,https://twitchtracker.com/games/988100999
493,506407,Gears 5,39100.0,3.1,0.009,https://twitchtracker.com/games/506407
494,490432,Mafia III,38600.0,372.0,0.009,https://twitchtracker.com/games/490432
495,1094044362,WEBFISHING,38300.0,64.3,0.009,https://twitchtracker.com/games/1094044362
496,511864,Persona 5 Royal,38200.0,7.5,0.009,https://twitchtracker.com/games/511864
497,987277565,Stronghold: Crusader - Definitive Edition,38200.0,663.0,0.009,https://twitchtracker.com/games/987277565
498,2052811872,Tyrant's Realm,37800.0,-78.3,0.009,https://twitchtracker.com/games/2052811872
499,143106037,EA Sports FC 24,37300.0,-31.2,0.009,https://twitchtracker.com/games/143106037
500,518144,The Outlast Trials,37200.0,-44.0,0.009,https://twitchtracker.com/games/518144
501,37567722,Romancing SaGa 2: Revenge of the Seven,37100.0,-37.0,0.009,https://twitchtracker.com/games/37567722
502,494508,Yu-Gi-Oh! Duel Links,36900.0,89.9,0.009,https://twitchtracker.com/games/494508
503,313197,Assetto Corsa,36800.0,-54.6,0.009,https://twitchtracker.com/games/313197
504,514974,Battlefield 2042,36800.0,25.5,0.009,https://twitchtracker.com/games/514974
505,868771782,Tales Beyond The Tomb: Pineville Night Stalker,36700.0,760.0,0.009,https://twitchtracker.com/games/868771782
506,503233,Dragon Age: The Veilguard,36600.0,-8.1,0.009,https://twitchtracker.com/games/503233
507,503116,Beat Saber,36600.0,-7.9,0.009,https://twitchtracker.com/games/503116
508,367176203,Ale & Tale Tavern,36500.0,-5.9,0.009,https://twitchtracker.com/games/367176203
509,1940679946,Cine2Nerdle,36300.0,4.9,0.009,https://twitchtracker.com/games/1940679946
510,490413,Board Games,36200.0,-20.8,0.009,https://twitchtracker.com/games/490413
511,255386500,Luma Island,36100.0,62.5,0.009,https://twitchtracker.com/games/255386500
512,2085883200,Mark of the Deep,36100.0,5500.0,0.009,https://twitchtracker.com/games/2085883200
513,1534124527,Five Hearts Under One Roof,36000.0,52.8,0.009,https://twitchtracker.com/games/1534124527
514,31750,Arma 3,35900.0,6.4,0.009,https://twitchtracker.com/games/31750
515,1904996652,Mouthwashing,35700.0,-32.0,0.009,https://twitchtracker.com/games/1904996652
516,1067830406,Love and Deepspace,35700.0,25.3,0.009,https://twitchtracker.com/games/1067830406
517,458738,Desert Bus,35600.0,35900.0,0.009,https://twitchtracker.com/games/458738
518,73914,Clash of Clans,35200.0,-18.7,0.008,https://twitchtracker.com/games/73914
519,508509,Codenames,34900.0,-10.0,0.008,https://twitchtracker.com/games/508509
520,1846293708,Fields of Mistria,34800.0,6.7,0.008,https://twitchtracker.com/games/1846293708
521,107100764,AI2U: With You ‘Till The End,34800.0,45000.0,0.008,https://twitchtracker.com/games/107100764
522,516086,Grounded,34700.0,-13.3,0.008,https://twitchtracker.com/games/516086
523,1679626099,World of Football,34500.0,0.0,0.008,https://twitchtracker.com/games/1679626099
524,155409827,Pokémon Trading Card Game Live,34400.0,-11.5,0.008,https://twitchtracker.com/games/155409827
525,1222194375,Icarus,34400.0,9.5,0.008,https://twitchtracker.com/games/1222194375
526,22848,Red Dead Redemption,34300.0,33.8,0.008,https://twitchtracker.com/games/22848
527,509549,Pummel Party,34300.0,-29.3,0.008,https://twitchtracker.com/games/509549
528,1286840579,Demonologist,34300.0,-75.9,0.008,https://twitchtracker.com/games/1286840579
529,1985775240,Unrailed 2: Back on Track,34200.0,921.0,0.008,https://twitchtracker.com/games/1985775240
530,34025,Kenshi,34000.0,157.0,0.008,https://twitchtracker.com/games/34025
531,1584745140,Pokémon Brilliant Diamond/Shining Pearl,34000.0,354.0,0.008,https://twitchtracker.com/games/1584745140
532,1057431629,Tails of Iron II: Whiskers of Winter,33900.0,0.0,0.008,https://twitchtracker.com/games/1057431629
533,17828,The Legend of Zelda: Twilight Princess,33800.0,72.9,0.008,https://twitchtracker.com/games/17828
534,418410192,One Piece Card Game,33700.0,80.9,0.008,https://twitchtracker.com/games/418410192
535,818770426,Granblue Fantasy Versus: Rising,33700.0,9.9,0.008,https://twitchtracker.com/games/818770426
536,2060730947,Le Mans Ultimate,33600.0,77.8,0.008,https://twitchtracker.com/games/2060730947
537,493388,Foxhole,33600.0,-15.6,0.008,https://twitchtracker.com/games/493388
538,512121,Yakuza: Like a Dragon,33400.0,16.6,0.008,https://twitchtracker.com/games/512121
539,508798,Warhammer,33400.0,-49.9,0.008,https://twitchtracker.com/games/508798
540,506442,DOOM Eternal,33300.0,47.1,0.008,https://twitchtracker.com/games/506442
541,105736009,Chaos Express,33300.0,1400.0,0.008,https://twitchtracker.com/games/105736009
542,31552,777 Casino,33300.0,0.8,0.008,https://twitchtracker.com/games/31552
543,1712837864,PANICORE,32800.0,-9.0,0.008,https://twitchtracker.com/games/1712837864
544,518146,The Last Faith,32700.000000000004,1000.0,0.008,https://twitchtracker.com/games/518146
545,1448964995,Arknights: Endfield,32600.0,-94.3,0.008,https://twitchtracker.com/games/1448964995
546,1937002451,KLETKA,32500.0,42.2,0.008,https://twitchtracker.com/games/1937002451
547,24664,Heroes of Newerth,32299.999999999996,35.0,0.008,https://twitchtracker.com/games/24664
548,493551,Conan Exiles,32100.0,-61.8,0.008,https://twitchtracker.com/games/493551
549,575269630,Just Dance 2025 Edition,32100.0,-9.8,0.008,https://twitchtracker.com/games/575269630
550,1162901384,Fears to Fathom: Ironbark Lookout,32000.0,229.0,0.008,https://twitchtracker.com/games/1162901384
551,1668881185,The Lord of the Rings: Return to Moria,31800.0,-17.1,0.008,https://twitchtracker.com/games/1668881185
552,461246,The Walking Dead: A New Frontier,31800.0,916.0,0.008,https://twitchtracker.com/games/461246
553,18871,Mario Kart Wii,31500.0,-18.4,0.008,https://twitchtracker.com/games/18871
554,813958293,BombParty,31400.0,4600.0,0.008,https://twitchtracker.com/games/813958293
555,489668,Granblue Fantasy,31400.0,159.0,0.008,https://twitchtracker.com/games/489668
556,73586,Outlast,31400.0,-19.4,0.008,https://twitchtracker.com/games/73586
557,488500,Battlefield 1,31300.0,105.0,0.008,https://twitchtracker.com/games/488500
558,499379,Stick Fight: The Game,31100.0,2300.0,0.007,https://twitchtracker.com/games/499379
559,1945673289,The Mortuary Assistant,31100.0,83.8,0.007,https://twitchtracker.com/games/1945673289
560,15062,Vampire: The Masquerade - Bloodlines,31000.0,-67.2,0.007,https://twitchtracker.com/games/15062
561,2092725748,Horizon Zero Dawn Remastered,31000.0,92.5,0.007,https://twitchtracker.com/games/2092725748
562,2755,Half-Life,30900.0,-78.7,0.007,https://twitchtracker.com/games/2755
563,29329,Space Station 13,30800.0,101.0,0.007,https://twitchtracker.com/games/29329
564,492035,Resident Evil,30600.0,85.3,0.007,https://twitchtracker.com/games/492035
565,1332509020,Seifuku Kanojo: School Girlfriend,30600.0,110.0,0.007,https://twitchtracker.com/games/1332509020
566,518402,Earth Defense Force 6,30500.0,-69.7,0.007,https://twitchtracker.com/games/518402
567,477529029,Dwarf Fortress,30100.0,186.0,0.007,https://twitchtracker.com/games/477529029
568,30740,The Walking Dead,30000.0,12.5,0.007,https://twitchtracker.com/games/30740
569,498215,UFO 50,30000.0,-78.9,0.007,https://twitchtracker.com/games/498215
570,28867,Vindictus,29900.0,191.0,0.007,https://twitchtracker.com/games/28867
571,3408,ObsCure,29800.0,3600.0,0.007,https://twitchtracker.com/games/3408
572,518630,Manor Lords,29800.0,-12.3,0.007,https://twitchtracker.com/games/518630
573,562880001,Moving Out 2,29700.0,7000.0,0.007,https://twitchtracker.com/games/562880001
574,15943,The Elder Scrolls III: Morrowind,29600.0,-3.4,0.007,https://twitchtracker.com/games/15943
575,2108477062,Beyond Citadel,29500.0,24500.0,0.007,https://twitchtracker.com/games/2108477062
576,24239,Super Mario Galaxy 2,29500.0,45.5,0.007,https://twitchtracker.com/games/24239
577,505473,Granny,29500.0,48.1,0.007,https://twitchtracker.com/games/505473
578,995720898,God Of War (2005),29500.0,72.2,0.007,https://twitchtracker.com/games/995720898
579,1444831815,Space Engineers 2,29400.0,0.0,0.007,https://twitchtracker.com/games/1444831815
580,492178,Tower Unite,29400.0,539.0,0.007,https://twitchtracker.com/games/492178
581,1262047844,Marvel's Spider-Man Remastered,29400.0,312.0,0.007,https://twitchtracker.com/games/1262047844
582,369591,Donkey Kong Country: Tropical Freeze,29200.0,-57.2,0.007,https://twitchtracker.com/games/369591
583,499132,They Are Billions,29200.0,-39.8,0.007,https://twitchtracker.com/games/499132
584,2043745353,Homicipher,29200.0,379.0,0.007,https://twitchtracker.com/games/2043745353
585,370472,Wreckfest,29200.0,15.6,0.007,https://twitchtracker.com/games/370472
586,394758168,Content Warning,29100.0,-18.2,0.007,https://twitchtracker.com/games/394758168
587,1728683467,Core Keeper,29100.0,-8.1,0.007,https://twitchtracker.com/games/1728683467
588,1749671014,Magicraft,29000.0,444.0,0.007,https://twitchtracker.com/games/1749671014
589,18763,Fallout 3,28700.0,-17.7,0.007,https://twitchtracker.com/games/18763
590,1846570260,Planet Coaster 2,28700.0,-6.3,0.007,https://twitchtracker.com/games/1846570260
591,6715,DOOM,28600.0,169.0,0.007,https://twitchtracker.com/games/6715
592,175650911,Hello Love: 18 Again,28600.0,111.0,0.007,https://twitchtracker.com/games/175650911
593,561013832,Pokémon Legends: Arceus,28500.0,43.9,0.007,https://twitchtracker.com/games/561013832
594,2066107586,Escape the Backrooms,28400.0,-18.3,0.007,https://twitchtracker.com/games/2066107586
595,1741566793,Dragon Quest III: HD-2D Remake,28400.0,9.0,0.007,https://twitchtracker.com/games/1741566793
596,519492,Medieval Dynasty,28200.0,-60.2,0.007,https://twitchtracker.com/games/519492
597,1214355831,In Sink,28200.0,-6.4,0.007,https://twitchtracker.com/games/1214355831
598,1975302275,Shawarma Legend,28100.0,1800.0,0.007,https://twitchtracker.com/games/1975302275
599,518873,"Warhammer 40,000: Darktide",28100.0,-11.7,0.007,https://twitchtracker.com/games/518873
600,369509,Fable Anniversary,28000.0,-30.7,0.007,https://twitchtracker.com/games/369509
601,1975639786,Like a Dragon: Infinite Wealth,28000.0,-15.5,0.007,https://twitchtracker.com/games/1975639786
602,1470211036,Dave the Diver,28000.0,-24.8,0.007,https://twitchtracker.com/games/1470211036
603,506274,Assassin's Creed Odyssey,27900.0,9.6,0.007,https://twitchtracker.com/games/506274
604,10322,FINAL FANTASY X,27800.0,-5.3,0.007,https://twitchtracker.com/games/10322
605,19423,Heavy Rain,27800.0,17.1,0.007,https://twitchtracker.com/games/19423
606,113749,Prime World,27700.0,-1.2,0.007,https://twitchtracker.com/games/113749
607,1457155279,Tails of Iron,27700.0,536.0,0.007,https://twitchtracker.com/games/1457155279
608,432578399,Dreamless,27700.0,9100.0,0.007,https://twitchtracker.com/games/432578399
609,1260,Age of Mythology,27700.0,-2.6,0.007,https://twitchtracker.com/games/1260
610,654160306,Lost Castle 2,27700.0,-5.5,0.007,https://twitchtracker.com/games/654160306
611,1937599489,The Quarry,27600.0,-35.9,0.007,https://twitchtracker.com/games/1937599489
612,264231625,Contractors Showdown,27600.0,35.0,0.007,https://twitchtracker.com/games/264231625
613,19731,Portal 2,27500.0,-17.2,0.007,https://twitchtracker.com/games/19731
614,1010237123,Super Sorry,27500.0,58.5,0.007,https://twitchtracker.com/games/1010237123
615,16967,The Legend of Zelda: The Wind Waker,27400.0,17.0,0.007,https://twitchtracker.com/games/16967
616,1063665418,Out of the Park Baseball 25,27400.0,-2.1,0.007,https://twitchtracker.com/games/1063665418
617,33180,The Last of Us,27200.0,3.7,0.007,https://twitchtracker.com/games/33180
618,18786,Ninja Gaiden II,27200.0,1600.0,0.007,https://twitchtracker.com/games/18786
619,556907291,Cities: Skylines II,27100.0,6.9,0.006,https://twitchtracker.com/games/556907291
620,1176313681,Pilgrim,27000.0,21.8,0.006,https://twitchtracker.com/games/1176313681
621,10229,FINAL FANTASY XI ONLINE,26700.0,-10.6,0.006,https://twitchtracker.com/games/10229
622,11103,UNO,26700.0,352.0,0.006,https://twitchtracker.com/games/11103
623,836519689,DEVOUR,26600.0,39.9,0.006,https://twitchtracker.com/games/836519689
624,498289,CarX Drift Racing Online,26500.0,3.9,0.006,https://twitchtracker.com/games/498289
625,504199,Battlefield V,26200.0,61.6,0.006,https://twitchtracker.com/games/504199
626,1997107609,Mad Games Tycoon 2,26100.0,1300.0,0.006,https://twitchtracker.com/games/1997107609
627,504462,Call of Duty: Black Ops 4,26100.0,-7.1,0.006,https://twitchtracker.com/games/504462
628,302698348,Bunker Invaders,26000.0,25900.0,0.006,https://twitchtracker.com/games/302698348
629,862505933,Who Wants to Be a Millionaire,25800.0,507.0,0.006,https://twitchtracker.com/games/862505933
630,678842894,Arena Breakout,25500.0,5.0,0.006,https://twitchtracker.com/games/678842894
631,1579743743,ALL WILL FALL,25500.0,102000.0,0.006,https://twitchtracker.com/games/1579743743
632,842266336,Saleblazers,25300.0,154.0,0.006,https://twitchtracker.com/games/842266336
633,10384,God of War II,25300.0,69.4,0.006,https://twitchtracker.com/games/10384
634,19589,L.A. Noire,25300.0,22.2,0.006,https://twitchtracker.com/games/19589
635,1102857083,Doomsday: Last Survivors,25200.0,-2.7,0.006,https://twitchtracker.com/games/1102857083
636,4667,Bully: Scholarship Edition,25200.0,267.0,0.006,https://twitchtracker.com/games/4667
637,516789,Sea of Stars,25200.0,161.0,0.006,https://twitchtracker.com/games/516789
638,1462834331,Soulmask,25200.0,-6.5,0.006,https://twitchtracker.com/games/1462834331
639,491572,Stellaris,25000.0,137.0,0.006,https://twitchtracker.com/games/491572
640,1106398281,Drop Duchy,25000.0,688.0,0.006,https://twitchtracker.com/games/1106398281
641,506089309,SIFU,25000.0,72.5,0.006,https://twitchtracker.com/games/506089309
642,512070,Jump King,24900.0,-60.8,0.006,https://twitchtracker.com/games/512070
643,21934,Star Wars: The Old Republic,24900.0,-11.5,0.006,https://twitchtracker.com/games/21934
644,518764,Kukoro: Stream Chat Games,24800.0,2.4,0.006,https://twitchtracker.com/games/518764
645,666511413,The Crew: Motorfest,24700.0,3.7,0.006,https://twitchtracker.com/games/666511413
646,458353,Darkest Dungeon,24700.0,-57.5,0.006,https://twitchtracker.com/games/458353
647,1156876593,Clank!,24700.0,353000.0,0.006,https://twitchtracker.com/games/1156876593
648,494839,Deep Rock Galactic,24600.0,9.5,0.006,https://twitchtracker.com/games/494839
649,34176,Family Guy: Uncensored,24600.0,12.9,0.006,https://twitchtracker.com/games/34176
650,509110,Risk of Rain 2,24600.0,-23.7,0.006,https://twitchtracker.com/games/509110
651,649775967,Resident Evil 3,24500.0,-28.4,0.006,https://twitchtracker.com/games/649775967
652,1241582824,Farming Simulator 22,24400.0,-25.2,0.006,https://twitchtracker.com/games/1241582824
653,10710,Counter-Strike 1.6,24400.0,9.7,0.006,https://twitchtracker.com/games/10710
654,1074401885,Fears to Fathom: Woodbury Getaway,24400.0,-31.3,0.006,https://twitchtracker.com/games/1074401885
655,498523,Conqueror's Blade,24200.0,12.5,0.006,https://twitchtracker.com/games/498523
656,975920470,BUCKSHOT ROULETTE,24200.0,-83.6,0.006,https://twitchtracker.com/games/975920470
657,1468190144,Aion,23900.0,3.8,0.006,https://twitchtracker.com/games/1468190144
658,20061,CABAL Online,23900.0,-16.4,0.006,https://twitchtracker.com/games/20061
659,491318,Borderlands 3,23900.0,12.7,0.006,https://twitchtracker.com/games/491318
660,1156954371,Unpossess,23800.0,-85.8,0.006,https://twitchtracker.com/games/1156954371
661,467401856,The Motel,23800.0,0.0,0.006,https://twitchtracker.com/games/467401856
662,457975278,PokeMMO,23700.0,-13.7,0.006,https://twitchtracker.com/games/457975278
663,13050,Castlevania: Symphony of the Night,23700.0,-69.0,0.006,https://twitchtracker.com/games/13050
664,511229,Pogostuck: Rage With Your Friends,23700.0,-32.3,0.006,https://twitchtracker.com/games/511229
665,61451904,Liminalcore,23700.0,1700.0,0.006,https://twitchtracker.com/games/61451904
666,18775,Mafia II,23700.0,614.0,0.006,https://twitchtracker.com/games/18775
667,380978759,Escape from Tarkov: Arena,23400.0,-9.9,0.006,https://twitchtracker.com/games/380978759
668,880825863,Pacific Drive,23400.0,39.6,0.006,https://twitchtracker.com/games/880825863
669,8489,Chrono Trigger,23400.0,9.4,0.006,https://twitchtracker.com/games/8489
670,41272850,GTA: La Heist,23300.0,-2.5,0.006,https://twitchtracker.com/games/41272850
671,177569847,Trombone Champ,23300.0,2400.0,0.006,https://twitchtracker.com/games/177569847
672,440494608,THE MUTE HOUSE,23300.0,15000.0,0.006,https://twitchtracker.com/games/440494608
673,509529,Super Animal Royale,23200.0,150.0,0.006,https://twitchtracker.com/games/509529
674,1967084783,Marvel's Spider-Man 2,23000.0,7.9,0.006,https://twitchtracker.com/games/1967084783
675,636432195,This Bed We Made,22900.0,442.0,0.005,https://twitchtracker.com/games/636432195
676,1244970157,Undisputed,22900.0,-25.7,0.005,https://twitchtracker.com/games/1244970157
677,1074044196,Alan Wake II,22800.0,31.3,0.005,https://twitchtracker.com/games/1074044196
678,214624087,Brain Show,22700.0,7700.0,0.005,https://twitchtracker.com/games/214624087
679,1535225577,The Last of Us Part II: Remastered,22700.0,-36.9,0.005,https://twitchtracker.com/games/1535225577
680,391475,Space Engineers,22500.0,-13.2,0.005,https://twitchtracker.com/games/391475
681,508662,Identity V,22400.0,3.6,0.005,https://twitchtracker.com/games/508662
682,957103328,Grand Theft Auto: Vice City - The Definitive Edition,22300.0,-60.5,0.005,https://twitchtracker.com/games/957103328
683,1667555869,Castlevania: Symphony of the Night,22300.0,4300.0,0.005,https://twitchtracker.com/games/1667555869
684,511743,Sniper Elite 5,22200.0,270.0,0.005,https://twitchtracker.com/games/511743
685,517330,Assassin's Creed Valhalla,22200.0,0.0,0.005,https://twitchtracker.com/games/517330
686,1290989747,The Legend of Zelda: Echoes of Wisdom,22100.0,-40.0,0.005,https://twitchtracker.com/games/1290989747
687,510588,Journey to the Savage Planet,22100.0,-27.7,0.005,https://twitchtracker.com/games/510588
688,493048,Fate/Grand Order,22000.0,13.1,0.005,https://twitchtracker.com/games/493048
689,467024621,Ōkami HD,21900.0,-17.3,0.005,https://twitchtracker.com/games/467024621
690,460620,Rise of the Tomb Raider,21800.0,139.0,0.005,https://twitchtracker.com/games/460620
691,598247080,Stardeus,21800.0,3000.0,0.005,https://twitchtracker.com/games/598247080
692,2044618072,Zoochosis,21800.0,1300.0,0.005,https://twitchtracker.com/games/2044618072
693,492361,My Candy Love,21700.0,2700.0,0.005,https://twitchtracker.com/games/492361
694,497451,Pokémon Sword/Shield,21700.0,-46.4,0.005,https://twitchtracker.com/games/497451
695,511212,Subnautica: Below Zero,21600.0,-2.1,0.005,https://twitchtracker.com/games/511212
696,1581126534,DREDGE,21600.0,-30.7,0.005,https://twitchtracker.com/games/1581126534
697,733103714,Hero's Land,21600.0,9.9,0.005,https://twitchtracker.com/games/733103714
698,18526,The Elder Scrolls IV: Oblivion,21500.0,23.0,0.005,https://twitchtracker.com/games/18526
699,1519193002,Slice & Dice,21500.0,194.0,0.005,https://twitchtracker.com/games/1519193002
700,32736074,Blood Strike,21500.0,3.0,0.005,https://twitchtracker.com/games/32736074
701,138847148,Casino World,21500.0,31.9,0.005,https://twitchtracker.com/games/138847148
702,673760473,Crab Game,21400.0,36.2,0.005,https://twitchtracker.com/games/673760473
703,27602,Pokémon Black/White,21400.0,-8.3,0.005,https://twitchtracker.com/games/27602
704,369380,Dying Light,21400.0,28.2,0.005,https://twitchtracker.com/games/369380
705,107194810,Phoenix Wright: Ace Attorney Trilogy,21300.0,-18.2,0.005,https://twitchtracker.com/games/107194810
706,9954,EverQuest,21300.0,19.3,0.005,https://twitchtracker.com/games/9954
707,19714,Entropia Universe,21200.0,56.9,0.005,https://twitchtracker.com/games/19714
708,516944,Corepunk,21100.0,-48.1,0.005,https://twitchtracker.com/games/516944
709,1147745783,Inscryption,21100.0,-26.9,0.005,https://twitchtracker.com/games/1147745783
710,446808397,Carry The Glass,21100.0,-6.8,0.005,https://twitchtracker.com/games/446808397
711,509959,Nun Massacre,20900.0,5400.0,0.005,https://twitchtracker.com/games/509959
712,1299090006,Baptisterio,20900.0,124.0,0.005,https://twitchtracker.com/games/1299090006
713,1411398523,Vampire: The Masquerade - Bloodhunt,20700.0,25.2,0.005,https://twitchtracker.com/games/1411398523
714,1229495794,Nine-Ball Roulette,20700.0,137.0,0.005,https://twitchtracker.com/games/1229495794
715,499550,Poker Tournament,20600.0,1.4,0.005,https://twitchtracker.com/games/499550
716,488479,Squad,20600.0,-13.3,0.005,https://twitchtracker.com/games/488479
717,1767350976,ANIMAL WELL,20400.0,248.0,0.005,https://twitchtracker.com/games/1767350976
718,6410,Hitman 2: Silent Assassin,20300.0,321.0,0.005,https://twitchtracker.com/games/6410
719,502682,Simple 2000 Series Vol. 92: The Noroi no Game,20300.0,0.0,0.005,https://twitchtracker.com/games/502682
720,65950,Beyond: Two Souls,20300.0,70.6,0.005,https://twitchtracker.com/games/65950
721,515381,Necesse,20200.0,42.7,0.005,https://twitchtracker.com/games/515381
722,3951,RF Online,20200.0,-2.9,0.005,https://twitchtracker.com/games/3951
723,1538476028,Road 96,20200.0,15.7,0.005,https://twitchtracker.com/games/1538476028
724,1280007947,Limbus Company,20100.0,330.0,0.005,https://twitchtracker.com/games/1280007947
725,494552,The Last of Us Part II,20100.0,-13.5,0.005,https://twitchtracker.com/games/494552
726,313331,DCS World,20100.0,2.5,0.005,https://twitchtracker.com/games/313331
727,32542,Persona 4 Golden,20100.0,2.4,0.005,https://twitchtracker.com/games/32542
728,21222,Max Payne 3,20100.0,2100.0,0.005,https://twitchtracker.com/games/21222
729,492113,Crossout,20100.0,37.6,0.005,https://twitchtracker.com/games/492113
730,493887283,Casino,20100.0,10.5,0.005,https://twitchtracker.com/games/493887283
731,1414211237,House Flipper 2,20000.0,109.0,0.005,https://twitchtracker.com/games/1414211237
732,1407096487,Star Wars Jedi: Survivor,20000.0,-7.9,0.005,https://twitchtracker.com/games/1407096487
733,235198385,Nunholy,20000.0,-69.5,0.005,https://twitchtracker.com/games/235198385
734,1292354152,Poppy Playtime: Chapter 2 - Fly in a Web,19900.0,162.0,0.005,https://twitchtracker.com/games/1292354152
735,516921,Automobilista 2,19900.0,119.0,0.005,https://twitchtracker.com/games/516921
736,11282,FINAL FANTASY VIII,19900.0,-15.8,0.005,https://twitchtracker.com/games/11282
737,6086,Super Mario Sunshine,19900.0,37.8,0.005,https://twitchtracker.com/games/6086
738,417749,Tabletop Simulator,19900.0,37.3,0.005,https://twitchtracker.com/games/417749
739,932336633,Undead Realm: Ego,19800.0,45.0,0.005,https://twitchtracker.com/games/932336633
740,10033,Banjo-Kazooie,19700.0,-1.3,0.005,https://twitchtracker.com/games/10033
741,1238739089,Town of Salem 2,19600.0,223.0,0.005,https://twitchtracker.com/games/1238739089
742,509862,We Were Here Together,19500.0,260.0,0.005,https://twitchtracker.com/games/509862
743,95998382,Blue Archive,19500.0,176.0,0.005,https://twitchtracker.com/games/95998382
744,19180,FINAL FANTASY XV,19500.0,124.0,0.005,https://twitchtracker.com/games/19180
745,497410,Metro Exodus,19400.0,-71.0,0.005,https://twitchtracker.com/games/497410
746,1735523241,Resident Evil 4,19400.0,-52.1,0.005,https://twitchtracker.com/games/1735523241
747,461410,Hellblade: Senua's Sacrifice,19400.0,484.0,0.005,https://twitchtracker.com/games/461410
748,2132752782,Aion Classic,19300.0,32.0,0.005,https://twitchtracker.com/games/2132752782
749,491115,Paladins,19100.0,0.4,0.005,https://twitchtracker.com/games/491115
750,509968,Rocket Boots Mania,19100.0,0.0,0.005,https://twitchtracker.com/games/509968
751,483277575,PokéRogue,19000.0,82.7,0.005,https://twitchtracker.com/games/483277575
752,91423,Dark Souls II,19000.0,-38.9,0.005,https://twitchtracker.com/games/91423
753,506430,Trials Rising,19000.0,396.0,0.005,https://twitchtracker.com/games/506430
754,1418594934,Placid Plastic Duck Simulator,19000.0,-5.7,0.005,https://twitchtracker.com/games/1418594934
755,517282,Mortal Online 2,19000.0,-3.3,0.005,https://twitchtracker.com/games/517282
756,1549167076,S.T.A.L.K.E.R.: Anomaly,18900.0,31.7,0.005,https://twitchtracker.com/games/1549167076
757,6263,Sonic Adventure 2: Battle,18900.0,-1.6,0.005,https://twitchtracker.com/games/6263
758,18446,Snooker,18900.0,-29.7,0.005,https://twitchtracker.com/games/18446
759,1192605928,Speed,18800.0,60700.0,0.005,https://twitchtracker.com/games/1192605928
760,413569,The Lord of the Rings Online,18800.0,-22.7,0.005,https://twitchtracker.com/games/413569
761,7193,Microsoft Flight Simulator,18700.0,-55.1,0.004,https://twitchtracker.com/games/7193
762,491327,The Legend of Zelda: Twilight Princess HD,18700.0,110.0,0.004,https://twitchtracker.com/games/491327
763,1500238812,King of the Castle,18600.0,103.0,0.004,https://twitchtracker.com/games/1500238812
764,513753,THE KING OF FIGHTERS XV,18600.0,72.1,0.004,https://twitchtracker.com/games/513753
765,494131,Little Nightmares,18500.0,9.3,0.004,https://twitchtracker.com/games/494131
766,1703278625,Dollmare,18500.0,-35.4,0.004,https://twitchtracker.com/games/1703278625
767,490702,Yakuza Kiwami,18400.0,167.0,0.004,https://twitchtracker.com/games/490702
768,2124007713,PICO PARK 2,18400.0,-2.9,0.004,https://twitchtracker.com/games/2124007713
769,511195,DRAGON BALL Z: KAKAROT,18400.0,150.0,0.004,https://twitchtracker.com/games/511195
770,1366210635,Ranch Simulator,18400.0,175.0,0.004,https://twitchtracker.com/games/1366210635
771,1960341762,Coral Island,18400.0,-2.1,0.004,https://twitchtracker.com/games/1960341762
772,7830,Age of Empires III,18300.0,31.7,0.004,https://twitchtracker.com/games/7830
773,18181,FINAL FANTASY TACTICS,18300.0,-4.9,0.004,https://twitchtracker.com/games/18181
774,502825,We Were Here Too,18300.0,440.0,0.004,https://twitchtracker.com/games/502825
775,242996276,Backrooms Society,18300.0,1500.0,0.004,https://twitchtracker.com/games/242996276
776,5360,Resident Evil,18300.0,-9.8,0.004,https://twitchtracker.com/games/5360
777,14543,Pokémon Crystal Version,18200.0,0.1,0.004,https://twitchtracker.com/games/14543
778,512034,Stellar Blade,18100.0,-26.6,0.004,https://twitchtracker.com/games/512034
779,1034527557,Nightmare of Decay,18100.0,2300.0,0.004,https://twitchtracker.com/games/1034527557
780,491180,Twitch Plays,18100.0,-6.3,0.004,https://twitchtracker.com/games/491180
781,468880140,PGA TOUR 2K23,18000.0,-18.3,0.004,https://twitchtracker.com/games/468880140
782,510530,Star Trek Fleet Command,18000.0,-7.4,0.004,https://twitchtracker.com/games/510530
783,510590,Hades,17900.0,-7.4,0.004,https://twitchtracker.com/games/510590
784,485100017,Tiny Glade,17900.0,99.5,0.004,https://twitchtracker.com/games/485100017
785,5416,Futurama,17900.0,-16.6,0.004,https://twitchtracker.com/games/5416
786,780037970,Star Wars Outlaws,17800.0,-4.8,0.004,https://twitchtracker.com/games/780037970
787,35442864,Last Train Outta' Wormtown,17800.0,653.0,0.004,https://twitchtracker.com/games/35442864
788,33331,XCOM: Enemy Unknown,17800.0,-54.5,0.004,https://twitchtracker.com/games/33331
789,20810,Assassin's Creed II,17800.0,247.0,0.004,https://twitchtracker.com/games/20810
790,498000,House Flipper,17700.0,13.5,0.004,https://twitchtracker.com/games/498000
791,417892,Z1: Battle Royale,17700.0,6.7,0.004,https://twitchtracker.com/games/417892
792,489594,Agar.io,17700.0,158.0,0.004,https://twitchtracker.com/games/489594
793,1628434805,EA Sports UFC 5,17700.0,-21.1,0.004,https://twitchtracker.com/games/1628434805
794,1995842324,Remnant II,17700.0,-18.8,0.004,https://twitchtracker.com/games/1995842324
795,207,Yu-Gi-Oh! Forbidden Memories,17700.0,20.9,0.004,https://twitchtracker.com/games/207
796,695642082,CAPTURED,17700.0,1100.0,0.004,https://twitchtracker.com/games/695642082
797,5804,Silent Hill 4: The Room,17600.0,63.8,0.004,https://twitchtracker.com/games/5804
798,494162,NieR: Automata,17500.0,-21.7,0.004,https://twitchtracker.com/games/494162
799,2018903128,Fear & Hunger 2: Termina,17500.0,-32.9,0.004,https://twitchtracker.com/games/2018903128
800,1274672891,Spirit City: Lofi Sessions,17400.0,-13.8,0.004,https://twitchtracker.com/games/1274672891
801,2106425216,Gray Zone Warfare,17300.0,12.2,0.004,https://twitchtracker.com/games/2106425216
802,23239,Plants vs. Zombies,17200.0,4.6,0.004,https://twitchtracker.com/games/23239
803,513553,Sky: Children of the Light,17200.0,-21.3,0.004,https://twitchtracker.com/games/513553
804,23894,Call of Duty: Black Ops,17100.0,-3.3,0.004,https://twitchtracker.com/games/23894
805,533344586,Solo Leveling: Arise,17100.0,-20.0,0.004,https://twitchtracker.com/games/533344586
806,1678052513,Call of Duty: Modern Warfare II,17000.0,21.8,0.004,https://twitchtracker.com/games/1678052513
807,1001481454,Only Up: Lizards Must Fall,17000.0,-60.0,0.004,https://twitchtracker.com/games/1001481454
808,1029754927,Stay Out of the House,16900.0,2400.0,0.004,https://twitchtracker.com/games/1029754927
809,1747174592,Rounds,16900.0,368.0,0.004,https://twitchtracker.com/games/1747174592
810,2504,Star Wars: Episode I - Jedi Power Battles,16800.0,88300.0,0.004,https://twitchtracker.com/games/2504
811,989907596,OHV,16800.0,6.3,0.004,https://twitchtracker.com/games/989907596
812,506462,Control,16800.0,1.1,0.004,https://twitchtracker.com/games/506462
813,1580396182,EA Sports WRC,16700.0,50.4,0.004,https://twitchtracker.com/games/1580396182
814,86442345,Archero 2,16700.0,5800.0,0.004,https://twitchtracker.com/games/86442345
815,1295777437,Airport X-Ray Simulator,16700.0,454.0,0.004,https://twitchtracker.com/games/1295777437
816,547501449,Frostpunk 2,16600.0,-58.9,0.004,https://twitchtracker.com/games/547501449
817,20941,Wizard101,16500.0,1.2,0.004,https://twitchtracker.com/games/20941
818,118198,Assassin's Creed IV Black Flag,16500.0,108.0,0.004,https://twitchtracker.com/games/118198
819,1311010677,Planet Crafter,16500.0,-54.4,0.004,https://twitchtracker.com/games/1311010677
820,1768423951,Victoria 3,16500.0,-45.8,0.004,https://twitchtracker.com/games/1768423951
821,1471416868,UFL,16400.0,23.9,0.004,https://twitchtracker.com/games/1471416868
822,17500,Monster Rancher 2,16400.0,2300.0,0.004,https://twitchtracker.com/games/17500
823,1109059789,RetroMMO,16400.0,8.9,0.004,https://twitchtracker.com/games/1109059789
824,1584758405,Xenoblade Chronicles 3,16400.0,47.8,0.004,https://twitchtracker.com/games/1584758405
825,1570280660,Zeepkist,16400.0,55.3,0.004,https://twitchtracker.com/games/1570280660
826,2099118364,Fears to Fathom: Norwood Hitchhike,16300.0,530.0,0.004,https://twitchtracker.com/games/2099118364
827,950189725,MultiVersus,16300.0,0.1,0.004,https://twitchtracker.com/games/950189725
828,418063,Five Nights at Freddy's,16300.0,-23.8,0.004,https://twitchtracker.com/games/418063
829,33882,FTL: Faster Than Light,16300.0,107.0,0.004,https://twitchtracker.com/games/33882
830,976324957,Fears to Fathom: Carson House,16300.0,31.3,0.004,https://twitchtracker.com/games/976324957
831,8793,Metal Gear Solid: The Twin Snakes,16200.0,2200.0,0.004,https://twitchtracker.com/games/8793
832,3130,Mario Party 5,16100.000000000002,168.0,0.004,https://twitchtracker.com/games/3130
833,461492,Keep Talking and Nobody Explodes,16100.000000000002,24.8,0.004,https://twitchtracker.com/games/461492
834,1639504976,Squirrel with a Gun,16100.000000000002,36.5,0.004,https://twitchtracker.com/games/1639504976
835,1174970507,Pairs & Perils,16100.000000000002,959.0,0.004,https://twitchtracker.com/games/1174970507
836,499551,World of Tanks Console,16100.000000000002,-1.2,0.004,https://twitchtracker.com/games/499551
837,32507,SMITE,16100.000000000002,-59.5,0.004,https://twitchtracker.com/games/32507
838,766548668,V Rising,16000.0,16.3,0.004,https://twitchtracker.com/games/766548668
839,31836,Metro: Last Light,16000.0,324.0,0.004,https://twitchtracker.com/games/31836
840,504508,Disco Elysium,15900.0,-27.2,0.004,https://twitchtracker.com/games/504508
841,21812,Demon's Souls,15900.0,220.0,0.004,https://twitchtracker.com/games/21812
842,527382238,Go Home Annie,15900.0,-50.4,0.004,https://twitchtracker.com/games/527382238
843,346078625,Blood on the Clocktower,15800.0,31.7,0.004,https://twitchtracker.com/games/346078625
844,1521014956,Metroid Planets,15800.0,16600.0,0.004,https://twitchtracker.com/games/1521014956
845,83418,Tarot,15800.0,29.4,0.004,https://twitchtracker.com/games/83418
846,1505767674,Mario & Luigi: Brothership,15700.0,-17.8,0.004,https://twitchtracker.com/games/1505767674
847,686119195,Armored Core VI: Fires of Rubicon,15700.0,-25.7,0.004,https://twitchtracker.com/games/686119195
848,497437,The Evil Within 2,15600.0,28.7,0.004,https://twitchtracker.com/games/497437
849,33482702,Spinshot Party,15600.0,111.0,0.004,https://twitchtracker.com/games/33482702
850,19745,Pokémon Platinum Version,15600.0,-34.6,0.004,https://twitchtracker.com/games/19745
851,494082,Visage,15500.0,50.1,0.004,https://twitchtracker.com/games/494082
852,1131512463,Mystic Rest Stop,15500.0,42.0,0.004,https://twitchtracker.com/games/1131512463
853,489729,Caves of Qud,15500.0,-64.7,0.004,https://twitchtracker.com/games/489729
854,18808,Resident Evil 5,15500.0,-10.2,0.004,https://twitchtracker.com/games/18808
855,509998,Rat Hunter,15400.0,0.0,0.004,https://twitchtracker.com/games/509998
856,491467,Guilty Gear XX Accent Core Plus R,15400.0,559.0,0.004,https://twitchtracker.com/games/491467
857,33734,Pokémon Black/White Version 2,15400.0,83.1,0.004,https://twitchtracker.com/games/33734
858,655697363,Abiotic Factor,15200.0,-44.0,0.004,https://twitchtracker.com/games/655697363
859,1829367372,The Legend of Zelda: Skyward Sword HD,15200.0,-39.2,0.004,https://twitchtracker.com/games/1829367372
860,459676,Batman: Arkham Knight,15200.0,-26.5,0.004,https://twitchtracker.com/games/459676
861,509249,The Dark Pictures Anthology: Man of Medan,15200.0,183.0,0.004,https://twitchtracker.com/games/509249
862,490374,Horizon Zero Dawn,15200.0,-67.3,0.004,https://twitchtracker.com/games/490374
863,497659,Derail Valley,15100.0,-3.3,0.004,https://twitchtracker.com/games/497659
864,506458,Overcooked! 2,15100.0,-34.3,0.004,https://twitchtracker.com/games/506458
865,102379163,Umineko When They Cry: Question Arcs,15100.0,1.9,0.004,https://twitchtracker.com/games/102379163
866,642114582,Anime City,15000.0,79.7,0.004,https://twitchtracker.com/games/642114582
867,1431587018,The Roottrees Are Dead,15000.0,-38.7,0.004,https://twitchtracker.com/games/1431587018
868,495764,Golf It!,15000.0,346.0,0.004,https://twitchtracker.com/games/495764
869,458881234,Embervale.TV,15000.0,-9.6,0.004,https://twitchtracker.com/games/458881234
870,1757,Heroes of Might and Magic V,15000.0,31.8,0.004,https://twitchtracker.com/games/1757
871,460637,Dead Island 2,15000.0,-4.4,0.004,https://twitchtracker.com/games/460637
872,493091,FIFA 17,14900.0,687.0,0.004,https://twitchtracker.com/games/493091
873,516984,Radio General,14900.0,33.7,0.004,https://twitchtracker.com/games/516984
874,18780559,Monopoly Go!,14900.0,172.0,0.004,https://twitchtracker.com/games/18780559
875,1787091957,UNDER NIGHT IN-BIRTH II Sys:Celes,14900.0,230.0,0.004,https://twitchtracker.com/games/1787091957
876,500405,MX Bikes,14800.0,-36.0,0.004,https://twitchtracker.com/games/500405
877,955833519,Brighter Shores,14800.0,-9.8,0.004,https://twitchtracker.com/games/955833519
878,518006,Stray,14800.0,-86.9,0.004,https://twitchtracker.com/games/518006
879,422208436,Shiren the Wanderer: The Mystery Dungeon of Serpentcoil Island,14700.0,-14.0,0.004,https://twitchtracker.com/games/422208436
880,460327,Pokémon Omega Ruby/Alpha Sapphire,14600.0,49.9,0.003,https://twitchtracker.com/games/460327
881,7100,Gothic 3,14500.0,23.0,0.003,https://twitchtracker.com/games/7100
882,2138496020,Turok,14500.0,12100.0,0.003,https://twitchtracker.com/games/2138496020
883,5126,Resident Evil 3: Nemesis,14500.0,10.6,0.003,https://twitchtracker.com/games/5126
884,511554,Arknights,14500.0,-59.7,0.003,https://twitchtracker.com/games/511554
885,2070085717,Store Wars: Multiplayer Shop Simulator,14500.0,7000.0,0.003,https://twitchtracker.com/games/2070085717
886,519433,Blood Bowl III,14400.0,-17.3,0.003,https://twitchtracker.com/games/519433
887,565407844,Diplomacy is Not an Option,14300.0,461.0,0.003,https://twitchtracker.com/games/565407844
888,514207,The Dark Pictures Anthology: Little Hope,14300.0,-3.8,0.003,https://twitchtracker.com/games/514207
889,512341,Planet Zoo,14300.0,8.8,0.003,https://twitchtracker.com/games/512341
890,633272614,Split Brain,14300.0,3700.0,0.003,https://twitchtracker.com/games/633272614
891,633454324,Rush Royale,14200.0,-21.2,0.003,https://twitchtracker.com/games/633454324
892,863451903,Phantasy Star Online 2 New Genesis,14200.0,-16.4,0.003,https://twitchtracker.com/games/863451903
893,133897,"Papers, Please",14200.0,34.5,0.003,https://twitchtracker.com/games/133897
894,18703,God of War III,14200.0,368.0,0.003,https://twitchtracker.com/games/18703
895,16782,Xenogears,14200.0,-32.4,0.003,https://twitchtracker.com/games/16782
896,506078,Green Hell,14200.0,-21.2,0.003,https://twitchtracker.com/games/506078
897,517447,TETR.IO,14200.0,58.4,0.003,https://twitchtracker.com/games/517447
898,13732,Table Tennis,14100.0,10.9,0.003,https://twitchtracker.com/games/13732
899,496253,Quake Champions,14000.0,54.0,0.003,https://twitchtracker.com/games/496253
900,33437,Resident Evil 6,13900.0,-16.9,0.003,https://twitchtracker.com/games/33437
901,512746,War by Grow Games,13900.0,-73.1,0.003,https://twitchtracker.com/games/512746
902,450732811,Night Crows,13800.0,-6.6,0.003,https://twitchtracker.com/games/450732811
903,2015434764,LEGO Fortnite: Odyssey,13800.0,-23.4,0.003,https://twitchtracker.com/games/2015434764
904,963008843,Loddlenaut,13700.0,2000.0,0.003,https://twitchtracker.com/games/963008843
905,317912951,Dragon Ball,13700.0,17.7,0.003,https://twitchtracker.com/games/317912951
906,621254945,Dyson Sphere Program,13600.0,12.0,0.003,https://twitchtracker.com/games/621254945
907,460695,Mass Effect: Andromeda,13600.0,-17.0,0.003,https://twitchtracker.com/games/460695
908,2634,Banjo-Tooie,13600.0,-21.5,0.003,https://twitchtracker.com/games/2634
909,18231,Paper Mario,13600.0,157.0,0.003,https://twitchtracker.com/games/18231
910,14766,Super Mario Galaxy,13600.0,11.0,0.003,https://twitchtracker.com/games/14766
911,511780,Workers & Resources: Soviet Republic,13600.0,0.4,0.003,https://twitchtracker.com/games/511780
912,1803004109,Yield! Fall of Rome,13500.0,-83.8,0.003,https://twitchtracker.com/games/1803004109
913,512782,Need for Speed: Heat,13500.0,-8.6,0.003,https://twitchtracker.com/games/512782
914,1198379037,Cuisineer,13500.0,1100.0,0.003,https://twitchtracker.com/games/1198379037
915,5288,Ultima Online,13400.0,-18.0,0.003,https://twitchtracker.com/games/5288
916,10209,LEGO Star Wars: The Complete Saga,13400.0,135.0,0.003,https://twitchtracker.com/games/10209
917,780943616,Motor Town: Behind the Wheel,13400.0,128.0,0.003,https://twitchtracker.com/games/780943616
918,369579,Tom Clancy's The Division,13400.0,16.2,0.003,https://twitchtracker.com/games/369579
919,1555728185,Hitman,13400.0,10300.0,0.003,https://twitchtracker.com/games/1555728185
920,369008,The Inner World,13400.0,222000.0,0.003,https://twitchtracker.com/games/369008
921,2028408685,Escape Simulator,13300.0,25.4,0.003,https://twitchtracker.com/games/2028408685
922,506438,Starfield,13300.0,7.6,0.003,https://twitchtracker.com/games/506438
923,67834,Metal Gear Solid V: Ground Zeroes,13200.0,67.2,0.003,https://twitchtracker.com/games/67834
924,496464,Guilty Gear Xrd: Rev 2,13100.0,550.0,0.003,https://twitchtracker.com/games/496464
925,17794,Shadow the Hedgehog,13100.0,619.0,0.003,https://twitchtracker.com/games/17794
926,30367,EarthBound,13100.0,10.8,0.003,https://twitchtracker.com/games/30367
927,595729278,Metal Gear Solid Master Collection: Volume 1,13000.0,24.0,0.003,https://twitchtracker.com/games/595729278
928,515413,Master of Pottery,13000.0,2000.0,0.003,https://twitchtracker.com/games/515413
929,357223907,Kebab Chefs!: Restaurant Simulator,13000.0,417.0,0.003,https://twitchtracker.com/games/357223907
930,1472681949,Exogate Initiative,13000.0,54100.0,0.003,https://twitchtracker.com/games/1472681949
931,787116983,Kanji de GO!,13000.0,2000.0,0.003,https://twitchtracker.com/games/787116983
932,497412,Ori and the Will of the Wisps,13000.0,58.2,0.003,https://twitchtracker.com/games/497412
933,5492,Diablo,13000.0,111.0,0.003,https://twitchtracker.com/games/5492
934,508292,Bloons TD 6,12900.0,-24.9,0.003,https://twitchtracker.com/games/508292
935,513949,Little Nightmares II,12900.0,-21.0,0.003,https://twitchtracker.com/games/513949
936,103828,Pokémon X/Y,12900.0,19.0,0.003,https://twitchtracker.com/games/103828
937,903914961,THRESHOLD,12900.0,1400.0,0.003,https://twitchtracker.com/games/903914961
938,497248,Yu-Gi-Oh! TRADING CARD GAME,12800.0,80.9,0.003,https://twitchtracker.com/games/497248
939,1833197007,Tower of Fantasy,12800.0,1.2,0.003,https://twitchtracker.com/games/1833197007
940,29918,Warface,12800.0,-7.0,0.003,https://twitchtracker.com/games/29918
941,25751086,ASKA,12800.0,261.0,0.003,https://twitchtracker.com/games/25751086
942,1935520090,IdleOn,12700.0,-53.6,0.003,https://twitchtracker.com/games/1935520090
943,368205,The Legend of Zelda: The Wind Waker HD,12700.0,39.1,0.003,https://twitchtracker.com/games/368205
944,1804231074,MapleStory Worlds,12700.0,-3.9,0.003,https://twitchtracker.com/games/1804231074
945,561028012,Call of Dragons,12600.0,28.4,0.003,https://twitchtracker.com/games/561028012
946,389710668,Pyramids and Aliens: Escape Room,12600.0,7700.0,0.003,https://twitchtracker.com/games/389710668
947,1885901697,Spyro the Dragon,12600.0,30.9,0.003,https://twitchtracker.com/games/1885901697
948,1933145458,The Past Within,12600.0,3500.0,0.003,https://twitchtracker.com/games/1933145458
949,506468,Nioh 2,12500.0,64.3,0.003,https://twitchtracker.com/games/506468
950,495122,State of Decay 2,12500.0,13.9,0.003,https://twitchtracker.com/games/495122
951,505371,Marvel's Spider-Man,12500.0,2.1,0.003,https://twitchtracker.com/games/505371
952,2146039317,Farlight 84,12500.0,22.2,0.003,https://twitchtracker.com/games/2146039317
953,513589,Path of Titans,12500.0,-10.6,0.003,https://twitchtracker.com/games/513589
954,17447,Disciples II: Rise of the Elves,12500.0,-26.9,0.003,https://twitchtracker.com/games/17447
955,29099,BioShock Infinite,12400.0,168.0,0.003,https://twitchtracker.com/games/29099
956,510117,Outlast II,12300.0,12.4,0.003,https://twitchtracker.com/games/510117
957,383199964,Mobile Dungeon,12300.0,53.3,0.003,https://twitchtracker.com/games/383199964
958,496960,Assassin's Creed Origins,12300.0,-4.7,0.003,https://twitchtracker.com/games/496960
959,18958,Dragon Age: Origins,12300.0,14.9,0.003,https://twitchtracker.com/games/18958
960,620142896,Trapped: Family Vacation,12200.0,-43.8,0.003,https://twitchtracker.com/games/620142896
961,34134,Call of Duty: Black Ops II,12200.0,-24.7,0.003,https://twitchtracker.com/games/34134
962,1044890345,Pokémon Infinite Fusion,12200.0,26.2,0.003,https://twitchtracker.com/games/1044890345
963,599893416,Coconut Simulator,12200.0,359.0,0.003,https://twitchtracker.com/games/599893416
964,6025,Test Drive Unlimited,12200.0,2300.0,0.003,https://twitchtracker.com/games/6025
965,370378,City Car Driving,12100.0,-96.3,0.003,https://twitchtracker.com/games/370378
966,17124,Pokémon Yellow Version: Special Pikachu Edition,12100.0,-22.0,0.003,https://twitchtracker.com/games/17124
967,491177,Slime Rancher,12100.0,-41.1,0.003,https://twitchtracker.com/games/491177
968,1345280261,Pretend it's not There,12100.0,2800.0,0.003,https://twitchtracker.com/games/1345280261
969,512709,Call of Duty: Black Ops Cold War,12000.0,-5.3,0.003,https://twitchtracker.com/games/512709
970,476138528,AI: Art Impostor,12000.0,0.0,0.003,https://twitchtracker.com/games/476138528
971,512971,Chivalry 2,11900.0,15.1,0.003,https://twitchtracker.com/games/512971
972,1869263958,Jurassic Park,11900.0,29700.0,0.003,https://twitchtracker.com/games/1869263958
973,1452305763,Hospital 666,11800.0,998.0,0.003,https://twitchtracker.com/games/1452305763
974,15387281,Snowbreak: Containment Zone,11800.0,248.0,0.003,https://twitchtracker.com/games/15387281
975,765395036,TankHead,11800.0,1100.0,0.003,https://twitchtracker.com/games/765395036
976,2400,Marvel vs. Capcom 2: New Age of Heroes,11700.0,-27.0,0.003,https://twitchtracker.com/games/2400
977,7689,FINAL FANTASY,11700.0,62.6,0.003,https://twitchtracker.com/games/7689
978,21842902,Banishers: Ghosts of New Eden,11700.0,31.8,0.003,https://twitchtracker.com/games/21842902
979,497439,Wolfenstein II: The New Colossus,11700.0,-81.9,0.003,https://twitchtracker.com/games/497439
980,68000,The Evil Within,11600.0,-13.5,0.003,https://twitchtracker.com/games/68000
981,1557187997,Elin,11600.0,47.9,0.003,https://twitchtracker.com/games/1557187997
982,510877,UBOAT,11600.0,166.0,0.003,https://twitchtracker.com/games/510877
983,32742,Kerbal Space Program,11600.0,103.0,0.003,https://twitchtracker.com/games/32742
984,33175,South Park: The Stick of Truth,11600.0,9.0,0.003,https://twitchtracker.com/games/33175
985,1951012895,Disney Lorcana Trading Card Game,11600.0,-22.3,0.003,https://twitchtracker.com/games/1951012895
986,2053251455,Firefighting Simulator: The Squad,11500.0,2600.0,0.003,https://twitchtracker.com/games/2053251455
987,519528,Ravenfall,11500.0,14.0,0.003,https://twitchtracker.com/games/519528
988,650967265,Setteeh,11500.0,0.0,0.003,https://twitchtracker.com/games/650967265
989,494364,Death Stranding,11500.0,-14.8,0.003,https://twitchtracker.com/games/494364
990,1432406535,DOOM,11500.0,-14.0,0.003,https://twitchtracker.com/games/1432406535
991,495062,Octopath Traveler,11400.0,6.6,0.003,https://twitchtracker.com/games/495062
992,853664424,Gartic Show,11400.0,-27.3,0.003,https://twitchtracker.com/games/853664424
993,1488315469,Finnish Cottage Simulator,11400.0,-17.3,0.003,https://twitchtracker.com/games/1488315469
994,68016,Black Mesa,11400.0,-26.3,0.003,https://twitchtracker.com/games/68016
995,1617903053,Like a Dragon Gaiden: The Man Who Erased His Name,11400.0,215.0,0.003,https://twitchtracker.com/games/1617903053
996,491189,Scrap Mechanic,11400.0,629.0,0.003,https://twitchtracker.com/games/491189
997,782322359,Forza Motorsport,11400.0,-37.4,0.003,https://twitchtracker.com/games/782322359
998,548794627,Stormgate,11400.0,106.0,0.003,https://twitchtracker.com/games/548794627
999,518256,Travellers Rest,11400.0,-8.4,0.003,https://twitchtracker.com/games/518256
1000,520083701,RISK: The Game of Global Domination,11300.0,-52.8,0.003,https://twitchtracker.com/games/520083701
1001,497432,TUNIC,11300.0,-43.8,0.003,https://twitchtracker.com/games/497432
1002,504651,MARVEL Strike Force,11300.0,-21.9,0.003,https://twitchtracker.com/games/504651
1003,500627,GTFO,11200.0,81.8,0.003,https://twitchtracker.com/games/500627
1004,491220,EA Sports UFC 2,11200.0,-24.0,0.003,https://twitchtracker.com/games/491220
1005,506412,Devil May Cry 5,11200.0,8.0,0.003,https://twitchtracker.com/games/506412
1006,1584836809,Schedule I,11200.0,73.4,0.003,https://twitchtracker.com/games/1584836809
1007,654543582,The Dark Pictures Anthology: The Devil in Me,11200.0,7.4,0.003,https://twitchtracker.com/games/654543582
1008,143662140,Parasocial,11200.0,43.3,0.003,https://twitchtracker.com/games/143662140
1009,510204,Thief Simulator,11200.0,192.0,0.003,https://twitchtracker.com/games/510204
1010,1267688912,Mega Man Maker,11100.0,391.0,0.003,https://twitchtracker.com/games/1267688912
1011,620146360,Another Crab's Treasure,11100.0,26.5,0.003,https://twitchtracker.com/games/620146360
1012,1411785674,Among Ashes,11100.0,44.2,0.003,https://twitchtracker.com/games/1411785674
1013,491117,Fishing Planet,11100.0,-29.4,0.003,https://twitchtracker.com/games/491117
1014,1620441442,Use Your Words 2,11000.0,10.3,0.003,https://twitchtracker.com/games/1620441442
1015,489567,Five Nights at Freddy's 4,11000.0,255.0,0.003,https://twitchtracker.com/games/489567
1016,925276826,Faaast Penguin,11000.0,9.7,0.003,https://twitchtracker.com/games/925276826
1017,330711685,Unaccessible,10900.0,1090000.0,0.003,https://twitchtracker.com/games/330711685
1018,498668,Warhammer: Vermintide 2,10900.0,26.9,0.003,https://twitchtracker.com/games/498668
1019,6818,SUPER GHOULS'N GHOSTS,10900.0,191.0,0.003,https://twitchtracker.com/games/6818
1020,497527,Doki Doki Literature Club!,10900.0,62.9,0.003,https://twitchtracker.com/games/497527
1021,498638,Anno 1800,10900.0,-41.7,0.003,https://twitchtracker.com/games/498638
1022,1775804061,Sonic X Shadow Generations,10800.0,-44.8,0.003,https://twitchtracker.com/games/1775804061
1023,381933311,Dungeon Clawler,10800.0,-87.3,0.003,https://twitchtracker.com/games/381933311
1024,369585,Kingdom Hearts III,10800.0,-10.9,0.003,https://twitchtracker.com/games/369585
1025,1186629179,Ten Bells,10800.0,384.0,0.003,https://twitchtracker.com/games/1186629179
1026,1333912881,Hapland,10700.0,0.0,0.003,https://twitchtracker.com/games/1333912881
1027,1833694612,Vampire Survivors,10700.0,-3.4,0.003,https://twitchtracker.com/games/1833694612
1028,1073354082,Fantasian Neo Dimension,10600.0,19.8,0.003,https://twitchtracker.com/games/1073354082
1029,1407092475,THE GAME OF LIFE 2,10600.0,530.0,0.003,https://twitchtracker.com/games/1407092475
1030,499859,Spelunky 2,10600.0,-13.1,0.003,https://twitchtracker.com/games/499859
1031,1742782570,Haunted,10600.0,0.0,0.003,https://twitchtracker.com/games/1742782570
1032,2009501022,Titan Quest Anniversary Edition,10600.0,-49.3,0.003,https://twitchtracker.com/games/2009501022
1033,1682005069,Breaking Bad: Criminal Elements,10600.0,16000.0,0.003,https://twitchtracker.com/games/1682005069
1034,489297,Lords of the Fallen,10600.0,-4.9,0.003,https://twitchtracker.com/games/489297
1035,498434,Azur Lane,10600.0,529.0,0.003,https://twitchtracker.com/games/498434
1036,288839742,The Stanley Parable: Ultra Deluxe,10600.0,-58.6,0.003,https://twitchtracker.com/games/288839742
1037,1333653085,Mega Man X8 16-bit,10500.0,615.0,0.003,https://twitchtracker.com/games/1333653085
1038,458224,SOMA,10500.0,-51.1,0.003,https://twitchtracker.com/games/458224
1039,943320949,ContractVille,10500.0,28.9,0.003,https://twitchtracker.com/games/943320949
1040,28105,Wii Party,10500.0,106.0,0.003,https://twitchtracker.com/games/28105
1041,502914,Blasphemous,10500.0,27.5,0.003,https://twitchtracker.com/games/502914
1042,722491824,Death Note: Killer Within,10500.0,402.0,0.003,https://twitchtracker.com/games/722491824
1043,28834,Realm of the Mad God,10400.0,-11.4,0.003,https://twitchtracker.com/games/28834
1044,498841,Stream Avatars,10400.0,-32.6,0.002,https://twitchtracker.com/games/498841
1045,459755,Firewatch,10400.0,-78.8,0.002,https://twitchtracker.com/games/459755
1046,496697,Code Vein,10400.0,-11.4,0.002,https://twitchtracker.com/games/496697
1047,1042236765,GIRLS' FRONTLINE 2: EXILIUM,10400.0,-86.5,0.002,https://twitchtracker.com/games/1042236765
1048,9683,SpongeBob SquarePants: Battle For Bikini Bottom,10400.0,26.2,0.002,https://twitchtracker.com/games/9683
1049,4672,The Legend of Heroes: Trails in the Sky,10400.0,-32.2,0.002,https://twitchtracker.com/games/4672
1050,31761,Dragon Age: Inquisition,10400.0,-29.5,0.002,https://twitchtracker.com/games/31761
1051,514313,Ring Fit Adventure,10300.0,-28.2,0.002,https://twitchtracker.com/games/514313
1052,1055720961,beatmania IIDX INFINITAS,10300.0,295.0,0.002,https://twitchtracker.com/games/1055720961
1053,1767132907,Suicide Squad: Kill the Justice League,10200.0,-41.1,0.002,https://twitchtracker.com/games/1767132907
1054,11854,Crash Bandicoot: Warped,10200.0,-8.9,0.002,https://twitchtracker.com/games/11854
1055,1281,Toontown Online,10200.0,-21.5,0.002,https://twitchtracker.com/games/1281
1056,116422423,Amanda the Adventurer 2,10200.0,24.7,0.002,https://twitchtracker.com/games/116422423
1057,512226,World of Warships: Legends,10200.0,31.4,0.002,https://twitchtracker.com/games/512226
1058,10236,True Crime: Streets of LA,10100.0,145000.0,0.002,https://twitchtracker.com/games/10236
1059,1555754930,Out of Ore,10100.0,-24.2,0.002,https://twitchtracker.com/games/1555754930
1060,496040,Duolingo,10100.0,85.6,0.002,https://twitchtracker.com/games/496040
1061,460619,Ori and the Blind Forest,10100.0,31.2,0.002,https://twitchtracker.com/games/460619
1062,8855,Need for Speed: Underground 2,10100.0,82.1,0.002,https://twitchtracker.com/games/8855
1063,497385,Dragon Ball FighterZ,10100.0,66.5,0.002,https://twitchtracker.com/games/497385
1064,415996276,Aotenjo: Infinite Hands,10100.0,87.0,0.002,https://twitchtracker.com/games/415996276
1065,511746,Back 4 Blood,10100.0,-68.8,0.002,https://twitchtracker.com/games/511746
1066,497156,Lottery Simulator,10100.0,4.9,0.002,https://twitchtracker.com/games/497156
1067,506489,Vigor,10000.0,1.7,0.002,https://twitchtracker.com/games/506489
1068,496941,News Tycoon,10000.0,0.3,0.002,https://twitchtracker.com/games/496941
1069,503018,With Your Destiny,10000.0,59.9,0.002,https://twitchtracker.com/games/503018
