,id,nombre,media_viewers,7-day_change_%,twitch_share_%,enlace
0,509658,Just Chatting,390000,-4.4,15.713,https://twitchtracker.com/games/509658
0,21779,League of Legends,170000,4.0,6.843,https://twitchtracker.com/games/21779
0,32982,Grand Theft Auto V,146000,7.2,5.868,https://twitchtracker.com/games/32982
0,32399,Counter-Strike,102000,11.1,4.129,https://twitchtracker.com/games/32399
0,516575,VALORANT,98400,-14.5,3.966,https://twitchtracker.com/games/516575
0,1264310518,Marvel Rivals,81500,-27.0,3.284,https://twitchtracker.com/games/1264310518
0,33214,Fortnite,65500,-8.5,2.64,https://twitchtracker.com/games/33214
0,18122,World of Warcraft,65099,0.9,2.624,https://twitchtracker.com/games/18122
0,29595,Dota 2,64400,24.5,2.596,https://twitchtracker.com/games/29595
0,2011938005,EA Sports FC 25,49700,-9.3,2.002,https://twitchtracker.com/games/2011938005
0,27471,Minecraft,47000,10.4,1.895,https://twitchtracker.com/games/27471
0,491931,Escape from Tarkov,38900,-9.1,1.568,https://twitchtracker.com/games/491931
0,0,Variety,26100,-5.5,1.05,https://twitchtracker.com/games/0
0,512710,Call of Duty: Warzone,25500,5.5,1.025,https://twitchtracker.com/games/512710
0,500188,Hunt: Showdown 1896,25000,673.0,1.005,https://twitchtracker.com/games/500188
0,513143,Teamfight Tactics,24000,10.5,0.965,https://twitchtracker.com/games/513143
0,491487,Dead by Daylight,21000,-4.6,0.846,https://twitchtracker.com/games/491487
0,511224,Apex Legends,20400,20.4,0.822,https://twitchtracker.com/games/511224
0,509672,IRL,20300,38.0,0.816,https://twitchtracker.com/games/509672
0,30921,Rocket League,17200,50.6,0.693,https://twitchtracker.com/games/30921
0,29452,Virtual Casino,15500,3.7,0.626,https://twitchtracker.com/games/29452
0,1672324422,Call of Duty: Black Ops 6,15300,8.2,0.615,https://twitchtracker.com/games/1672324422
0,509659,ASMR,15100,9.2,0.607,https://twitchtracker.com/games/509659
0,1702520304,Path of Exile 2,14700,-51.0,0.592,https://twitchtracker.com/games/1702520304
0,460630,Tom Clancy's Rainbow Six Siege,14300,-5.3,0.578,https://twitchtracker.com/games/460630
0,31339,Project Zomboid,13600,-9.3,0.547,https://twitchtracker.com/games/31339
0,55453844,Street Fighter 6,13400,20.0,0.542,https://twitchtracker.com/games/55453844
0,138585,Hearthstone,13100,16.0,0.526,https://twitchtracker.com/games/138585
0,493057,PUBG: BATTLEGROUNDS,12600,15.3,0.506,https://twitchtracker.com/games/493057
0,1282866981,Delta Force,12100,-28.0,0.488,https://twitchtracker.com/games/1282866981
0,515025,Overwatch 2,11800,50.1,0.475,https://twitchtracker.com/games/515025
0,1173950709,Streamer Life Simulator 2,11700,0.0,0.472,https://twitchtracker.com/games/1173950709
0,499973,Always On,11700,-5.0,0.469,https://twitchtracker.com/games/499973
0,512953,ELDEN RING,11500,7.0,0.463,https://twitchtracker.com/games/512953
0,509663,Special Events,11400,-80.9,0.459,https://twitchtracker.com/games/509663
0,27546,World of Tanks,11400,41.3,0.458,https://twitchtracker.com/games/27546
0,263490,Rust,10600,-16.6,0.426,https://twitchtracker.com/games/263490
0,518203,Sports,10500,-4.3,0.423,https://twitchtracker.com/games/518203
0,26936,Music,10100,-8.4,0.406,https://twitchtracker.com/games/26936
0,509660,Art,9900,-3.1,0.4,https://twitchtracker.com/games/509660
0,1669431183,DJs,9800,4.2,0.395,https://twitchtracker.com/games/1669431183
0,498566,Slots,9600,-5.9,0.386,https://twitchtracker.com/games/498566
0,1398657661,Anime Squad,8300,-4.9,0.336,https://twitchtracker.com/games/1398657661
0,27284,Retro,8000,5.1,0.324,https://twitchtracker.com/games/27284
0,499634,Crypto,7700,-9.0,0.31,https://twitchtracker.com/games/499634
0,1417254279,Ninja Gaiden II Black,7700,0.0,0.308,https://twitchtracker.com/games/1417254279
0,498592,I'm Only Sleeping,7200,-38.2,0.291,https://twitchtracker.com/games/498592
0,66082,Games + Demos,7100,12.9,0.288,https://twitchtracker.com/games/66082
0,23020,ROBLOX,7100,-10.6,0.285,https://twitchtracker.com/games/23020
0,515024,Diablo IV,6900,28.0,0.276,https://twitchtracker.com/games/515024
0,1863222988,Kings League,6900,17.4,0.276,https://twitchtracker.com/games/1863222988
0,401587136,Arena Breakout: Infinite,6400,29.2,0.258,https://twitchtracker.com/games/401587136
0,490100,Lost Ark,5800,66.2,0.235,https://twitchtracker.com/games/490100
0,386821,Black Desert,5800,4.5,0.235,https://twitchtracker.com/games/386821
0,19619,Tibia,5700,0.5,0.231,https://twitchtracker.com/games/19619
0,458912,Kingdom Come: Deliverance,5700,-8.0,0.231,https://twitchtracker.com/games/458912
0,513181,Genshin Impact,5700,-19.4,0.229,https://twitchtracker.com/games/513181
0,272263131,"Animals, Aquariums, and Zoos",5600,3.4,0.227,https://twitchtracker.com/games/272263131
0,65632,DayZ,5600,-0.8,0.224,https://twitchtracker.com/games/65632
0,490377,Sea of Thieves,5500,36.7,0.223,https://twitchtracker.com/games/490377
0,417752,Talk Shows & Podcasts,5500,3.9,0.22,https://twitchtracker.com/games/417752
0,1853781077,The Headliners,5500,0.0,0.22,https://twitchtracker.com/games/1853781077
0,2068583461,NBA 2K25,5200,-8.0,0.208,https://twitchtracker.com/games/2068583461
0,497057,Destiny 2,5100,47.0,0.205,https://twitchtracker.com/games/497057
0,743,Chess,5000,-3.3,0.203,https://twitchtracker.com/games/743
0,493959,Red Dead Redemption 2,4900,-6.1,0.198,https://twitchtracker.com/games/493959
0,417528,Albion Online,4800,-5.2,0.193,https://twitchtracker.com/games/417528
0,518184,Phasmophobia,4800,8.6,0.192,https://twitchtracker.com/games/518184
0,2009321156,Dark and Darker,4600,2.5,0.184,https://twitchtracker.com/games/2009321156
0,19801,Throne and Liberty,4400,157.0,0.178,https://twitchtracker.com/games/19801
0,459931,Old School RuneScape,4300,-4.4,0.173,https://twitchtracker.com/games/459931
0,745589378,Balatro,4300,97.2,0.171,https://twitchtracker.com/games/745589378
0,511399,Super Mario Maker 2,4200,91.7,0.171,https://twitchtracker.com/games/511399
0,510218,Among Us,4200,-32.0,0.169,https://twitchtracker.com/games/510218
0,2897,The Simpsons: Hit & Run,4200,-13.4,0.168,https://twitchtracker.com/games/2897
0,369418,GeoGuessr,4100,133.0,0.166,https://twitchtracker.com/games/369418
0,255298418,FINAL FANTASY VII REBIRTH,4100,1200.0,0.163,https://twitchtracker.com/games/255298418
0,12839,Heroes of Might and Magic III: The Restoration of Erathia,4000,15.4,0.163,https://twitchtracker.com/games/12839
0,66170,Warframe,4000,-6.3,0.162,https://twitchtracker.com/games/66170
0,24241,FINAL FANTASY XIV ONLINE,4000,-8.5,0.162,https://twitchtracker.com/games/24241
0,385462765,Realities,4000,0.0,0.16,https://twitchtracker.com/games/385462765
0,687129551,Trackmania,3900,88.5,0.159,https://twitchtracker.com/games/687129551
0,456845141,Zenless Zone Zero,3800,27.2,0.154,https://twitchtracker.com/games/456845141
0,499003,VRChat,3700,-5.4,0.149,https://twitchtracker.com/games/499003
0,497467,Monster Hunter: World,3500,-29.7,0.142,https://twitchtracker.com/games/497467
0,209738946,Wuthering Waves,3500,42.4,0.14,https://twitchtracker.com/games/209738946
0,1494,Call of Duty,3300,0.3,0.133,https://twitchtracker.com/games/1494
0,2094865572,SMITE 2,3300,-56.2,0.132,https://twitchtracker.com/games/2094865572
0,616657652,Orcs Must Die! Deathtrap,3200,6100.0,0.13,https://twitchtracker.com/games/616657652
0,498417,Vintage Story,3200,1400.0,0.13,https://twitchtracker.com/games/498417
0,2748,Magic: The Gathering,3200,10.1,0.13,https://twitchtracker.com/games/2748
0,494184,Mobile Legends: Bang Bang,3200,4.6,0.128,https://twitchtracker.com/games/494184
0,271304,7 Days to Die,3100,0.5,0.124,https://twitchtracker.com/games/271304
0,213930085,Honkai: Star Rail,3000,-52.3,0.121,https://twitchtracker.com/games/213930085
0,65876,Cyberpunk 2077,3000,53.8,0.119,https://twitchtracker.com/games/65876
0,2085980140,Lethal Company,2900,-22.4,0.119,https://twitchtracker.com/games/2085980140
0,1320984402,Madden NFL 25,2900,1.1,0.116,https://twitchtracker.com/games/1320984402
0,737987407,Enshrouded,2800,689.0,0.113,https://twitchtracker.com/games/737987407
0,512923,Baldur's Gate 3,2700,11.2,0.109,https://twitchtracker.com/games/512923
0,71375,Star Citizen,2700,2.1,0.109,https://twitchtracker.com/games/71375
0,505963,Atomic Heart,2700,3700.0,0.109,https://twitchtracker.com/games/505963
0,182632692,Kiosk,2600,3400.0,0.105,https://twitchtracker.com/games/182632692
0,691357727,Amagami,2600,-68.1,0.104,https://twitchtracker.com/games/691357727
0,100599372,MISTERY,2500,60.1,0.1,https://twitchtracker.com/games/100599372
0,1196356222,MiSide,2500,-38.6,0.099,https://twitchtracker.com/games/1196356222
0,3151,Tournament Poker,2400,-10.6,0.098,https://twitchtracker.com/games/3151
0,1441208453,Once Human,2400,-45.7,0.098,https://twitchtracker.com/games/1441208453
0,497480,Detroit: Become Human,2400,29.3,0.096,https://twitchtracker.com/games/497480
0,1036710512,Palworld,2400,-17.0,0.096,https://twitchtracker.com/games/1036710512
0,13332,Pokémon FireRed/LeafGreen,2400,-7.5,0.096,https://twitchtracker.com/games/13332
0,511471,Darkest Dungeon II,2400,3200.0,0.095,https://twitchtracker.com/games/511471
0,491878,BeamNG.drive,2300,2200.0,0.094,https://twitchtracker.com/games/491878
0,494436328,The Bazaar,2300,75.0,0.093,https://twitchtracker.com/games/494436328
0,1250647518,Sniper Elite: Resistance,2300,112000.0,0.091,https://twitchtracker.com/games/1250647518
0,488190,Poker,2200,20.2,0.09,https://twitchtracker.com/games/488190
0,509511,Marbles on Stream,2200,8.9,0.09,https://twitchtracker.com/games/509511
0,1393304883,Mir Tankov,2200,9.9,0.089,https://twitchtracker.com/games/1393304883
0,116747788,"Pools, Hot Tubs, and Beaches",2200,-16.1,0.088,https://twitchtracker.com/games/116747788
0,497497,Brawl Stars,2200,-21.1,0.088,https://twitchtracker.com/games/497497
0,12924,Warcraft III,2200,-53.8,0.088,https://twitchtracker.com/games/12924
0,670867987,Pokémon Scarlet/Violet,2200,-15.2,0.088,https://twitchtracker.com/games/670867987
0,13389,Age of Empires II,2200,14.8,0.088,https://twitchtracker.com/games/13389
0,1901799151,DYNASTY WARRIORS: ORIGINS,2200,-72.3,0.087,https://twitchtracker.com/games/1901799151
0,460090,Subnautica,2200,24.5,0.087,https://twitchtracker.com/games/460090
0,1122982998,Dark Souls: Remastered,2100,108.0,0.085,https://twitchtracker.com/games/1122982998
0,1469308723,Software and Game Development,2100,1.9,0.085,https://twitchtracker.com/games/1469308723
0,369252,The Sims 4,2100,-14.3,0.085,https://twitchtracker.com/games/369252
0,538054672,TEKKEN 8,2100,-1.8,0.084,https://twitchtracker.com/games/538054672
0,460636,Bloodborne,2100,53.1,0.084,https://twitchtracker.com/games/460636
0,819884489,Paranormal Night Shift,2100,2700.0,0.084,https://twitchtracker.com/games/819884489
0,960705568,Assassin's Creed Shadows,2100,0.0,0.084,https://twitchtracker.com/games/960705568
0,478407715,Arma Reforger,2100,4.8,0.083,https://twitchtracker.com/games/478407715
0,502732,Garena Free Fire,2000,-4.8,0.082,https://twitchtracker.com/games/502732
0,490422,StarCraft II,2000,5.6,0.081,https://twitchtracker.com/games/490422
0,516588,Rise Online,2000,2.3,0.08,https://twitchtracker.com/games/516588
0,983841243,Off The Grid,2000,17.3,0.08,https://twitchtracker.com/games/983841243
0,34135,God of War: Ascension,2000,32700.000000000004,0.079,https://twitchtracker.com/games/34135
0,66366,War Thunder,2000,26.3,0.079,https://twitchtracker.com/games/66366
0,32502,World of Warships,2000,-6.7,0.079,https://twitchtracker.com/games/32502
0,512864,Eternal Return,2000,-11.2,0.079,https://twitchtracker.com/games/512864
0,486102336,Dragon Quest XI S: Echoes of an Elusive Age - Definitive Edition,1900,-10.3,0.078,https://twitchtracker.com/games/486102336
0,1360792487,Fast Food Simulator,1900,-46.7,0.077,https://twitchtracker.com/games/1360792487
0,2692,Super Mario 64,1900,-31.6,0.077,https://twitchtracker.com/games/2692
0,31336,Metin2,1900,-66.7,0.076,https://twitchtracker.com/games/31336
0,11557,The Legend of Zelda: Ocarina of Time,1900,46.4,0.075,https://twitchtracker.com/games/11557
0,2132205352,Deadlock,1900,-19.1,0.075,https://twitchtracker.com/games/2132205352
0,65654,The Elder Scrolls Online,1800,8.1,0.074,https://twitchtracker.com/games/65654
0,488634,Don't Starve Together,1800,684.0,0.072,https://twitchtracker.com/games/488634
0,1414860634,The Binding of Isaac: Repentance,1800,-1.8,0.072,https://twitchtracker.com/games/1414860634
0,1599346425,Co-working & Studying,1800,1.2,0.071,https://twitchtracker.com/games/1599346425
0,115977,The Witcher 3: Wild Hunt,1800,-10.7,0.071,https://twitchtracker.com/games/115977
0,232131679,EA Sports College Football 25,1700,-33.6,0.069,https://twitchtracker.com/games/232131679
0,982017546,Palia,1700,426.0,0.068,https://twitchtracker.com/games/982017546
0,1494074023,Lycans,1700,4900.0,0.068,https://twitchtracker.com/games/1494074023
0,490744,Stardew Valley,1700,-7.1,0.068,https://twitchtracker.com/games/490744
0,2134326347,Heroes of Hammerwatch II,1700,-45.2,0.068,https://twitchtracker.com/games/2134326347
0,496902,Slay the Spire,1600,39.1,0.066,https://twitchtracker.com/games/496902
0,20596,Dofus,1600,-10.5,0.066,https://twitchtracker.com/games/20596
0,489405,Dragon Ball Z: Dokkan Battle,1600,262.0,0.066,https://twitchtracker.com/games/489405
0,75467,Euro Truck Simulator 2,1600,6.9,0.065,https://twitchtracker.com/games/75467
0,29307,Path of Exile,1600,507.0,0.065,https://twitchtracker.com/games/29307
0,505884,PUBG Mobile,1600,1.1,0.065,https://twitchtracker.com/games/505884
0,19554,iRacing,1600,-62.8,0.064,https://twitchtracker.com/games/19554
0,1515015750,Strinova,1600,-49.8,0.064,https://twitchtracker.com/games/1515015750
0,491168,Clash Royale,1600,11.4,0.064,https://twitchtracker.com/games/491168
0,8105,South Park,1600,-9.7,0.063,https://twitchtracker.com/games/8105
0,735904419,ARK: Survival Ascended,1500,-6.9,0.062,https://twitchtracker.com/games/735904419
0,19976,MapleStory,1500,0.8,0.062,https://twitchtracker.com/games/19976
0,262437666,Farming Simulator 25,1500,0.5,0.062,https://twitchtracker.com/games/262437666
0,512980,Fall Guys,1500,-19.6,0.062,https://twitchtracker.com/games/512980
0,2128139746,The Quinfall,1500,38100.0,0.062,https://twitchtracker.com/games/2128139746
0,1330093788,Voices of the Void,1500,33.3,0.061,https://twitchtracker.com/games/1330093788
0,518186,Party Animals,1500,521.0,0.061,https://twitchtracker.com/games/518186
0,889177802,Drug Dealer Simulator 2,1500,6200.0,0.061,https://twitchtracker.com/games/889177802
0,508455,Valheim,1500,2.4,0.06,https://twitchtracker.com/games/508455
0,506416,Halo Infinite,1500,42.2,0.059,https://twitchtracker.com/games/506416
0,105736009,Chaos Express,1400,211.0,0.058,https://twitchtracker.com/games/105736009
0,509577,Dungeons & Dragons,1400,-1.2,0.058,https://twitchtracker.com/games/509577
0,497509,Ashes of Creation,1400,-47.5,0.058,https://twitchtracker.com/games/497509
0,948446385,Unicorn Overlord,1400,5400.0,0.058,https://twitchtracker.com/games/948446385
0,9618,Pokémon Trading Card Game,1400,-7.3,0.057,https://twitchtracker.com/games/9618
0,506415,Sekiro: Shadows Die Twice,1400,65.9,0.057,https://twitchtracker.com/games/506415
0,1499221970,Eternal Strands,1400,416.0,0.057,https://twitchtracker.com/games/1499221970
0,509667,Food & Drink,1400,-11.0,0.057,https://twitchtracker.com/games/509667
0,766571430,HELLDIVERS 2,1400,3.2,0.057,https://twitchtracker.com/games/766571430
0,514858,League of Legends: Wild Rift,1400,5.9,0.056,https://twitchtracker.com/games/514858
0,493597,New World: Aeternum,1400,-21.3,0.056,https://twitchtracker.com/games/493597
0,509538,Animal Crossing: New Horizons,1400,-0.9,0.055,https://twitchtracker.com/games/509538
0,298860868,Age of Darkness: Final Stand,1300,-9.4,0.054,https://twitchtracker.com/games/298860868
0,481479876,Cursed Feed,1300,44500.0,0.054,https://twitchtracker.com/games/481479876
0,2014795392,Infinity Nikki,1300,67.7,0.053,https://twitchtracker.com/games/2014795392
0,490292,DARK SOULS III,1300,11.9,0.053,https://twitchtracker.com/games/490292
0,375403621,Pokémon Trading Card Game Pocket,1300,23.1,0.052,https://twitchtracker.com/games/375403621
0,1119642287,Yu-Gi-Oh! Master Duel,1300,-10.5,0.052,https://twitchtracker.com/games/1119642287
0,21465,osu!,1300,-18.7,0.051,https://twitchtracker.com/games/21465
0,1471610418,Super Mario Party Jamboree,1300,-48.4,0.051,https://twitchtracker.com/games/1471610418
0,966704637,MIR 4,1300,-12.6,0.051,https://twitchtracker.com/games/966704637
0,1397606945,Indiana Jones and the Great Circle,1300,-7.0,0.05,https://twitchtracker.com/games/1397606945
0,195053862,Resident Evil 2,1200,149.0,0.05,https://twitchtracker.com/games/195053862
0,669337588,Microsoft Flight Simulator 2024,1200,106.0,0.049,https://twitchtracker.com/games/669337588
0,34054,El Chavo,1200,-8.3,0.049,https://twitchtracker.com/games/34054
0,29056,Knight Online,1200,-12.0,0.049,https://twitchtracker.com/games/29056
0,509673,Makers & Crafting,1200,16.1,0.049,https://twitchtracker.com/games/509673
0,322503446,Resident Evil 4,1200,27.1,0.049,https://twitchtracker.com/games/322503446
0,799246612,Aloft,1200,-75.1,0.048,https://twitchtracker.com/games/799246612
0,30028,The Elder Scrolls V: Skyrim,1200,-5.2,0.047,https://twitchtracker.com/games/30028
0,479977659,Make Good Choices,1200,148.0,0.047,https://twitchtracker.com/games/479977659
0,19217,Dokapon Kingdom,1200,258.0,0.047,https://twitchtracker.com/games/19217
0,18846,Garry's Mod,1200,15.9,0.047,https://twitchtracker.com/games/18846
0,394568,RimWorld,1200,1.3,0.046,https://twitchtracker.com/games/394568
0,6521,Grand Theft Auto: San Andreas,1100,-29.2,0.046,https://twitchtracker.com/games/6521
0,518624,SCP: Fragmented Minds,1100,0.0,0.046,https://twitchtracker.com/games/518624
0,1057274213,Gaggl,1100,280.0,0.046,https://twitchtracker.com/games/1057274213
0,2034923573,Driving Is Hard,1100,3800.0,0.046,https://twitchtracker.com/games/2034923573
0,504461,Super Smash Bros. Ultimate,1100,5.1,0.044,https://twitchtracker.com/games/504461
0,68351,Mount & Blade II: Bannerlord,1100,5.6,0.044,https://twitchtracker.com/games/68351
0,493174,Jackbox Party Packs,1100,-8.4,0.043,https://twitchtracker.com/games/493174
0,458641,Uncharted 4: A Thief's End,1100,32.0,0.043,https://twitchtracker.com/games/458641
0,16937,Artifact,1000,0.0,0.042,https://twitchtracker.com/games/16937
0,1313790173,Tokyo Xtreme Racer,1000,7800.0,0.041,https://twitchtracker.com/games/1313790173
0,685022220,Amenti,1000,-45.3,0.041,https://twitchtracker.com/games/685022220
0,518379,Pokémon UNITE,1000,16.6,0.04,https://twitchtracker.com/games/518379
0,512708,Mahjong Soul,989,338.0,0.04,https://twitchtracker.com/games/512708
0,1106398281,Drop Duchy,988,1000.0,0.04,https://twitchtracker.com/games/1106398281
0,2058570718,Silent Hill 2,986,-14.1,0.04,https://twitchtracker.com/games/2058570718
0,1496435078,Casino Simulator 2024,983,10.8,0.04,https://twitchtracker.com/games/1496435078
0,512821,Words On Stream,977,10.8,0.039,https://twitchtracker.com/games/512821
0,1246071024,Capybara Go!,972,32299.999999999996,0.039,https://twitchtracker.com/games/1246071024
0,1050003477,The Elder Scrolls V: Skyrim - Special Edition,968,9.4,0.039,https://twitchtracker.com/games/1050003477
0,81660490,Greed Stays Home,958,0.0,0.039,https://twitchtracker.com/games/81660490
0,2104758320,The First Descendant,948,-61.0,0.038,https://twitchtracker.com/games/2104758320
0,706931076,Pic-Me!,944,560.0,0.038,https://twitchtracker.com/games/706931076
0,89250567,Grand Theft Auto: San Andreas - The Definitive Edition,936,846.0,0.038,https://twitchtracker.com/games/89250567
0,329951934,Pokémon Community Game,921,1.1,0.037,https://twitchtracker.com/games/329951934
0,2023243190,Granny: Escape Together,921,321.0,0.037,https://twitchtracker.com/games/2023243190
0,1506110656,Casino Simulator,918,-11.3,0.037,https://twitchtracker.com/games/1506110656
0,15631,Grand Theft Auto: Vice City,915,494.0,0.037,https://twitchtracker.com/games/15631
0,1363642627,Taiko no Tatsujin: Rhythm Festival,906,3800.0,0.036,https://twitchtracker.com/games/1363642627
0,941530474,Mario Kart 8 Deluxe,904,-37.0,0.036,https://twitchtracker.com/games/941530474
0,490147,Hollow Knight,899,6.0,0.036,https://twitchtracker.com/games/490147
0,904864974,Mortal Kombat 1,893,-2.8,0.036,https://twitchtracker.com/games/904864974
0,498482,Age of Empires IV,889,-28.2,0.036,https://twitchtracker.com/games/498482
0,2274,The Sims 2,883,774.0,0.036,https://twitchtracker.com/games/2274
0,519291,Black Myth: Wukong,881,-21.0,0.035,https://twitchtracker.com/games/519291
0,13263,EVE Online,865,7.7,0.035,https://twitchtracker.com/games/13263
0,490713,UNDERTALE,864,81.1,0.035,https://twitchtracker.com/games/490713
0,1868356881,Zort,859,16.9,0.035,https://twitchtracker.com/games/1868356881
0,509968,Rocket Boots Mania,856,0.0,0.034,https://twitchtracker.com/games/509968
0,488910,American Truck Simulator,852,91.0,0.034,https://twitchtracker.com/games/488910
0,1332509020,Seifuku Kanojo: School Girlfriend,845,-62.3,0.034,https://twitchtracker.com/games/1332509020
0,130942,Factorio,839,-39.3,0.034,https://twitchtracker.com/games/130942
0,1102857083,Doomsday: Last Survivors,837,26.4,0.034,https://twitchtracker.com/games/1102857083
0,510389,Shakes and Fidget,829,19.6,0.033,https://twitchtracker.com/games/510389
0,489170,DARK SOULS II: Scholar of the First Sin,827,-25.0,0.033,https://twitchtracker.com/games/489170
0,1208208142,Puck,825,-0.2,0.033,https://twitchtracker.com/games/1208208142
0,31552,777 Casino,822,-27.4,0.033,https://twitchtracker.com/games/31552
0,502682,Simple 2000 Series Vol. 92: The Noroi no Game,822,0.0,0.033,https://twitchtracker.com/games/502682
0,1269041770,Liar's Bar,817,126.0,0.033,https://twitchtracker.com/games/1269041770
0,509670,Science & Technology,809,4.0,0.033,https://twitchtracker.com/games/509670
0,1034527557,Nightmare of Decay,809,2700.0,0.033,https://twitchtracker.com/games/1034527557
0,177157840,Schoolboy Runaway,806,-55.6,0.032,https://twitchtracker.com/games/177157840
0,838184267,ENDER MAGNOLIA: Bloom in the Mist,805,483.0,0.032,https://twitchtracker.com/games/838184267
0,1535286692,White Knuckle,800,1100.0,0.032,https://twitchtracker.com/games/1535286692
0,512998,The Legend of Zelda: Tears of the Kingdom,794,-8.6,0.032,https://twitchtracker.com/games/512998
0,1941249372,Half Sword,792,-70.3,0.032,https://twitchtracker.com/games/1941249372
0,2015656787,Get To Work,792,-60.9,0.032,https://twitchtracker.com/games/2015656787
0,24438,MU Online,789,-16.0,0.032,https://twitchtracker.com/games/24438
0,1982955044,Storage Hunter Simulator,788,72.8,0.032,https://twitchtracker.com/games/1982955044
0,15229,Ragnarok Online,781,-19.0,0.031,https://twitchtracker.com/games/15229
0,31376,Terraria,774,12.7,0.031,https://twitchtracker.com/games/31376
0,23857,Pokémon HeartGold/SoulSilver,763,-26.2,0.031,https://twitchtracker.com/games/23857
0,278888515,Gartic Phone,755,-25.9,0.03,https://twitchtracker.com/games/278888515
0,294724507,The Last of Us Part I,755,2.6,0.03,https://twitchtracker.com/games/294724507
0,1143870014,For Sale,750,-51.9,0.03,https://twitchtracker.com/games/1143870014
0,144418804,LOCKDOWN Protocol,748,-9.6,0.03,https://twitchtracker.com/games/144418804
0,813958293,BombParty,745,3000.0,0.03,https://twitchtracker.com/games/813958293
0,1743359147,Marvel Snap,745,-69.1,0.03,https://twitchtracker.com/games/1743359147
0,138847148,Casino World,744,34.1,0.03,https://twitchtracker.com/games/138847148
0,490105,Fran Bow,740,2900.0,0.03,https://twitchtracker.com/games/490105
0,1095275650,Hogwarts Legacy,738,-5.4,0.03,https://twitchtracker.com/games/1095275650
0,1331855755,Darts,734,-12.7,0.03,https://twitchtracker.com/games/1331855755
0,506456,Satisfactory,731,-10.5,0.029,https://twitchtracker.com/games/506456
0,14842174,Chained Together,730,163.0,0.029,https://twitchtracker.com/games/14842174
0,415409,Pantheon: Rise of the Fallen,728,63.2,0.029,https://twitchtracker.com/games/415409
0,214624087,Brain Show,725,3700.0,0.029,https://twitchtracker.com/games/214624087
0,519495,The Stone of Madness,719,11900.0,0.029,https://twitchtracker.com/games/519495
0,252812003,Supermarket Simulator,717,58.6,0.029,https://twitchtracker.com/games/252812003
0,2009742488,BioShock Remastered,712,62.2,0.029,https://twitchtracker.com/games/2009742488
0,515214,Politics,711,-73.3,0.029,https://twitchtracker.com/games/515214
0,517159,Guilty Gear: Strive,709,145.0,0.029,https://twitchtracker.com/games/517159
0,1940679946,Cine2Nerdle,707,61.0,0.028,https://twitchtracker.com/games/1940679946
0,344714178,Virtua Fighter 5 R.E.V.O.,706,1400.0,0.028,https://twitchtracker.com/games/344714178
0,627798963,F1 24,704,6.8,0.028,https://twitchtracker.com/games/627798963
0,513501,Standoff 2,697,-17.8,0.028,https://twitchtracker.com/games/513501
0,175650911,Hello Love: 18 Again,694,143.0,0.028,https://twitchtracker.com/games/175650911
0,38278967,Tales Beyond The Tomb: The Farm's Secret,687,151.0,0.028,https://twitchtracker.com/games/38278967
0,110758,The Legend of Zelda: Breath of the Wild,685,82.2,0.028,https://twitchtracker.com/games/110758
0,890558948,Torchlight: Infinite,684,-53.5,0.028,https://twitchtracker.com/games/890558948
0,32959,Heroes of the Storm,682,-39.7,0.027,https://twitchtracker.com/games/32959
0,1780647523,HITMAN World of Assassination,682,1.2,0.027,https://twitchtracker.com/games/1780647523
0,102007682,God of War Ragnarök,677,45.6,0.027,https://twitchtracker.com/games/102007682
0,357604454,Grande Fratello: Il Gioco,677,169.0,0.027,https://twitchtracker.com/games/357604454
0,1000184693,NHL 25,662,36.5,0.027,https://twitchtracker.com/games/1000184693
0,1910103699,THE FINALS,660,-17.4,0.027,https://twitchtracker.com/games/1910103699
0,490382,For Honor,657,105.0,0.026,https://twitchtracker.com/games/490382
0,417969,Halo: The Master Chief Collection,654,18.9,0.026,https://twitchtracker.com/games/417969
0,1248633549,Poppy Playtime: Chapter 3 - Deep Sleep,648,1200.0,0.026,https://twitchtracker.com/games/1248633549
0,743214338,Brotato,644,-58.2,0.026,https://twitchtracker.com/games/743214338
0,1115711128,PlateUp!,636,39.2,0.026,https://twitchtracker.com/games/1115711128
0,2091165871,Football Manager 2024,632,23.2,0.025,https://twitchtracker.com/games/2091165871
0,497440,Hell Let Loose,627,-40.8,0.025,https://twitchtracker.com/games/497440
0,2090279789,FINAL FANTASY XVI,623,-28.6,0.025,https://twitchtracker.com/games/2090279789
0,515349,Lineage II,620,-0.5,0.025,https://twitchtracker.com/games/515349
0,432578399,Dreamless,620,5500.0,0.025,https://twitchtracker.com/games/432578399
0,1075593745,Synduality: Echo of Ada,618,4.0,0.025,https://twitchtracker.com/games/1075593745
0,603456890,Cursed Digicam,613,-5.3,0.025,https://twitchtracker.com/games/603456890
0,61451904,Liminalcore,597,1200.0,0.024,https://twitchtracker.com/games/61451904
0,653624336,Lies of P,597,7.8,0.024,https://twitchtracker.com/games/653624336
0,440494608,THE MUTE HOUSE,594,1900.0,0.024,https://twitchtracker.com/games/440494608
0,490655,Pokémon GO,592,-0.8,0.024,https://twitchtracker.com/games/490655
0,1968997035,Persona 3 Reload,589,-1.0,0.024,https://twitchtracker.com/games/1968997035
0,5784346,For the King II,586,2000.0,0.024,https://twitchtracker.com/games/5784346
0,16282,Super Smash Bros. Melee,578,-22.6,0.023,https://twitchtracker.com/games/16282
0,1057431629,Tails of Iron II: Whiskers of Winter,578,0.0,0.023,https://twitchtracker.com/games/1057431629
0,6369,God of War,567,-25.9,0.023,https://twitchtracker.com/games/6369
0,17000,Ninja Gaiden Sigma,566,5000.0,0.023,https://twitchtracker.com/games/17000
0,489111,Summoners War: Sky Arena,566,-4.4,0.023,https://twitchtracker.com/games/489111
0,460316,Brawlhalla,557,12.5,0.022,https://twitchtracker.com/games/460316
0,19357,Guild Wars 2,555,16.6,0.022,https://twitchtracker.com/games/19357
0,1757732267,Forza Horizon 5,554,-51.4,0.022,https://twitchtracker.com/games/1757732267
0,497456,Days Gone,550,49.9,0.022,https://twitchtracker.com/games/497456
0,3408,ObsCure,545,5300.0,0.022,https://twitchtracker.com/games/3408
0,344035090,Kingdom Come: Deliverance II,539,1400.0,0.022,https://twitchtracker.com/games/344035090
0,511230,Stream Raiders,537,-6.9,0.022,https://twitchtracker.com/games/511230
0,1514558606,Tempest Rising,537,-17.6,0.022,https://twitchtracker.com/games/1514558606
0,1229,Super Mario World,533,-10.0,0.021,https://twitchtracker.com/games/1229
0,490359,FINAL FANTASY VII REMAKE,532,-49.4,0.021,https://twitchtracker.com/games/490359
0,515479,Sons of the Forest,530,-12.1,0.021,https://twitchtracker.com/games/515479
0,493036,Worms W.M.D,526,1600.0,0.021,https://twitchtracker.com/games/493036
0,494925,Raft,520,85.7,0.021,https://twitchtracker.com/games/494925
0,12482,The Legend of Zelda: Majora's Mask,515,-43.0,0.021,https://twitchtracker.com/games/12482
0,369008,The Inner World,514,25600.0,0.021,https://twitchtracker.com/games/369008
0,516866,STALCRAFT: X,514,29.1,0.021,https://twitchtracker.com/games/516866
0,1568081763,Mass Effect Legendary Edition,511,9.2,0.021,https://twitchtracker.com/games/1568081763
0,515474,NARAKA: BLADEPOINT,507,-12.3,0.02,https://twitchtracker.com/games/515474
0,506246,Fallout 76,502,-10.7,0.02,https://twitchtracker.com/games/506246
0,1956928026,Metel: Horror Escape,501,-50.6,0.02,https://twitchtracker.com/games/1956928026
0,715052357,Nine Sols,499,-22.9,0.02,https://twitchtracker.com/games/715052357
0,1673899638,Nuclear Nightmare,497,80.1,0.02,https://twitchtracker.com/games/1673899638
0,15013,Prey,494,1200.0,0.02,https://twitchtracker.com/games/15013
0,1108011868,DOKAPON! Sword of Fury,493,109.0,0.02,https://twitchtracker.com/games/1108011868
0,470560304,The Inn-Sanity,491,59.9,0.02,https://twitchtracker.com/games/470560304
0,492553,Sid Meier's Civilization VI,488,-50.6,0.02,https://twitchtracker.com/games/492553
0,489635,ARK: Survival Evolved,485,-20.1,0.02,https://twitchtracker.com/games/489635
0,478131056,Donkey Kong Country Returns HD,485,-78.3,0.02,https://twitchtracker.com/games/478131056
0,91419,Metal Gear Solid V: The Phantom Pain,482,2.8,0.019,https://twitchtracker.com/games/91419
0,375828022,Food Delivery Simulator,482,146.0,0.019,https://twitchtracker.com/games/375828022
0,2143844298,BioShock 2 Remastered,482,926.0,0.019,https://twitchtracker.com/games/2143844298
0,1913410799,Total War: WARHAMMER III,481,-4.4,0.019,https://twitchtracker.com/games/1913410799
0,776413376,Stronghold: Definitive Edition,479,1400.0,0.019,https://twitchtracker.com/games/776413376
0,530998549,Coin Pusher World,477,-4.8,0.019,https://twitchtracker.com/games/530998549
0,1185403782,MLB The Show 24,474,103.0,0.019,https://twitchtracker.com/games/1185403782
0,489767,XCOM 2,470,-5.1,0.019,https://twitchtracker.com/games/489767
0,2083,RuneScape,469,-1.3,0.019,https://twitchtracker.com/games/2083
0,2133072147,Mir Korabley,465,-9.2,0.019,https://twitchtracker.com/games/2133072147
0,550574460,Butcher's Creek,464,7600.0,0.019,https://twitchtracker.com/games/550574460
0,1075600787,Backrooms: Escape Together,464,122.0,0.019,https://twitchtracker.com/games/1075600787
0,1131512463,Mystic Rest Stop,464,118.0,0.019,https://twitchtracker.com/games/1131512463
0,505980,Stoneshard,463,-32.2,0.019,https://twitchtracker.com/games/505980
0,1397210469,Miniatures & Models,463,-4.3,0.019,https://twitchtracker.com/games/1397210469
0,1444831815,Space Engineers 2,463,0.0,0.019,https://twitchtracker.com/games/1444831815
0,10609,Pokémon Emerald Version,462,46.2,0.019,https://twitchtracker.com/games/10609
0,494099,Kingdom Hearts HD 1.5 + 2.5 ReMIX,458,-2.8,0.018,https://twitchtracker.com/games/494099
0,1229495794,Nine-Ball Roulette,457,246.0,0.018,https://twitchtracker.com/games/1229495794
0,497304,Russian Fishing 4,456,3.4,0.018,https://twitchtracker.com/games/497304
0,1158884259,Splatoon 3,452,-5.2,0.018,https://twitchtracker.com/games/1158884259
0,2138496020,Turok,452,6400.0,0.018,https://twitchtracker.com/games/2138496020
0,978058451,Dreamcore,450,14900.0,0.018,https://twitchtracker.com/games/978058451
0,667377300,Life is Strange: Double Exposure,449,515.0,0.018,https://twitchtracker.com/games/667377300
0,400407464,DRAGON BALL: Sparking! ZERO,448,-39.5,0.018,https://twitchtracker.com/games/400407464
0,1345280261,Pretend it's not There,447,1500.0,0.018,https://twitchtracker.com/games/1345280261
0,11988,FINAL FANTASY VII,446,-44.2,0.018,https://twitchtracker.com/games/11988
0,29106,S.T.A.L.K.E.R. 2: Heart of Chornobyl,443,-20.8,0.018,https://twitchtracker.com/games/29106
0,331373906,eFootball,439,-5.8,0.018,https://twitchtracker.com/games/331373906
0,497388,A Way Out,435,46.0,0.018,https://twitchtracker.com/games/497388
0,505705,Noita,430,23.2,0.017,https://twitchtracker.com/games/505705
0,271329153,Jötunnslayer: Hordes of Hel,430,-79.9,0.017,https://twitchtracker.com/games/271329153
0,1348809580,Assetto Corsa Competizione,430,35.2,0.017,https://twitchtracker.com/games/1348809580
0,9435,The Legend of Zelda: A Link to the Past,427,-7.8,0.017,https://twitchtracker.com/games/9435
0,504463,Tom Clancy's The Division 2,427,19.9,0.017,https://twitchtracker.com/games/504463
0,1519193002,Slice & Dice,427,156.0,0.017,https://twitchtracker.com/games/1519193002
0,493125,My Summer Car,426,-14.6,0.017,https://twitchtracker.com/games/493125
0,987277565,Stronghold: Crusader - Definitive Edition,425,10.4,0.017,https://twitchtracker.com/games/987277565
0,599619814,Casino Jackpot,424,-29.8,0.017,https://twitchtracker.com/games/599619814
0,460951,Geometry Dash,423,-31.7,0.017,https://twitchtracker.com/games/460951
0,1133341572,The First Berserker: Khazan,422,-83.9,0.017,https://twitchtracker.com/games/1133341572
0,8645,Resident Evil 2,421,-10.8,0.017,https://twitchtracker.com/games/8645
0,290075012,Sword of Justice,420,117.0,0.017,https://twitchtracker.com/games/290075012
0,6025,Test Drive Unlimited,416,1400.0,0.017,https://twitchtracker.com/games/6025
0,20050,Perfect World,416,-26.2,0.017,https://twitchtracker.com/games/20050
0,491381,Golf With Your Friends,416,81.7,0.017,https://twitchtracker.com/games/491381
0,24193,Left 4 Dead 2,414,14.0,0.017,https://twitchtracker.com/games/24193
0,512818,Call of Duty: Mobile,411,7.3,0.017,https://twitchtracker.com/games/512818
0,493618,Hello Neighbor,410,4500.0,0.017,https://twitchtracker.com/games/493618
0,516173984,Cult of the Lamb,408,-30.7,0.016,https://twitchtracker.com/games/516173984
0,1515862749,Disney Dreamlight Valley,407,-37.6,0.016,https://twitchtracker.com/games/1515862749
0,416015,Hero Siege,398,1500.0,0.016,https://twitchtracker.com/games/416015
0,2043627368,WWE 2K24,398,-10.2,0.016,https://twitchtracker.com/games/2043627368
0,499856,Ghost of Tsushima,397,-3.9,0.016,https://twitchtracker.com/games/499856
0,512033,GODDESS OF VICTORY: NIKKE,396,0.0,0.016,https://twitchtracker.com/games/512033
0,9178,Halo 3,393,6500.0,0.016,https://twitchtracker.com/games/9178
0,502829,R2 Online: Reign of Revolution,392,-26.6,0.016,https://twitchtracker.com/games/502829
0,509959,Nun Massacre,390,6400.0,0.016,https://twitchtracker.com/games/509959
0,518213,It Takes Two,386,4.9,0.016,https://twitchtracker.com/games/518213
0,7595,Super Metroid,385,2.7,0.016,https://twitchtracker.com/games/7595
0,1472681949,Exogate Initiative,379,18900.0,0.015,https://twitchtracker.com/games/1472681949
0,494806,Metaphor: ReFantazio,377,-21.9,0.015,https://twitchtracker.com/games/494806
0,495811,SCUM,377,26.5,0.015,https://twitchtracker.com/games/495811
0,510056,Epic Seven,375,15.0,0.015,https://twitchtracker.com/games/510056
0,1997107609,Mad Games Tycoon 2,375,1000.0,0.015,https://twitchtracker.com/games/1997107609
0,1620441442,Use Your Words 2,374,-39.5,0.015,https://twitchtracker.com/games/1620441442
0,562880001,Moving Out 2,372,6100.0,0.015,https://twitchtracker.com/games/562880001
0,1275666892,Monster Hunter Rise,372,50.0,0.015,https://twitchtracker.com/games/1275666892
0,1447325110,The Texas Chain Saw Massacre,371,27.1,0.015,https://twitchtracker.com/games/1447325110
0,393329718,Old Market Simulator,367,795.0,0.015,https://twitchtracker.com/games/393329718
0,1788326126,Diablo II: Resurrected,367,-24.0,0.015,https://twitchtracker.com/games/1788326126
0,489776,Fallout 4,366,-20.3,0.015,https://twitchtracker.com/games/489776
0,509664,Tabletop RPGs,366,7.0,0.015,https://twitchtracker.com/games/509664
0,1819887434,Tomb Raider I•II•III Remastered,366,1.9,0.015,https://twitchtracker.com/games/1819887434
0,490948,The Isle,365,-22.0,0.015,https://twitchtracker.com/games/490948
0,1641202444,Until Dawn,365,-56.0,0.015,https://twitchtracker.com/games/1641202444
0,2109314477,Lonely Mountains: Snow Riders,365,48.4,0.015,https://twitchtracker.com/games/2109314477
0,418016,The Long Dark,362,-27.7,0.015,https://twitchtracker.com/games/418016
0,989907596,OHV,362,17.5,0.015,https://twitchtracker.com/games/989907596
0,932336633,Undead Realm: Ego,360,38.5,0.015,https://twitchtracker.com/games/932336633
0,518014,Gran Turismo 7,359,7.2,0.014,https://twitchtracker.com/games/518014
0,721156300,SUPERVIVE,359,-4.3,0.014,https://twitchtracker.com/games/721156300
0,458443,Alien: Isolation,356,14.1,0.014,https://twitchtracker.com/games/458443
0,3130,Mario Party 5,355,154.0,0.014,https://twitchtracker.com/games/3130
0,181219198,The Paddy Field,349,110.0,0.014,https://twitchtracker.com/games/181219198
0,340920845,Backpack Battles,348,-10.5,0.014,https://twitchtracker.com/games/340920845
0,1185958139,Murky Divers,345,108.0,0.014,https://twitchtracker.com/games/1185958139
0,1230742965,TCG Card Shop Simulator,345,4.2,0.014,https://twitchtracker.com/games/1230742965
0,993910146,TrickShot Simulator,340,-78.6,0.014,https://twitchtracker.com/games/993910146
0,597258098,Dale & Dawson Stationery Supplies,339,102.0,0.014,https://twitchtracker.com/games/597258098
0,515881069,Mechabellum,336,-11.6,0.014,https://twitchtracker.com/games/515881069
0,2113043143,PAYDAY 3,336,1.5,0.014,https://twitchtracker.com/games/2113043143
0,492618,Lords Mobile,333,363.0,0.013,https://twitchtracker.com/games/492618
0,1985775240,Unrailed 2: Back on Track,333,909.0,0.013,https://twitchtracker.com/games/1985775240
0,13765,Donkey Kong 64,332,23.4,0.013,https://twitchtracker.com/games/13765
0,1295777437,Airport X-Ray Simulator,332,564.0,0.013,https://twitchtracker.com/games/1295777437
0,518017,Resident Evil Village,331,15.7,0.013,https://twitchtracker.com/games/518017
0,506410,Dying Light 2: Stay Human,330,137.0,0.013,https://twitchtracker.com/games/506410
0,1010237123,Super Sorry,330,-52.4,0.013,https://twitchtracker.com/games/1010237123
0,636432195,This Bed We Made,328,681.0,0.013,https://twitchtracker.com/games/636432195
0,770229477,60 Seconds! Reatomized,327,44.7,0.013,https://twitchtracker.com/games/770229477
0,511295,Predecessor,325,-6.3,0.013,https://twitchtracker.com/games/511295
0,459064,Cuphead,324,-19.4,0.013,https://twitchtracker.com/games/459064
0,458781,No Man's Sky,321,61.3,0.013,https://twitchtracker.com/games/458781
0,492934,Resident Evil 7: Biohazard,321,40.8,0.013,https://twitchtracker.com/games/492934
0,383199964,Mobile Dungeon,321,21.6,0.013,https://twitchtracker.com/games/383199964
0,515066,SnowRunner,320,18.5,0.013,https://twitchtracker.com/games/515066
0,43579844,Lego & Brickbuilding,320,-41.3,0.013,https://twitchtracker.com/games/43579844
0,1975302275,Shawarma Legend,317,1700.0,0.013,https://twitchtracker.com/games/1975302275
0,1174970507,Pairs & Perils,316,652.0,0.013,https://twitchtracker.com/games/1174970507
0,29433,Dark Souls,315,-27.1,0.013,https://twitchtracker.com/games/29433
0,29329,Space Station 13,314,128.0,0.013,https://twitchtracker.com/games/29329
0,1654,Gothic II,313,-26.9,0.013,https://twitchtracker.com/games/1654
0,508948,Raid: Shadow Legends,313,-12.1,0.013,https://twitchtracker.com/games/508948
0,23453,Fallout: New Vegas,312,-8.5,0.013,https://twitchtracker.com/games/23453
0,1335943195,The Cabin Factory,312,-44.4,0.013,https://twitchtracker.com/games/1335943195
0,903914961,THRESHOLD,311,1300.0,0.013,https://twitchtracker.com/games/903914961
0,509671,Fitness & Health,310,-43.6,0.012,https://twitchtracker.com/games/509671
0,514888,Crusader Kings III,310,-44.3,0.012,https://twitchtracker.com/games/514888
0,492178,Tower Unite,309,442.0,0.012,https://twitchtracker.com/games/492178
0,868771782,Tales Beyond The Tomb: Pineville Night Stalker,309,452.0,0.012,https://twitchtracker.com/games/868771782
0,459327,Hearts of Iron IV,308,-32.0,0.012,https://twitchtracker.com/games/459327
0,894968900,Starseed: Asnia Trigger,308,3800.0,0.012,https://twitchtracker.com/games/894968900
0,2108477062,Beyond Citadel,307,4300.0,0.012,https://twitchtracker.com/games/2108477062
0,492535,Celeste,298,-1.3,0.012,https://twitchtracker.com/games/492535
0,942317893,Supermarket Together,298,-1.0,0.012,https://twitchtracker.com/games/942317893
0,7022,The Forest,296,31.6,0.012,https://twitchtracker.com/games/7022
0,623291583,Ghosts of Tabor,295,127.0,0.012,https://twitchtracker.com/games/623291583
0,489335,Outer Wilds,293,7.3,0.012,https://twitchtracker.com/games/489335
0,493815,Oxygen Not Included,292,20.2,0.012,https://twitchtracker.com/games/493815
0,528918758,Shatterline,292,-1.4,0.012,https://twitchtracker.com/games/528918758
0,514661,The Long Drive,291,-80.5,0.012,https://twitchtracker.com/games/514661
0,32345,Borderlands 2,290,23.4,0.012,https://twitchtracker.com/games/32345
0,2053251455,Firefighting Simulator: The Squad,290,2800.0,0.012,https://twitchtracker.com/games/2053251455
0,6959,Eco,287,-31.3,0.012,https://twitchtracker.com/games/6959
0,80607,Elite: Dangerous,284,-7.8,0.011,https://twitchtracker.com/games/80607
0,2271,Sonic The Hedgehog,283,-32.3,0.011,https://twitchtracker.com/games/2271
0,17179,Star Wars: Knights of the Old Republic,283,709.0,0.011,https://twitchtracker.com/games/17179
0,1982936547,Pokémon,283,-35.5,0.011,https://twitchtracker.com/games/1982936547
0,499379,Stick Fight: The Game,282,2500.0,0.011,https://twitchtracker.com/games/499379
0,511748,Auto Chess,282,15.1,0.011,https://twitchtracker.com/games/511748
0,518015,Horizon Forbidden West,282,91.8,0.011,https://twitchtracker.com/games/518015
0,125264560,Clone Hero,282,30.6,0.011,https://twitchtracker.com/games/125264560
0,343455332,Crime Scene Cleaner,282,137.0,0.011,https://twitchtracker.com/games/343455332
0,490633,Phoenix Wright: Ace Attorney - Spirit of Justice,281,621.0,0.011,https://twitchtracker.com/games/490633
0,633272614,Split Brain,280,2100.0,0.011,https://twitchtracker.com/games/633272614
0,511701,Ready or Not,277,-27.5,0.011,https://twitchtracker.com/games/511701
0,1933145458,The Past Within,277,3900.0,0.011,https://twitchtracker.com/games/1933145458
0,2109666737,ASTRO BOT,277,6.1,0.011,https://twitchtracker.com/games/2109666737
0,8090,FINAL FANTASY IX,275,31.0,0.011,https://twitchtracker.com/games/8090
0,1420,Half-Life 2,274,16.1,0.011,https://twitchtracker.com/games/1420
0,11989,StarCraft,273,4.6,0.011,https://twitchtracker.com/games/11989
0,504921,Dragon Ball Legends,273,46.8,0.011,https://twitchtracker.com/games/504921
0,494683,theHunter: Call of the Wild,272,-2.2,0.011,https://twitchtracker.com/games/494683
0,493997,Super Mario Odyssey,270,-37.6,0.011,https://twitchtracker.com/games/493997
0,2085883200,Mark of the Deep,270,1400.0,0.011,https://twitchtracker.com/games/2085883200
0,1029754927,Stay Out of the House,268,3300.0,0.011,https://twitchtracker.com/games/1029754927
0,497583,Mystery Science Theater 3000,267,2.3,0.011,https://twitchtracker.com/games/497583
0,598247080,Stardeus,267,507.0,0.011,https://twitchtracker.com/games/598247080
0,8259,TV Station Manager,266,0.4,0.011,https://twitchtracker.com/games/8259
0,330654616,Rivals of Aether II,266,33.7,0.011,https://twitchtracker.com/games/330654616
0,8793,Metal Gear Solid: The Twin Snakes,265,1700.0,0.011,https://twitchtracker.com/games/8793
0,517769,Mafia: Definitive Edition,264,-1.9,0.011,https://twitchtracker.com/games/517769
0,35442864,Last Train Outta' Wormtown,264,700.0,0.011,https://twitchtracker.com/games/35442864
0,5899,Stocks and Bonds,262,27.2,0.011,https://twitchtracker.com/games/5899
0,519103,PowerWash Simulator,262,-4.4,0.011,https://twitchtracker.com/games/519103
0,86442345,Archero 2,262,6500.0,0.011,https://twitchtracker.com/games/86442345
0,8882,Pinball,261,82.5,0.011,https://twitchtracker.com/games/8882
0,107100764,AI2U: With You ‘Till The End,261,3600.0,0.011,https://twitchtracker.com/games/107100764
0,27103,Sid Meier's Civilization V,260,42.9,0.01,https://twitchtracker.com/games/27103
0,102379163,Umineko When They Cry: Question Arcs,260,17.6,0.01,https://twitchtracker.com/games/102379163
0,498302,Arena of Valor,257,-1.9,0.01,https://twitchtracker.com/games/498302
0,16676,Team Fortress 2,256,10.8,0.01,https://twitchtracker.com/games/16676
0,495202,Fire Emblem: Three Houses,256,445.0,0.01,https://twitchtracker.com/games/495202
0,67584,Europa Universalis IV,255,-21.8,0.01,https://twitchtracker.com/games/67584
0,980679052,Dead Space,255,-30.5,0.01,https://twitchtracker.com/games/980679052
0,2052811872,Tyrant's Realm,255,-77.5,0.01,https://twitchtracker.com/games/2052811872
0,461389,Life is Strange,254,154.0,0.01,https://twitchtracker.com/games/461389
0,955166543,Dark Hours,254,76.4,0.01,https://twitchtracker.com/games/955166543
0,492361,My Candy Love,252,996.0,0.01,https://twitchtracker.com/games/492361
0,518146,The Last Faith,251,991.0,0.01,https://twitchtracker.com/games/518146
0,1534124527,Five Hearts Under One Roof,251,65.1,0.01,https://twitchtracker.com/games/1534124527
0,1584836809,Schedule I,251,-34.1,0.01,https://twitchtracker.com/games/1584836809
0,476269,Yakuza 0,250,15.7,0.01,https://twitchtracker.com/games/476269
0,1312214340,Stumble Guys,250,5.9,0.01,https://twitchtracker.com/games/1312214340
0,489401,Call of Duty: Black Ops III,248,19.8,0.01,https://twitchtracker.com/games/489401
0,2050258870,Oddworld: Stranger's Wrath HD,248,24700.0,0.01,https://twitchtracker.com/games/2050258870
0,1176313681,Pilgrim,246,36.7,0.01,https://twitchtracker.com/games/1176313681
0,1337444628,Call of Duty: Modern Warfare III,246,-17.7,0.01,https://twitchtracker.com/games/1337444628
0,799680308,Casino Island Simulator,245,14.5,0.01,https://twitchtracker.com/games/799680308
0,1214355831,In Sink,245,1.7,0.01,https://twitchtracker.com/games/1214355831
0,493217,Gwent: The Witcher Card Game,243,-10.0,0.01,https://twitchtracker.com/games/493217
0,290961240,SLOT,243,-18.2,0.01,https://twitchtracker.com/games/290961240
0,531817657,Exploding Kittens,243,2100.0,0.01,https://twitchtracker.com/games/531817657
0,772157971,Writing & Reading,243,-22.1,0.01,https://twitchtracker.com/games/772157971
0,517036,Miraculous Ladybug & Cat Noir,242,12000.0,0.01,https://twitchtracker.com/games/517036
0,14333696,Goose Goose Duck,242,3.4,0.01,https://twitchtracker.com/games/14333696
0,1828814242,Super Monkey Ball: Banana Mania,242,426.0,0.01,https://twitchtracker.com/games/1828814242
0,497301,Honor of Kings,241,-8.0,0.01,https://twitchtracker.com/games/497301
0,18707,Grand Theft Auto IV,239,14.9,0.01,https://twitchtracker.com/games/18707
0,988100999,Demon's Souls,239,157.0,0.01,https://twitchtracker.com/games/988100999
0,451007760,My Hero Ultra Rumble,238,33.0,0.01,https://twitchtracker.com/games/451007760
0,2058220722,Poppy Playtime,238,75.0,0.01,https://twitchtracker.com/games/2058220722
0,223869970,"Warhammer 40,000: Space Marine II",237,-26.4,0.01,https://twitchtracker.com/games/223869970
0,251880403,Tales of Graces f Remastered,235,-51.4,0.009,https://twitchtracker.com/games/251880403
0,1162901384,Fears to Fathom: Ironbark Lookout,235,236.0,0.009,https://twitchtracker.com/games/1162901384
0,506407,Gears 5,234,3.1,0.009,https://twitchtracker.com/games/506407
0,369573,Peggle 2,233,-70.5,0.009,https://twitchtracker.com/games/369573
0,490432,Mafia III,232,374.0,0.009,https://twitchtracker.com/games/490432
0,1346169551,Casino Simulator,231,-40.6,0.009,https://twitchtracker.com/games/1346169551
0,1555728185,Hitman,231,7600.0,0.009,https://twitchtracker.com/games/1555728185
0,1570280660,Zeepkist,231,87.8,0.009,https://twitchtracker.com/games/1570280660
0,2043745353,Homicipher,230,435.0,0.009,https://twitchtracker.com/games/2043745353
0,511864,Persona 5 Royal,229,7.5,0.009,https://twitchtracker.com/games/511864
0,695642082,CAPTURED,229,1000.0,0.009,https://twitchtracker.com/games/695642082
0,963008843,Loddlenaut,229,1800.0,0.009,https://twitchtracker.com/games/963008843
0,1094044362,WEBFISHING,229,63.6,0.009,https://twitchtracker.com/games/1094044362
0,508509,Codenames,227,-7.3,0.009,https://twitchtracker.com/games/508509
0,1904996652,Mouthwashing,227,-27.9,0.009,https://twitchtracker.com/games/1904996652
0,37567722,Romancing SaGa 2: Revenge of the Seven,224,-36.7,0.009,https://twitchtracker.com/games/37567722
0,518144,The Outlast Trials,223,-44.0,0.009,https://twitchtracker.com/games/518144
0,143106037,EA Sports FC 24,223,-31.4,0.009,https://twitchtracker.com/games/143106037
0,177569847,Trombone Champ,223,1900.0,0.009,https://twitchtracker.com/games/177569847
0,494508,Yu-Gi-Oh! Duel Links,222,85.0,0.009,https://twitchtracker.com/games/494508
0,313197,Assetto Corsa,220,-54.8,0.009,https://twitchtracker.com/games/313197
0,514974,Battlefield 2042,220,25.0,0.009,https://twitchtracker.com/games/514974
0,2044618072,Zoochosis,220,1000.0,0.009,https://twitchtracker.com/games/2044618072
0,495496,Splasher,219,4300.0,0.009,https://twitchtracker.com/games/495496
0,503116,Beat Saber,219,-8.0,0.009,https://twitchtracker.com/games/503116
0,503233,Dragon Age: The Veilguard,219,-8.4,0.009,https://twitchtracker.com/games/503233
0,484696624,Cosplay Maker,219,10800.0,0.009,https://twitchtracker.com/games/484696624
0,367176203,Ale & Tale Tavern,218,-7.6,0.009,https://twitchtracker.com/games/367176203
0,1645815836,ORDER 13,218,0.0,0.009,https://twitchtracker.com/games/1645815836
0,490413,Board Games,217,-20.8,0.009,https://twitchtracker.com/games/490413
0,509549,Pummel Party,216,-27.0,0.009,https://twitchtracker.com/games/509549
0,255386500,Luma Island,216,62.4,0.009,https://twitchtracker.com/games/255386500
0,2060730947,Le Mans Ultimate,216,74.2,0.009,https://twitchtracker.com/games/2060730947
0,31750,Arma 3,215,5.9,0.009,https://twitchtracker.com/games/31750
0,1067830406,Love and Deepspace,214,21.6,0.009,https://twitchtracker.com/games/1067830406
0,1508658612,IN THE FACADE WE TRUST,214,0.0,0.009,https://twitchtracker.com/games/1508658612
0,73914,Clash of Clans,211,-18.8,0.009,https://twitchtracker.com/games/73914
0,418410192,One Piece Card Game,211,80.3,0.009,https://twitchtracker.com/games/418410192
0,516086,Grounded,208,-13.3,0.008,https://twitchtracker.com/games/516086
0,1846293708,Fields of Mistria,208,6.1,0.008,https://twitchtracker.com/games/1846293708
0,1937002451,KLETKA,208,49.6,0.008,https://twitchtracker.com/games/1937002451
0,15062,Vampire: The Masquerade - Bloodlines,207,-64.1,0.008,https://twitchtracker.com/games/15062
0,22848,Red Dead Redemption,206,33.8,0.008,https://twitchtracker.com/games/22848
0,155409827,Pokémon Trading Card Game Live,206,-11.6,0.008,https://twitchtracker.com/games/155409827
0,1222194375,Icarus,206,9.6,0.008,https://twitchtracker.com/games/1222194375
0,1286840579,Demonologist,205,-75.9,0.008,https://twitchtracker.com/games/1286840579
0,34025,Kenshi,204,155.0,0.008,https://twitchtracker.com/games/34025
0,1584745140,Pokémon Brilliant Diamond/Shining Pearl,204,353.0,0.008,https://twitchtracker.com/games/1584745140
0,17828,The Legend of Zelda: Twilight Princess,203,72.0,0.008,https://twitchtracker.com/games/17828
0,369591,Donkey Kong Country: Tropical Freeze,203,-61.6,0.008,https://twitchtracker.com/games/369591
0,461246,The Walking Dead: A New Frontier,203,915.0,0.008,https://twitchtracker.com/games/461246
0,818770426,Granblue Fantasy Versus: Rising,202,9.8,0.008,https://twitchtracker.com/games/818770426
0,493388,Foxhole,201,-15.9,0.008,https://twitchtracker.com/games/493388
0,506442,DOOM Eternal,200,47.1,0.008,https://twitchtracker.com/games/506442
0,508798,Warhammer,200,-50.0,0.008,https://twitchtracker.com/games/508798
0,512121,Yakuza: Like a Dragon,200,16.3,0.008,https://twitchtracker.com/games/512121
0,995720898,God Of War (2005),199,82.6,0.008,https://twitchtracker.com/games/995720898
0,1712837864,PANICORE,199,-10.0,0.008,https://twitchtracker.com/games/1712837864
0,32178,Octodad: Dadliest Catch,198,9800.0,0.008,https://twitchtracker.com/games/32178
0,643774725,33 Immortals,197,0.0,0.008,https://twitchtracker.com/games/643774725
0,18786,Ninja Gaiden II,196,1100.0,0.008,https://twitchtracker.com/games/18786
0,1448964995,Arknights: Endfield,196,-94.4,0.008,https://twitchtracker.com/games/1448964995
0,654160306,Lost Castle 2,195,3.2,0.008,https://twitchtracker.com/games/654160306
0,24239,Super Mario Galaxy 2,193,34.0,0.008,https://twitchtracker.com/games/24239
0,24664,Heroes of Newerth,193,35.0,0.008,https://twitchtracker.com/games/24664
0,509590,Do Not Feed the Monkeys,193,1000.0,0.008,https://twitchtracker.com/games/509590
0,575269630,Just Dance 2025 Edition,193,-10.2,0.008,https://twitchtracker.com/games/575269630
0,34257,Sonic & All-Stars Racing Transformed,192,2300.0,0.008,https://twitchtracker.com/games/34257
0,493551,Conan Exiles,192,-61.9,0.008,https://twitchtracker.com/games/493551
0,518402,Earth Defense Force 6,192,-69.7,0.008,https://twitchtracker.com/games/518402
0,18871,Mario Kart Wii,191,-17.3,0.008,https://twitchtracker.com/games/18871
0,255874048,Railway Empire 2,191,9400.0,0.008,https://twitchtracker.com/games/255874048
0,1668881185,The Lord of the Rings: Return to Moria,191,-17.0,0.008,https://twitchtracker.com/games/1668881185
0,489668,Granblue Fantasy,190,147.0,0.008,https://twitchtracker.com/games/489668
0,766247336,Crimson Snow,190,1000.0,0.008,https://twitchtracker.com/games/766247336
0,1749671014,Magicraft,189,411.0,0.008,https://twitchtracker.com/games/1749671014
0,73586,Outlast,188,-19.3,0.008,https://twitchtracker.com/games/73586
0,488500,Battlefield 1,188,104.0,0.008,https://twitchtracker.com/games/488500
0,505473,Granny,187,40.6,0.008,https://twitchtracker.com/games/505473
0,1945673289,The Mortuary Assistant,187,83.3,0.008,https://twitchtracker.com/games/1945673289
0,1076087932,Into the Emberlands,186,1600.0,0.007,https://twitchtracker.com/games/1076087932
0,1450559914,Magic Book Auto Battler,186,244.0,0.007,https://twitchtracker.com/games/1450559914
0,2755,Half-Life,185,-78.8,0.007,https://twitchtracker.com/games/2755
0,513179,Chinese Parents,185,6100.0,0.007,https://twitchtracker.com/games/513179
0,2092725748,Horizon Zero Dawn Remastered,185,90.7,0.007,https://twitchtracker.com/games/2092725748
0,1192605928,Speed,184,384.0,0.007,https://twitchtracker.com/games/1192605928
0,28105,Wii Party,183,53.8,0.007,https://twitchtracker.com/games/28105
0,492035,Resident Evil,183,84.8,0.007,https://twitchtracker.com/games/492035
0,1238739089,Town of Salem 2,183,216.0,0.007,https://twitchtracker.com/games/1238739089
0,34176,Family Guy: Uncensored,182,38.9,0.007,https://twitchtracker.com/games/34176
0,1063665418,Out of the Park Baseball 25,182,4.0,0.007,https://twitchtracker.com/games/1063665418
0,477529029,Dwarf Fortress,181,179.0,0.007,https://twitchtracker.com/games/477529029
0,30740,The Walking Dead,180,12.5,0.007,https://twitchtracker.com/games/30740
0,498215,UFO 50,180,-79.0,0.007,https://twitchtracker.com/games/498215
0,499550,Poker Tournament,180,-3.2,0.007,https://twitchtracker.com/games/499550
0,28867,Vindictus,179,189.0,0.007,https://twitchtracker.com/games/28867
0,369509,Fable Anniversary,179,-29.8,0.007,https://twitchtracker.com/games/369509
0,499132,They Are Billions,178,-39.0,0.007,https://twitchtracker.com/games/499132
0,518630,Manor Lords,178,-13.6,0.007,https://twitchtracker.com/games/518630
0,1188497197,Life is Feudal: Arden,178,709.0,0.007,https://twitchtracker.com/games/1188497197
0,6818,SUPER GHOULS'N GHOSTS,177,216.0,0.007,https://twitchtracker.com/games/6818
0,15943,The Elder Scrolls III: Morrowind,177,-3.8,0.007,https://twitchtracker.com/games/15943
0,370472,Wreckfest,176,15.8,0.007,https://twitchtracker.com/games/370472
0,508333,Hypnospace Outlaw,176,189.0,0.007,https://twitchtracker.com/games/508333
0,599893416,Coconut Simulator,176,12.8,0.007,https://twitchtracker.com/games/599893416
0,1262047844,Marvel's Spider-Man Remastered,176,309.0,0.007,https://twitchtracker.com/games/1262047844
0,1457155279,Tails of Iron,176,433.0,0.007,https://twitchtracker.com/games/1457155279
0,394758168,Content Warning,174,-18.3,0.007,https://twitchtracker.com/games/394758168
0,1728683467,Core Keeper,174,-8.4,0.007,https://twitchtracker.com/games/1728683467
0,510588,Journey to the Savage Planet,173,-24.8,0.007,https://twitchtracker.com/games/510588
0,18763,Fallout 3,172,-17.7,0.007,https://twitchtracker.com/games/18763
0,1846570260,Planet Coaster 2,172,-6.0,0.007,https://twitchtracker.com/games/1846570260
0,6715,DOOM,171,167.0,0.007,https://twitchtracker.com/games/6715
0,561013832,Pokémon Legends: Arceus,171,43.7,0.007,https://twitchtracker.com/games/561013832
0,901824565,Cryptical Path,171,0.0,0.007,https://twitchtracker.com/games/901824565
0,1333653085,Mega Man X8 16-bit,171,677.0,0.007,https://twitchtracker.com/games/1333653085
0,1502494668,Poly Bridge 3,170,639.0,0.007,https://twitchtracker.com/games/1502494668
0,1741566793,Dragon Quest III: HD-2D Remake,170,9.0,0.007,https://twitchtracker.com/games/1741566793
0,2066107586,Escape the Backrooms,170,-18.7,0.007,https://twitchtracker.com/games/2066107586
0,16967,The Legend of Zelda: The Wind Waker,169,17.4,0.007,https://twitchtracker.com/games/16967
0,519492,Medieval Dynasty,169,-60.3,0.007,https://twitchtracker.com/games/519492
0,2099118364,Fears to Fathom: Norwood Hitchhike,169,504.0,0.007,https://twitchtracker.com/games/2099118364
0,19423,Heavy Rain,168,16.7,0.007,https://twitchtracker.com/games/19423
0,19589,L.A. Noire,168,31.3,0.007,https://twitchtracker.com/games/19589
0,518873,"Warhammer 40,000: Darktide",168,-12.0,0.007,https://twitchtracker.com/games/518873
0,1975639786,Like a Dragon: Infinite Wealth,168,-15.6,0.007,https://twitchtracker.com/games/1975639786
0,113749,Prime World,167,-0.6,0.007,https://twitchtracker.com/games/113749
0,506274,Assassin's Creed Odyssey,167,9.2,0.007,https://twitchtracker.com/games/506274
0,1001481454,Only Up: Lizards Must Fall,167,-63.7,0.007,https://twitchtracker.com/games/1001481454
0,1470211036,Dave the Diver,167,-25.1,0.007,https://twitchtracker.com/games/1470211036
0,1260,Age of Mythology,166,-2.9,0.007,https://twitchtracker.com/games/1260
0,10322,FINAL FANTASY X,166,-5.7,0.007,https://twitchtracker.com/games/10322
0,33299,Mah Jong,166,1700.0,0.007,https://twitchtracker.com/games/33299
0,19731,Portal 2,165,-17.5,0.007,https://twitchtracker.com/games/19731
0,264231625,Contractors Showdown,165,34.1,0.007,https://twitchtracker.com/games/264231625
0,1074401885,Fears to Fathom: Woodbury Getaway,165,-32.9,0.007,https://twitchtracker.com/games/1074401885
0,1937599489,The Quarry,165,-36.3,0.007,https://twitchtracker.com/games/1937599489
0,1186629179,Ten Bells,164,343.0,0.007,https://twitchtracker.com/games/1186629179
0,33180,The Last of Us,163,3.8,0.007,https://twitchtracker.com/games/33180
0,836519689,DEVOUR,163,40.5,0.007,https://twitchtracker.com/games/836519689
0,2504,Star Wars: Episode I - Jedi Power Battles,162,4000.0,0.007,https://twitchtracker.com/games/2504
0,11103,UNO,162,338.0,0.007,https://twitchtracker.com/games/11103
0,556907291,Cities: Skylines II,162,6.6,0.007,https://twitchtracker.com/games/556907291
0,1452305763,Hospital 666,162,853.0,0.007,https://twitchtracker.com/games/1452305763
0,1579743743,ALL WILL FALL,162,2200.0,0.007,https://twitchtracker.com/games/1579743743
0,1156954371,Unpossess,161,-85.6,0.006,https://twitchtracker.com/games/1156954371
0,10229,FINAL FANTASY XI ONLINE,160,-11.1,0.006,https://twitchtracker.com/games/10229
0,13050,Castlevania: Symphony of the Night,160,-65.5,0.006,https://twitchtracker.com/games/13050
0,18775,Mafia II,159,563.0,0.006,https://twitchtracker.com/games/18775
0,498289,CarX Drift Racing Online,159,3.9,0.006,https://twitchtracker.com/games/498289
0,346078625,Blood on the Clocktower,159,30.3,0.006,https://twitchtracker.com/games/346078625
0,504199,Battlefield V,157,61.9,0.006,https://twitchtracker.com/games/504199
0,446808397,Carry The Glass,157,-17.8,0.006,https://twitchtracker.com/games/446808397
0,504462,Call of Duty: Black Ops 4,156,-7.7,0.006,https://twitchtracker.com/games/504462
0,516789,Sea of Stars,156,164.0,0.006,https://twitchtracker.com/games/516789
0,1285768241,Quest Master,156,-31.3,0.006,https://twitchtracker.com/games/1285768241
0,460635,inFAMOUS: First Light,155,78.2,0.006,https://twitchtracker.com/games/460635
0,10384,God of War II,154,62.1,0.006,https://twitchtracker.com/games/10384
0,678842894,Arena Breakout,153,4.8,0.006,https://twitchtracker.com/games/678842894
0,765395036,TankHead,153,1600.0,0.006,https://twitchtracker.com/games/765395036
0,842266336,Saleblazers,153,122.0,0.006,https://twitchtracker.com/games/842266336
0,1601959379,Bunny Garden,153,750.0,0.006,https://twitchtracker.com/games/1601959379
0,4667,Bully: Scholarship Edition,152,262.0,0.006,https://twitchtracker.com/games/4667
0,6410,Hitman 2: Silent Assassin,152,347.0,0.006,https://twitchtracker.com/games/6410
0,27745,Farm Frenzy,151,101.0,0.006,https://twitchtracker.com/games/27745
0,31192,Who Wants To Be A Millionaire,151,-3.2,0.006,https://twitchtracker.com/games/31192
0,491572,Stellaris,151,140.0,0.006,https://twitchtracker.com/games/491572
0,242996276,Backrooms Society,151,979.0,0.006,https://twitchtracker.com/games/242996276
0,1462834331,Soulmask,151,-6.8,0.006,https://twitchtracker.com/games/1462834331
0,496464,Guilty Gear Xrd: Rev 2,150,614.0,0.006,https://twitchtracker.com/games/496464
0,506089309,SIFU,150,72.4,0.006,https://twitchtracker.com/games/506089309
0,626051290,Cyber Manhunt: New World,150,194.0,0.006,https://twitchtracker.com/games/626051290
0,18446,Snooker,149,-51.3,0.006,https://twitchtracker.com/games/18446
0,21934,Star Wars: The Old Republic,149,-11.8,0.006,https://twitchtracker.com/games/21934
0,512070,Jump King,149,-60.9,0.006,https://twitchtracker.com/games/512070
0,518764,Kukoro: Stream Chat Games,149,2.1,0.006,https://twitchtracker.com/games/518764
0,950028114,Clanfolk,149,1800.0,0.006,https://twitchtracker.com/games/950028114
0,458353,Darkest Dungeon,148,-57.5,0.006,https://twitchtracker.com/games/458353
0,666511413,The Crew: Motorfest,148,3.5,0.006,https://twitchtracker.com/games/666511413
0,494839,Deep Rock Galactic,147,8.9,0.006,https://twitchtracker.com/games/494839
0,509110,Risk of Rain 2,147,-23.8,0.006,https://twitchtracker.com/games/509110
0,649775967,Resident Evil 3,147,-28.3,0.006,https://twitchtracker.com/games/649775967
0,673760473,Crab Game,147,40.0,0.006,https://twitchtracker.com/games/673760473
0,10710,Counter-Strike 1.6,146,9.0,0.006,https://twitchtracker.com/games/10710
0,976324957,Fears to Fathom: Carson House,146,49.0,0.006,https://twitchtracker.com/games/976324957
0,1241582824,Farming Simulator 22,146,-25.5,0.006,https://twitchtracker.com/games/1241582824
0,498523,Conqueror's Blade,145,11.5,0.006,https://twitchtracker.com/games/498523
0,975920470,BUCKSHOT ROULETTE,145,-83.6,0.006,https://twitchtracker.com/games/975920470
0,1225594293,Super Seducer 2,145,116.0,0.006,https://twitchtracker.com/games/1225594293
0,11448,Heroes of Might and Magic II: The Succession Wars,144,46.9,0.006,https://twitchtracker.com/games/11448
0,19604,ArmA 2,144,-64.9,0.006,https://twitchtracker.com/games/19604
0,511229,Pogostuck: Rage With Your Friends,144,-33.3,0.006,https://twitchtracker.com/games/511229
0,3723,Casino Kid II,143,-66.3,0.006,https://twitchtracker.com/games/3723
0,20061,CABAL Online,143,-16.4,0.006,https://twitchtracker.com/games/20061
0,491318,Borderlands 3,143,12.6,0.006,https://twitchtracker.com/games/491318
0,1411785674,Among Ashes,143,90.7,0.006,https://twitchtracker.com/games/1411785674
0,1468190144,Aion,143,3.6,0.006,https://twitchtracker.com/games/1468190144
0,504502,Rhythm Doctor,142,4600.0,0.006,https://twitchtracker.com/games/504502
0,457975278,PokeMMO,142,-13.9,0.006,https://twitchtracker.com/games/457975278
0,1198379037,Cuisineer,142,914.0,0.006,https://twitchtracker.com/games/1198379037
0,880825863,Pacific Drive,141,39.6,0.006,https://twitchtracker.com/games/880825863
0,8489,Chrono Trigger,140,9.4,0.006,https://twitchtracker.com/games/8489
0,41272850,GTA: La Heist,140,-2.8,0.006,https://twitchtracker.com/games/41272850
0,380978759,Escape from Tarkov: Arena,140,-10.3,0.006,https://twitchtracker.com/games/380978759
0,1407092475,THE GAME OF LIFE 2,140,483.0,0.006,https://twitchtracker.com/games/1407092475
0,33694,Fatal Frame 2: Wii Edition,139,595.0,0.006,https://twitchtracker.com/games/33694
0,509529,Super Animal Royale,139,148.0,0.006,https://twitchtracker.com/games/509529
0,67834,Metal Gear Solid V: Ground Zeroes,138,25.5,0.006,https://twitchtracker.com/games/67834
0,506430,Trials Rising,138,431.0,0.006,https://twitchtracker.com/games/506430
0,1074044196,Alan Wake II,137,31.7,0.006,https://twitchtracker.com/games/1074044196
0,1151093403,LIMINAL SHIFT,137,185.0,0.006,https://twitchtracker.com/games/1151093403
0,1244970157,Undisputed,137,-25.9,0.006,https://twitchtracker.com/games/1244970157
0,1967084783,Marvel's Spider-Man 2,137,7.0,0.006,https://twitchtracker.com/games/1967084783
0,620142896,Trapped: Family Vacation,136,-41.4,0.005,https://twitchtracker.com/games/620142896
0,957103328,Grand Theft Auto: Vice City - The Definitive Edition,136,-63.0,0.005,https://twitchtracker.com/games/957103328
0,1535225577,The Last of Us Part II: Remastered,136,-38.2,0.005,https://twitchtracker.com/games/1535225577
0,391475,Space Engineers,135,-13.5,0.005,https://twitchtracker.com/games/391475
0,508662,Identity V,135,3.8,0.005,https://twitchtracker.com/games/508662
0,527382238,Go Home Annie,135,-57.1,0.005,https://twitchtracker.com/games/527382238
0,1267688912,Mega Man Maker,135,350.0,0.005,https://twitchtracker.com/games/1267688912
0,516921,Automobilista 2,134,135.0,0.005,https://twitchtracker.com/games/516921
0,1767350976,ANIMAL WELL,134,262.0,0.005,https://twitchtracker.com/games/1767350976
0,2132752782,Aion Classic,134,28.8,0.005,https://twitchtracker.com/games/2132752782
0,21222,Max Payne 3,133,1800.0,0.005,https://twitchtracker.com/games/21222
0,511743,Sniper Elite 5,133,269.0,0.005,https://twitchtracker.com/games/511743
0,517330,Assassin's Creed Valhalla,133,0.0,0.005,https://twitchtracker.com/games/517330
0,493048,Fate/Grand Order,132,12.8,0.005,https://twitchtracker.com/games/493048
0,1290989747,The Legend of Zelda: Echoes of Wisdom,132,-40.3,0.005,https://twitchtracker.com/games/1290989747
0,460620,Rise of the Tomb Raider,131,138.0,0.005,https://twitchtracker.com/games/460620
0,467024621,Ōkami HD,131,-17.6,0.005,https://twitchtracker.com/games/467024621
0,733103714,Hero's Land,131,-22.0,0.005,https://twitchtracker.com/games/733103714
0,497451,Pokémon Sword/Shield,130,-46.5,0.005,https://twitchtracker.com/games/497451
0,511212,Subnautica: Below Zero,130,-2.3,0.005,https://twitchtracker.com/games/511212
0,1491164702,Airships: Lost Flotilla,130,-38.4,0.005,https://twitchtracker.com/games/1491164702
0,17500,Monster Rancher 2,129,316.0,0.005,https://twitchtracker.com/games/17500
0,18526,The Elder Scrolls IV: Oblivion,129,22.9,0.005,https://twitchtracker.com/games/18526
0,31836,Metro: Last Light,129,396.0,0.005,https://twitchtracker.com/games/31836
0,489567,Five Nights at Freddy's 4,129,200.0,0.005,https://twitchtracker.com/games/489567
0,32736074,Blood Strike,129,3.2,0.005,https://twitchtracker.com/games/32736074
0,731378006,Tale of Immortal,129,12800.0,0.005,https://twitchtracker.com/games/731378006
0,1581126534,DREDGE,129,-31.0,0.005,https://twitchtracker.com/games/1581126534
0,27602,Pokémon Black/White,128,-11.1,0.005,https://twitchtracker.com/games/27602
0,369380,Dying Light,128,28.0,0.005,https://twitchtracker.com/games/369380
0,497659,Derail Valley,128,12.3,0.005,https://twitchtracker.com/games/497659
0,509862,We Were Here Together,128,246.0,0.005,https://twitchtracker.com/games/509862
0,516944,Corepunk,128,-48.2,0.005,https://twitchtracker.com/games/516944
0,107194810,Phoenix Wright: Ace Attorney Trilogy,128,-17.9,0.005,https://twitchtracker.com/games/107194810
0,5804,Silent Hill 4: The Room,127,60.8,0.005,https://twitchtracker.com/games/5804
0,7100,Gothic 3,127,23.3,0.005,https://twitchtracker.com/games/7100
0,8483,Fatal Frame II: Crimson Butterfly,127,14.4,0.005,https://twitchtracker.com/games/8483
0,9954,EverQuest,127,18.7,0.005,https://twitchtracker.com/games/9954
0,11282,FINAL FANTASY VIII,127,-11.8,0.005,https://twitchtracker.com/games/11282
0,19714,Entropia Universe,127,56.8,0.005,https://twitchtracker.com/games/19714
0,493887283,Casino,127,9.5,0.005,https://twitchtracker.com/games/493887283
0,1762897918,Befriended Curse,127,-77.2,0.005,https://twitchtracker.com/games/1762897918
0,417749,Tabletop Simulator,126,37.0,0.005,https://twitchtracker.com/games/417749
0,474808523,Ignited Entry,126,800.0,0.005,https://twitchtracker.com/games/474808523
0,1147745783,Inscryption,126,-27.2,0.005,https://twitchtracker.com/games/1147745783
0,10389,Castlevania: Dawn of Sorrow,125,363.0,0.005,https://twitchtracker.com/games/10389
0,503986,Heroes of Hammerwatch,125,400.0,0.005,https://twitchtracker.com/games/503986
0,787116983,Kanji de GO!,125,942.0,0.005,https://twitchtracker.com/games/787116983
0,1366210635,Ranch Simulator,125,191.0,0.005,https://twitchtracker.com/games/1366210635
0,1414211237,House Flipper 2,125,116.0,0.005,https://twitchtracker.com/games/1414211237
0,12694,Terranigma,124,288.0,0.005,https://twitchtracker.com/games/12694
0,491327,The Legend of Zelda: Twilight Princess HD,124,121.0,0.005,https://twitchtracker.com/games/491327
0,495764,Golf It!,124,377.0,0.005,https://twitchtracker.com/games/495764
0,1411398523,Vampire: The Masquerade - Bloodhunt,124,25.3,0.005,https://twitchtracker.com/games/1411398523
0,2124007713,PICO PARK 2,124,0.8,0.005,https://twitchtracker.com/games/2124007713
0,4012,Command & Conquer,123,459.0,0.005,https://twitchtracker.com/games/4012
0,10033,Banjo-Kazooie,123,-3.1,0.005,https://twitchtracker.com/games/10033
0,488479,Squad,123,-14.0,0.005,https://twitchtracker.com/games/488479
0,509998,Rat Hunter,123,0.0,0.005,https://twitchtracker.com/games/509998
0,515381,Necesse,123,18.3,0.005,https://twitchtracker.com/games/515381
0,1747174592,Rounds,123,356.0,0.005,https://twitchtracker.com/games/1747174592
0,6086,Super Mario Sunshine,122,40.2,0.005,https://twitchtracker.com/games/6086
0,17777,Phoenix Wright: Ace Attorney,122,213.0,0.005,https://twitchtracker.com/games/17777
0,65950,Beyond: Two Souls,122,71.8,0.005,https://twitchtracker.com/games/65950
0,357223907,Kebab Chefs!: Restaurant Simulator,122,481.0,0.005,https://twitchtracker.com/games/357223907
0,757121053,Yi Xian: The Cultivation Card Game,122,542.0,0.005,https://twitchtracker.com/games/757121053
0,1280007947,Limbus Company,122,336.0,0.005,https://twitchtracker.com/games/1280007947
0,1294292190,Ruined Nurse,122,408.0,0.005,https://twitchtracker.com/games/1294292190
0,3951,RF Online,121,-3.2,0.005,https://twitchtracker.com/games/3951
0,32542,Persona 4 Golden,121,2.5,0.005,https://twitchtracker.com/games/32542
0,313331,DCS World,121,2.5,0.005,https://twitchtracker.com/games/313331
0,494552,The Last of Us Part II,121,-13.6,0.005,https://twitchtracker.com/games/494552
0,22643600,Peepo Island,121,15.2,0.005,https://twitchtracker.com/games/22643600
0,1292354152,Poppy Playtime: Chapter 2 - Fly in a Web,121,137.0,0.005,https://twitchtracker.com/games/1292354152
0,1538476028,Road 96,121,16.3,0.005,https://twitchtracker.com/games/1538476028
0,461410,Hellblade: Senua's Sacrifice,120,471.0,0.005,https://twitchtracker.com/games/461410
0,492113,Crossout,120,36.4,0.005,https://twitchtracker.com/games/492113
0,235198385,Nunholy,120,-77.2,0.005,https://twitchtracker.com/games/235198385
0,1407096487,Star Wars Jedi: Survivor,120,-7.7,0.005,https://twitchtracker.com/games/1407096487
0,22851,Battlefield: Bad Company 2,119,5800.0,0.005,https://twitchtracker.com/games/22851
0,489594,Agar.io,118,73.5,0.005,https://twitchtracker.com/games/489594
0,95998382,Blue Archive,118,168.0,0.005,https://twitchtracker.com/games/95998382
0,1500238812,King of the Castle,118,28.3,0.005,https://twitchtracker.com/games/1500238812
0,19180,FINAL FANTASY XV,117,125.0,0.005,https://twitchtracker.com/games/19180
0,494003,MU Legend,117,42.7,0.005,https://twitchtracker.com/games/494003
0,483277575,PokéRogue,117,85.7,0.005,https://twitchtracker.com/games/483277575
0,995317369,Rock Star Life Simulator,117,1100.0,0.005,https://twitchtracker.com/games/995317369
0,497410,Metro Exodus,116,-71.0,0.005,https://twitchtracker.com/games/497410
0,1488315469,Finnish Cottage Simulator,116,-1.7,0.005,https://twitchtracker.com/games/1488315469
0,1703278625,Dollmare,116,-35.6,0.005,https://twitchtracker.com/games/1703278625
0,1735523241,Resident Evil 4,116,-52.3,0.005,https://twitchtracker.com/games/1735523241
0,491115,Paladins,115,0.0,0.005,https://twitchtracker.com/games/491115
0,497581,Dream Daddy: A Dad Dating Simulator,115,423.0,0.005,https://twitchtracker.com/games/497581
0,508322,Clue/Cluedo: The Classic Mystery Game,115,505.0,0.005,https://twitchtracker.com/games/508322
0,91423,Dark Souls II,114,-39.7,0.005,https://twitchtracker.com/games/91423
0,517282,Mortal Online 2,114,-3.4,0.005,https://twitchtracker.com/games/517282
0,547501449,Frostpunk 2,114,-56.3,0.005,https://twitchtracker.com/games/547501449
0,1418594934,Placid Plastic Duck Simulator,114,-5.8,0.005,https://twitchtracker.com/games/1418594934
0,1768423951,Victoria 3,114,-44.1,0.005,https://twitchtracker.com/games/1768423951
0,5416,Futurama,113,-18.7,0.005,https://twitchtracker.com/games/5416
0,6263,Sonic Adventure 2: Battle,113,-1.7,0.005,https://twitchtracker.com/games/6263
0,16471,Clock Tower 3,113,126.0,0.005,https://twitchtracker.com/games/16471
0,413569,The Lord of the Rings Online,113,-22.6,0.005,https://twitchtracker.com/games/413569
0,458808,Pure Pool,113,-82.4,0.005,https://twitchtracker.com/games/458808
0,630247033,Symphonia,113,-29.4,0.005,https://twitchtracker.com/games/630247033
0,1549167076,S.T.A.L.K.E.R.: Anomaly,113,31.4,0.005,https://twitchtracker.com/games/1549167076
0,7193,Microsoft Flight Simulator,112,-55.4,0.005,https://twitchtracker.com/games/7193
0,502825,We Were Here Too,112,273.0,0.005,https://twitchtracker.com/games/502825
0,2036595201,Limoria,112,-60.6,0.005,https://twitchtracker.com/games/2036595201
0,18703,God of War III,111,484.0,0.004,https://twitchtracker.com/games/18703
0,494131,Little Nightmares,111,8.8,0.004,https://twitchtracker.com/games/494131
0,513753,THE KING OF FIGHTERS XV,111,70.8,0.004,https://twitchtracker.com/games/513753
0,1255642391,Perfect Heist 2,111,-83.0,0.004,https://twitchtracker.com/games/1255642391
0,7830,Age of Empires III,110,31.0,0.004,https://twitchtracker.com/games/7830
0,15104,Mega Man 6,110,817.0,0.004,https://twitchtracker.com/games/15104
0,18181,FINAL FANTASY TACTICS,110,-5.2,0.004,https://twitchtracker.com/games/18181
0,490702,Yakuza Kiwami,110,168.0,0.004,https://twitchtracker.com/games/490702
0,511195,DRAGON BALL Z: KAKAROT,110,150.0,0.004,https://twitchtracker.com/games/511195
0,485100017,Tiny Glade,110,96.4,0.004,https://twitchtracker.com/games/485100017
0,540398184,Mint's Hints,110,42.9,0.004,https://twitchtracker.com/games/540398184
0,1380927042,Grunn,110,-62.2,0.004,https://twitchtracker.com/games/1380927042
0,1960341762,Coral Island,110,-1.8,0.004,https://twitchtracker.com/games/1960341762
0,1757,Heroes of Might and Magic V,109,17.2,0.004,https://twitchtracker.com/games/1757
0,5360,Resident Evil,109,-9.9,0.004,https://twitchtracker.com/games/5360
0,14543,Pokémon Crystal Version,109,0.0,0.004,https://twitchtracker.com/games/14543
0,17794,Shadow the Hedgehog,109,627.0,0.004,https://twitchtracker.com/games/17794
0,369588,Mario Kart 8,109,304.0,0.004,https://twitchtracker.com/games/369588
0,20810,Assassin's Creed II,108,248.0,0.004,https://twitchtracker.com/games/20810
0,33331,XCOM: Enemy Unknown,108,-54.6,0.004,https://twitchtracker.com/games/33331
0,417892,Z1: Battle Royale,108,6.9,0.004,https://twitchtracker.com/games/417892
0,491180,Twitch Plays,108,-6.9,0.004,https://twitchtracker.com/games/491180
0,494494,Heartbound,108,3500.0,0.004,https://twitchtracker.com/games/494494
0,510530,Star Trek Fleet Command,108,-9.2,0.004,https://twitchtracker.com/games/510530
0,512034,Stellar Blade,108,-27.0,0.004,https://twitchtracker.com/games/512034
0,269774996,Slots Casino Game,108,-59.1,0.004,https://twitchtracker.com/games/269774996
0,468880140,PGA TOUR 2K23,108,-18.2,0.004,https://twitchtracker.com/games/468880140
0,1197799167,Cryptmaster,108,414.0,0.004,https://twitchtracker.com/games/1197799167
0,1431587018,The Roottrees Are Dead,108,-36.1,0.004,https://twitchtracker.com/games/1431587018
0,1503497616,Odd Remedy,108,-67.1,0.004,https://twitchtracker.com/games/1503497616
0,17447,Disciples II: Rise of the Elves,107,-30.5,0.004,https://twitchtracker.com/games/17447
0,18094,CowHunter,107,-49.8,0.004,https://twitchtracker.com/games/18094
0,510590,Hades,107,-7.8,0.004,https://twitchtracker.com/games/510590
0,418591187,Godlike Burger,107,2000.0,0.004,https://twitchtracker.com/games/418591187
0,780037970,Star Wars Outlaws,107,-4.5,0.004,https://twitchtracker.com/games/780037970
0,1533283364,Enjoy the Diner,107,873.0,0.004,https://twitchtracker.com/games/1533283364
0,1584758405,Xenoblade Chronicles 3,107,55.1,0.004,https://twitchtracker.com/games/1584758405
0,207,Yu-Gi-Oh! Forbidden Memories,106,20.5,0.004,https://twitchtracker.com/games/207
0,498000,House Flipper,106,12.8,0.004,https://twitchtracker.com/games/498000
0,1628434805,EA Sports UFC 5,106,-21.5,0.004,https://twitchtracker.com/games/1628434805
0,1924903984,Need for speed: Mobile,106,-45.4,0.004,https://twitchtracker.com/games/1924903984
0,1995842324,Remnant II,106,-19.1,0.004,https://twitchtracker.com/games/1995842324
0,2018903128,Fear & Hunger 2: Termina,106,-35.8,0.004,https://twitchtracker.com/games/2018903128
0,4267,Mario Party 4,105,144.0,0.004,https://twitchtracker.com/games/4267
0,6733,Parasite Eve II,105,156.0,0.004,https://twitchtracker.com/games/6733
0,66122,Plague Inc.,105,950.0,0.004,https://twitchtracker.com/games/66122
0,494162,NieR: Automata,105,-21.6,0.004,https://twitchtracker.com/games/494162
0,1639504976,Squirrel with a Gun,105,31.3,0.004,https://twitchtracker.com/games/1639504976
0,2144798400,The Scouring,105,90.9,0.004,https://twitchtracker.com/games/2144798400
0,1274672891,Spirit City: Lofi Sessions,104,-14.0,0.004,https://twitchtracker.com/games/1274672891
0,1407473558,IMMORTAL: Gates of Pyre,104,6.1,0.004,https://twitchtracker.com/games/1407473558
0,2106425216,Gray Zone Warfare,104,11.8,0.004,https://twitchtracker.com/games/2106425216
0,4672,The Legend of Heroes: Trails in the Sky,103,-18.3,0.004,https://twitchtracker.com/games/4672
0,23239,Plants vs. Zombies,103,2.0,0.004,https://twitchtracker.com/games/23239
0,33318,Melty Blood Actress Again Current Code,103,636.0,0.004,https://twitchtracker.com/games/33318
0,495002,Are You Smarter Than a 5th Grader,103,-85.4,0.004,https://twitchtracker.com/games/495002
0,513553,Sky: Children of the Light,103,-21.4,0.004,https://twitchtracker.com/games/513553
0,330711685,Unaccessible,103,3300.0,0.004,https://twitchtracker.com/games/330711685
0,565407844,Diplomacy is Not an Option,103,329.0,0.004,https://twitchtracker.com/games/565407844
0,23894,Call of Duty: Black Ops,102,-3.8,0.004,https://twitchtracker.com/games/23894
0,533344586,Solo Leveling: Arise,102,-20.9,0.004,https://twitchtracker.com/games/533344586
0,760781863,Who Wants to Be a Millionaire,102,1000.0,0.004,https://twitchtracker.com/games/760781863
0,1678052513,Call of Duty: Modern Warfare II,102,21.4,0.004,https://twitchtracker.com/games/1678052513
0,2081936034,Turbo Dismount 2,102,0.0,0.004,https://twitchtracker.com/games/2081936034
0,14373,Final Fantasy: Crystal Chronicles,101,742.0,0.004,https://twitchtracker.com/games/14373
0,370378,City Car Driving,101,-96.4,0.004,https://twitchtracker.com/games/370378
